IMG_FNAME;IDX_POLY;ID_POLY;SATELITE;BEAM_MODE;RESULT_BASENAME;COMPOSITE_BASENAME;TARGET_TILE_WIDTH;TARGET_TILE_HEIGHT;CLIPPED_WIDTH;CLIPPED_HEIGHT;GRID_COLS;GRID_ROWS;COMPOSITE_WIDTH;COMPOSITE_HEIGHT;PAD_LEFT;PAD_RIGHT;PAD_TOP;PAD_BOTTOM;IS_COMPOSITE;PANEL_INDEX;PANEL_ROW;PANEL_COL;PANEL_COUNT;POLYS_IN_PANEL;POLYS_IN_GROUP;CENTR_KM_LAT;CENTR_KM_LON;UTM_ZONE;AREA_KM2;PERIM_KM;COMPLEX_MEAS;SPREAD;SHP_FACT;HU_MOM1;HU_MOM2;HU_MOM3;HU_MOM4;HU_MOM5;HU_MOM6;HU_MOM7;CIRCULARITY;PERI_AREA_RATIO;FG_STD;FG_VAR;FG_MIN;FG_MAX;FG_MEAN;FG_MEDIAN;FG_VAR_COEF;BG_STD;BG_VAR;BG_MIN;BG_MAX;BG_MEAN;BG_MEDIAN;BG_VAR_COEF;FG_DARK_INTENS;FG_BG_KS_STAT;FG_BG_KS_RES;FG_BG_MW_STAT;FG_BG_MW_RES;FG_BG_RAT_ARI;FG_BG_RAT_QUA;AREA_KM_DS;PERIM_KM_DS;CLASSE
01 S1A_IW_GRDH_1SDV_20200117T001541_NR_Orb_Cal_TC.tif;0;OS03000GXS1;SENTINEL-1;IW;IMG_01_WIN_001;IMG_01_WIN_001;800;600;800;600;1;1;800;600;0;0;0;0;0;1;1;1;2;1;1;19.378354518621073;-92.03514190820677;15Q;1.3408266240441802;29.890669524289763;666.3442600173679;1.3618420730654393;53.02599139133764;2.789984914943119;6.021730151320097;8.619279173703035;8.640628060812503;17.270753508929175;11.654389708469756;18.82149416518056;0.01885867616542782;22.29271778191128;2.9901980951674814;8.941284648343235;-42.60891;-14.511311;-21.022541270285394;-20.677155;-0.14223770840654829;2.6724709020304447;7.142100722199419;-48.533997;6.0253806;-16.96172347079402;-16.850065;-0.15755892416428716;4.060817799491375;0.56425416;DIFF;5.808112e+07;DIFF;0.80683506;0.80864924;1.34082662404;29.8906695243;SEEPAGE SLICK
01 S1A_IW_GRDH_1SDV_20200117T001541_NR_Orb_Cal_TC.tif;1;SP00100GXS1;SENTINEL-1;IW;IMG_01_WIN_002;IMG_01_WIN_002;800;600;800;600;1;1;800;600;0;0;0;0;0;2;1;1;2;1;1;19.295759963650884;-92.20346495316124;15Q;0.09457973672169068;2.717161303613173;78.06075387562005;0.9191274374272502;6.211877420392379;2.751366107069917;5.644126242352653;9.806323126499;10.748793069363439;-21.02834753771804;-13.573147017248653;22.04560518203797;0.16098192741492218;28.728789038699304;2.691401736142171;7.243643305309094;-32.868332;-14.123;-20.037630595858136;-19.591951;-0.13431736468375136;4.589970487801114;21.067829078885197;-34.86163;9.572723;-16.194960694875775;-16.548512;-0.2834196744456083;3.8426699009823615;0.5474465;DIFF;133529.0;DIFF;0.8082274;0.8325847;0.0945797367217;2.71716130361;OIL SPILL
02 S1A_IW_GRDH_1SDV_20200210T001540_NR_Orb_Cal_TC.tif;0;OS03001GXS1;SENTINEL-1;IW;IMG_02_WIN_006;IMG_02_WIN_006;800;600;800;600;1;1;800;600;0;0;0;0;0;6;1;1;9;2;2;19.408238947841863;-92.09811868995673;15Q;11.725072387852121;138.68753857842475;1640.4362140117678;0.5258813751313831;130.54176614346358;1.8319745550639566;4.016107035472987;5.849382671701325;6.345339049160085;12.445711721471875;8.643678987267128;-13.373167311699195;0.007660383565678237;11.828288473691076;4.137660955643312;17.12023818385513;-59.193592;-14.153567;-23.883393314139475;-23.236519;-0.17324426647505442;3.0051245141177407;9.030773345351387;-64.78499;21.963774;-18.30272076078825;-18.097305;-0.16419004329432374;5.580672553351224;0.6102693;DIFF;1.3555147e+10;DIFF;0.7663367;0.76519924;11.7250723879;138.687538578;SEEPAGE SLICK
02 S1A_IW_GRDH_1SDV_20200210T001540_NR_Orb_Cal_TC.tif;1;OS03002GXS1;SENTINEL-1;IW;IMG_02_WIN_003;IMG_02_WIN_003;800;600;800;600;1;1;800;600;0;0;0;0;0;3;1;1;9;1;1;19.54447328230484;-92.8980755424068;15Q;0.12065092166218506;3.878978478448782;124.71080891033722;1.6748340359873142;9.924170847534478;2.625549778727128;5.340055571141625;8.74469025571676;9.354083633991191;18.542564336076314;12.612446226087147;-18.566041050406334;0.10076408552039752;32.15042558323488;2.9870468356059443;8.922448798103487;-37.145393;-12.624613;-18.037004743303573;-17.578411;-0.1656065892378787;2.351202829152883;5.528154743816521;-28.75362;-9.04403;-14.744730864537445;-14.533087;-0.1594605456521259;3.292273878766128;0.51568663;DIFF;301045.0;DIFF;0.81747127;0.816676;0.120650921662;3.87897847845;SEEPAGE SLICK
02 S1A_IW_GRDH_1SDV_20200210T001540_NR_Orb_Cal_TC.tif;2;OS03003GXS1;SENTINEL-1;IW;IMG_02_WIN_009;IMG_02_WIN_009;800;600;800;600;1;1;800;600;0;0;0;0;0;9;1;1;9;1;1;19.283619499530186;-92.98353218604805;15Q;0.09607133466250674;2.8242629997456343;83.02644612727694;1.0530450339282063;6.607034654254537;2.9925967554761392;6.409999246950998;10.460116170539463;10.550643277119496;21.057574537744646;13.909121332241607;22.1297944254498;0.1513538300205614;29.39756181869559;3.0105582628432925;9.063461053974024;-31.11876;-13.364735;-18.67506980895996;-18.366405;-0.1612073364994267;2.4596452521005316;6.0498547661806885;-24.557064;-9.15802;-15.007524449190647;-14.829378;-0.16389413593347035;3.6675453597693135;0.5466783;DIFF;119325.5;DIFF;0.8036127;0.8039547;0.0960713346626;2.82426299975;SEEPAGE SLICK
02 S1A_IW_GRDH_1SDV_20200210T001540_NR_Orb_Cal_TC.tif;3;SP00101GXS1;SENTINEL-1;IW;IMG_02_WIN_007;IMG_02_WIN_007;800;600;800;600;1;1;800;600;0;0;0;0;0;7;1;1;9;7;7;19.394136501783272;-92.04909251351864;15Q;0.6815985680057243;9.492618641207917;132.2036355373494;0.645822402590602;10.520431045244258;2.9194282742774282;6.233288840911827;10.74425477157842;10.027899287653742;-20.604116100810295;13.159266685745312;-20.53099352165907;0.09505313952435894;13.926993228554135;3.8110960212840084;14.5244528834468;-41.48661;-15.4482765;-23.687506449504678;-23.209457;-0.16089055339819025;4.103902331411066;16.842014345761186;-39.408707;7.2303786;-17.787257090336134;-18.122501;-0.23072148283282687;5.900249359168544;0.61439896;DIFF;4.025132e+06;DIFF;0.7509131;0.7608556;0.681598568006;9.49261864122;OIL SPILL
02 S1A_IW_GRDH_1SDV_20200210T001540_NR_Orb_Cal_TC.tif;4;SP00102GXS1;SENTINEL-1;IW;IMG_02_WIN_007;IMG_02_WIN_007;800;600;800;600;1;1;800;600;0;0;0;0;0;7;1;1;9;7;7;19.34728609391036;-92.05198983656707;15Q;0.06528965537083373;1.5818752868015442;38.32658341938976;0.7070335916038974;3.0499326015098784;2.9291981522730746;6.074080161281883;10.224567356187961;10.939738384244464;21.967172160310348;-14.587227025035267;21.55179703315893;0.32787609782096394;24.228574615944463;3.1492893716394836;9.918023546321415;-35.13867;-16.601385;-22.441741592582616;-21.750755;-0.1403317723202186;2.4563513530906538;6.033661969830286;-30.026588;-13.110279;-18.7923778589221;-18.425838;-0.13070998101096856;3.6493637336605147;0.5492254;DIFF;40316.0;DIFF;0.83738506;0.8363136;0.0652896553708;1.5818752868;OIL SPILL
02 S1A_IW_GRDH_1SDV_20200210T001540_NR_Orb_Cal_TC.tif;5;SP00103GXS1;SENTINEL-1;IW;IMG_02_WIN_007;IMG_02_WIN_007;800;600;800;600;1;1;800;600;0;0;0;0;0;7;1;1;9;7;7;19.36411511888792;-92.00920344388186;15Q;0.1508298680663965;3.6765073090802156;89.6155792417062;0.6217622650800123;7.131381207180493;2.854497523143132;6.127770737292662;9.733505968770126;10.147482651970138;20.09694594930197;-13.692442391109946;-20.784451482001465;0.1402252902976373;24.375194092603646;3.9699364908778585;15.760395741603604;-56.399128;-16.049742;-22.966551519745025;-22.217834;-0.1728573176284122;2.773732774392551;7.693593503739398;-32.023018;-7.5110717;-19.037904038761706;-18.860296;-0.14569528078012964;3.9286474809833187;0.5003158;DIFF;317830.0;DIFF;0.8289404;0.82545084;0.150829868066;3.67650730908;OIL SPILL
02 S1A_IW_GRDH_1SDV_20200210T001540_NR_Orb_Cal_TC.tif;6;SP00104GXS1;SENTINEL-1;IW;IMG_02_WIN_007;IMG_02_WIN_007;800;600;800;600;1;1;800;600;0;0;0;0;0;7;1;1;9;7;7;19.361711997081365;-92.0371409455546;15Q;0.05853093109529504;1.4685794396327103;36.84762108090387;0.5506076951849187;2.9322405181014894;3.0679182604793893;6.683318538745831;9.734455756650156;10.101057489595913;20.021164235841912;13.442949337230754;21.002819964540794;0.34103614414531747;25.09065569522028;3.9892618900246215;15.914210427202814;-41.46165;-16.473295;-23.6737545698117;-22.869602;-0.1685098947131795;2.5709847395414727;6.6099625309551335;-36.318104;-14.688933;-19.19719944230045;-18.90723;-0.13392498980223047;4.476555127511247;0.6322212;DIFF;22505.0;DIFF;0.8109064;0.80677205;0.0585309310952;1.46857943963;OIL SPILL
02 S1A_IW_GRDH_1SDV_20200210T001540_NR_Orb_Cal_TC.tif;7;SP00105GXS1;SENTINEL-1;IW;IMG_02_WIN_007;IMG_02_WIN_007;800;600;800;600;1;1;800;600;0;0;0;0;0;7;1;1;9;7;7;19.337615266544102;-92.01420861422702;15Q;0.11257717481113018;4.766008738996285;201.77126791729725;0.746759034454011;16.05644733147851;1.8119726520465016;3.6437670553330124;6.5865768894746015;6.591068033019498;13.179891824502942;8.418161038779436;-15.786303904490792;0.062280277782215857;42.335480056167505;3.019659147285705;9.11834136578623;-42.377167;-16.158096;-21.857340494791668;-21.390491;-0.13815309085774877;2.565924985115686;6.5839710292409315;-42.025623;-11.625054;-18.991567747539086;-18.761679;-0.1351086450168484;2.8657727472525814;0.44312486;DIFF;1.223136e+06;DIFF;0.8688874;0.8685327;0.112577174811;4.76600873899;OIL SPILL
02 S1A_IW_GRDH_1SDV_20200210T001540_NR_Orb_Cal_TC.tif;8;SP00106GXS1;SENTINEL-1;IW;IMG_02_WIN_008;IMG_02_WIN_008;800;600;800;600;1;1;800;600;0;0;0;0;0;8;1;1;9;3;3;19.296416075087706;-92.19723245192002;15Q;8.470879214592985;44.31324455211464;231.81343907639098;0.46558726184866495;18.447127352069778;2.6846489592374114;5.521581475734512;8.428398465802381;9.007806971183502;17.900285238492184;12.640863585335918;-17.854928338114163;0.05420898229380953;5.231245001790978;4.384390257400139;19.222877929185263;-63.378796;-14.517583;-25.20881424457244;-24.8742;-0.17392290707779387;3.3379831037773324;11.142131201102954;-51.67675;16.524923;-17.97129139490185;-17.7738;-0.1857397462668855;7.23752284967059;0.7223162;DIFF;1.3374012e+09;DIFF;0.7128972;0.71436614;8.47087921459;44.3132445521;OIL SPILL
02 S1A_IW_GRDH_1SDV_20200210T001540_NR_Orb_Cal_TC.tif;9;SP00107GXS1;SENTINEL-1;IW;IMG_02_WIN_008;IMG_02_WIN_008;800;600;800;600;1;1;800;600;0;0;0;0;0;8;1;1;9;3;3;19.26076912101369;-92.21578622037246;15Q;0.02852989476668061;1.6638120112781667;97.03051593819742;0.19108411862574726;7.721443121160528;1.759694893148337;3.5433748238692835;5.123821961466872;5.167563799857237;10.31329274024144;6.951540209797828;-12.203140679926348;0.12950946918970513;58.31819657537936;3.1975560117405855;10.224364448218358;-36.07739;-17.689594;-22.306793212890625;-21.863224;-0.14334449516001185;3.0364740921671194;9.220174912402133;-38.23507;-11.586094;-18.626385356104652;-18.17804;-0.1630200403414256;3.6804078567859726;0.5759311;DIFF;76357.0;DIFF;0.83500946;0.8374719;0.0285298947667;1.66381201127;OIL SPILL
02 S1A_IW_GRDH_1SDV_20200210T001540_NR_Orb_Cal_TC.tif;10;SP00108GXS1;SENTINEL-1;IW;IMG_02_WIN_008;IMG_02_WIN_008;800;600;800;600;1;1;800;600;0;0;0;0;0;8;1;1;9;3;3;19.236584365804934;-92.27087561950259;15Q;0.15055085029024207;5.027530077840382;167.8905076581157;0.5871917189956622;13.36030209599841;2.617524428705128;5.723960371305177;8.303021085222369;8.2396587634858;16.577540502928958;11.338898990128786;-16.800250477451666;0.07484860692629948;33.394232368319216;3.472164714403179;12.05592780394651;-38.626385;-16.35598;-22.346044069513717;-21.7748;-0.15538162833663197;2.965424476419914;8.793742325350319;-38.159237;-11.993228;-18.500265923156267;-18.123068;-0.16029091088405248;3.84577814635745;0.4997627;DIFF;636351.0;DIFF;0.82789886;0.82852507;0.15055085029;5.02753007785;OIL SPILL
02 S1A_IW_GRDH_1SDV_20200210T001540_NR_Orb_Cal_TC.tif;11;SP00109GXS1;SENTINEL-1;IW;IMG_02_WIN_005;IMG_02_WIN_005;800;600;800;600;1;1;800;600;0;0;0;0;0;5;1;1;9;1;1;19.491499479165267;-92.36605870313598;15Q;1.104314780585973;27.805573055753758;700.1173094401667;0.14810462780898706;55.713565270800295;1.991164716897737;3.9915143188379703;7.6630428383379625;8.57683718759693;-16.870995256781697;-10.693456190780005;16.8259237375723;0.017948950047253644;25.179028248629912;3.252442263979851;10.578380680522379;-48.486694;-13.432518;-21.334516081126953;-20.857737;-0.15244977910968616;2.704686742083773;7.315330372803734;-50.49299;-10.651952;-17.95962766139522;-17.614185;-0.15059815231568421;3.3748884197317324;0.4639319;DIFF;6.944208e+07;DIFF;0.8418109;0.8415801;1.10431478059;27.8055730558;OIL SPILL
02 S1A_IW_GRDH_1SDV_20200210T001540_NR_Orb_Cal_TC.tif;12;SP00110GXS1;SENTINEL-1;IW;IMG_02_WIN_002;IMG_02_WIN_002;800;600;800;600;1;1;800;600;0;0;0;0;0;2;1;1;9;7;7;19.522481529084782;-92.19281844516972;15Q;0.13905356566422183;3.1761548816965304;72.54729344290601;1.139387844097187;5.773130179688369;2.7600955769445408;5.802815581902468;8.326805911191695;8.571234986232309;17.036065791903166;11.475650339048979;17.597018971425364;0.1732162568442168;22.841232920025348;4.244879592264469;18.019002752823358;-41.218925;-16.88415;-23.864407850404312;-22.892614;-0.17787491811545417;3.059130890647099;9.358281806111313;-40.714184;0.48222354;-18.154086763330216;-17.913546;-0.16850921395981733;5.710321087074096;0.6116581;DIFF;353561.0;DIFF;0.7607181;0.75952107;0.139053565664;3.1761548817;OIL SPILL
02 S1A_IW_GRDH_1SDV_20200210T001540_NR_Orb_Cal_TC.tif;13;SP00111GXS1;SENTINEL-1;IW;IMG_02_WIN_002;IMG_02_WIN_002;800;600;800;600;1;1;800;600;0;0;0;0;0;2;1;1;9;7;7;19.55757797818057;-92.19590875340836;15Q;0.24057497935197908;7.191283330239431;214.96232099896505;0.5810453542371989;17.106157982746012;2.2855301766992517;4.623094082063453;7.660510860953506;7.905975926625857;15.695859590031107;10.32525978774131;16.44981529570046;0.05845848033255872;29.892066704568013;3.7404266099665233;13.990791224545658;-66.00681;-15.26949;-22.315554419781932;-21.730587;-0.16761522208252957;2.841241572711962;8.072653674506743;-41.79777;-11.373428;-18.784120088751497;-18.484898;-0.1512576346023993;3.531434331030436;0.49800617;DIFF;2.617759e+06;DIFF;0.84175014;0.839612;0.240574979352;7.19128333024;OIL SPILL
02 S1A_IW_GRDH_1SDV_20200210T001540_NR_Orb_Cal_TC.tif;14;SP00112GXS1;SENTINEL-1;IW;IMG_02_WIN_002;IMG_02_WIN_002;800;600;800;600;1;1;800;600;0;0;0;0;0;2;1;1;9;7;7;19.559995699263784;-92.28492976310727;15Q;0.17611293611584708;6.106703949536257;211.7495395270178;0.2052999675037524;16.85049295657878;2.4040206898747525;4.9086953759018614;7.668145175286765;7.691429227315102;15.371366342008466;10.146311966372895;16.951748322799524;0.059345444823296956;34.67493123571154;3.6693925906384846;13.464441984232609;-41.83647;-16.021345;-22.686143201462766;-22.063206;-0.16174598555835124;3.1587019690657225;9.977398129379672;-40.942417;-11.120198;-19.311202162129117;-18.875422;-0.16356837562708557;3.374941039333649;0.45920956;DIFF;1.132691e+06;DIFF;0.8512333;0.8514792;0.176112936116;6.10670394953;OIL SPILL
02 S1A_IW_GRDH_1SDV_20200210T001540_NR_Orb_Cal_TC.tif;15;SP00113GXS1;SENTINEL-1;IW;IMG_02_WIN_002;IMG_02_WIN_002;800;600;800;600;1;1;800;600;0;0;0;0;0;2;1;1;9;7;7;19.567750030125815;-92.2499054753053;15Q;0.3091240492534988;8.547487994085571;236.34379526752417;0.3719188815796598;18.80764164296269;2.5763206974458273;5.30768809225766;8.037037385949228;8.343285293142017;16.541509940540585;11.077096338938485;-17.252586348362723;0.05316987738195092;27.65067297328316;3.3986852219848807;11.551061238138416;-40.51443;-15.118857;-22.700350378787878;-22.18853;-0.14971950499762987;3.633842185381476;13.20480902825802;-43.781693;11.800525;-18.430506147840045;-18.29;-0.1971645355929274;4.269844230947832;0.53087723;DIFF;2.358452e+06;DIFF;0.811904;0.8184125;0.309124049253;8.54748799409;OIL SPILL
02 S1A_IW_GRDH_1SDV_20200210T001540_NR_Orb_Cal_TC.tif;16;SP00114GXS1;SENTINEL-1;IW;IMG_02_WIN_002;IMG_02_WIN_002;800;600;800;600;1;1;800;600;0;0;0;0;0;2;1;1;9;7;7;19.524377031656336;-92.18212390907757;15Q;0.03335764377961964;1.122240576819128;37.75518200805277;0.9914945720929528;3.004461921957895;2.906391428100157;5.962269000212754;10.327414370809244;10.808736698823726;21.40295035679641;13.887653376771185;21.84949017477378;0.33283830049286744;33.64268124671257;4.641949680552472;21.547696836781192;-56.22327;-17.1867;-22.816828695575843;-21.705347;-0.20344412198933415;2.4927629648204097;6.213867198780239;-26.240381;-13.555725;-18.601190630173843;-18.496355;-0.13401093587938318;4.2156380654020005;0.5651462;DIFF;11414.0;DIFF;0.81524014;0.80601674;0.0333576437796;1.12224057682;OIL SPILL
02 S1A_IW_GRDH_1SDV_20200210T001540_NR_Orb_Cal_TC.tif;17;SP00115GXS1;SENTINEL-1;IW;IMG_02_WIN_002;IMG_02_WIN_002;800;600;800;600;1;1;800;600;0;0;0;0;0;2;1;1;9;7;7;19.58881812995478;-92.22015885776236;15Q;0.41286722798352155;12.02845844636966;350.43666047966457;0.24304650848218326;27.88686337797743;1.9784179948454876;3.97261844386446;6.87219844517791;6.938494952016297;13.84393084579315;8.962449155530834;15.537092711974177;0.035859178081308035;29.13396276356849;3.343838565780163;11.181256353998737;-43.482307;-15.635404;-22.364472266333937;-21.855637;-0.14951564812078155;3.1041542443100396;9.635773572468032;-53.64752;13.52998;-18.77563772094269;-18.473078;-0.16532883145948268;3.588834545391247;0.47408414;DIFF;8.31442e+06;DIFF;0.83952975;0.84157145;0.412867227983;12.0284584464;OIL SPILL
02 S1A_IW_GRDH_1SDV_20200210T001540_NR_Orb_Cal_TC.tif;18;SP00116GXS1;SENTINEL-1;IW;IMG_02_WIN_002;IMG_02_WIN_002;800;600;800;600;1;1;800;600;0;0;0;0;0;2;1;1;9;7;7;19.58919385033845;-92.25800509311271;15Q;0.14985842028174706;6.25898355405206;261.4125723215414;0.41436508344345674;20.80255153567045;1.4970677949100226;3.020894081825958;5.0936234061605745;5.128264040143812;10.239208818563956;6.6525419949828;-12.89590407477741;0.04807102620490015;41.765978463436475;3.4931224534460403;12.201904474768883;-37.15291;-15.819219;-22.39144775390625;-21.704216;-0.15600252792214633;2.894386475912319;8.37747307194413;-46.721924;-10.344849;-18.198872647494184;-17.842394;-0.15904207540629442;4.192575106412065;0.54536635;DIFF;3.19088e+06;DIFF;0.81276006;0.8131398;0.149858420282;6.25898355404;OIL SPILL
02 S1A_IW_GRDH_1SDV_20200210T001540_NR_Orb_Cal_TC.tif;19;SP00117GXS1;SENTINEL-1;IW;IMG_02_WIN_001;IMG_02_WIN_001;800;600;800;600;1;1;800;600;0;0;0;0;0;1;1;1;9;3;3;19.60783301390306;-92.33902120091804;15Q;0.0820356605585747;1.7414874670553881;36.969027582164;1.1017520548739919;2.941901740501011;3.0804882019612903;7.458154270501918;9.66308491275406;10.048935990491625;19.90919582946026;13.824778898236689;-20.76128166860539;0.33991617946753666;21.228420118735315;3.578994537665677;12.809201900640755;-35.802532;-17.491055;-23.972718678652967;-23.836588;-0.14929447867974488;3.204770342803136;10.27055295011053;-42.010864;-5.593201;-18.861489305218445;-18.463203;-0.16991077909825847;5.111229373434522;0.5697123;DIFF;58843.0;DIFF;0.7867898;0.7893181;0.0820356605586;1.74148746706;OIL SPILL
02 S1A_IW_GRDH_1SDV_20200210T001540_NR_Orb_Cal_TC.tif;20;SP00118GXS1;SENTINEL-1;IW;IMG_02_WIN_001;IMG_02_WIN_001;800;600;800;600;1;1;800;600;0;0;0;0;0;1;1;1;9;3;3;19.637080428516835;-92.36737793202903;15Q;0.06291966511698263;2.6287305394964613;109.82614475829783;0.23262909150001237;8.739686909504575;1.7990405610421762;3.621603545484069;6.0003555643340105;6.009245268739002;12.014045724350373;7.821364649883631;15.386474114560595;0.11442057482774136;41.77915655795411;3.004076281532787;9.024474305267855;-31.449228;-15.068239;-22.272045317150297;-21.816708;-0.13488102411589192;2.93486251877721;8.613418004123309;-37.23188;-0.6896665;-19.141056231207045;-18.84185;-0.15332813839145887;3.130989085943252;0.43636474;DIFF;154544.0;DIFF;0.8594206;0.8616615;0.062919665117;2.6287305395;OIL SPILL
02 S1A_IW_GRDH_1SDV_20200210T001540_NR_Orb_Cal_TC.tif;21;SP00119GXS1;SENTINEL-1;IW;IMG_02_WIN_006;IMG_02_WIN_006;800;600;800;600;1;1;800;600;0;0;0;0;0;6;1;1;9;2;2;19.450313563702863;-92.08808817069034;15Q;0.04349875616608636;1.7026390592908607;66.64511865934792;0.6856744501685593;5.303450033790565;2.9448002131561144;6.606116859879728;9.686824532365522;10.32635043160513;20.3355745297063;13.632950024872754;-21.292108594404432;0.18855650446946218;39.14224702862462;2.8463724714793917;8.101836246395699;-31.417227;-17.049156;-21.982099861934266;-21.62244;-0.12948592215288623;3.1902745608259004;10.177851773452891;-34.28247;-12.492822;-19.295550057057586;-18.85701;-0.16533732137161947;2.6865498048766803;0.46726075;DIFF;15799.0;DIFF;0.87778467;0.88233536;0.0434987561661;1.70263905929;OIL SPILL
02 S1A_IW_GRDH_1SDV_20200210T001540_NR_Orb_Cal_TC.tif;22;SP00120GXS1;SENTINEL-1;IW;IMG_02_WIN_007;IMG_02_WIN_007;800;600;800;600;1;1;800;600;0;0;0;0;0;7;1;1;9;7;7;19.41467574512882;-92.05447190356804;15Q;0.0405082250828155;1.4326272974297076;50.66677123336691;0.7786896409727416;4.031933546148295;2.951371371339759;6.434132333056163;9.870305612034329;10.359765578355562;-20.499484104565177;13.93578723629139;-20.959204541143485;0.24801996078415028;35.36633102291762;3.649150755905897;13.316301239328581;-36.233273;-16.680687;-22.21042209201389;-21.390339;-0.1642990277621967;2.8603829898562605;8.181790848659041;-27.75196;-12.966608;-19.23095274808114;-19.185356;-0.14873849607589873;2.979469343932749;0.38011694;DIFF;18210.0;DIFF;0.8658527;0.86379695;0.0405082250829;1.43262729743;OIL SPILL
02 S1A_IW_GRDH_1SDV_20200210T001540_NR_Orb_Cal_TC.tif;23;SP00121GXS1;SENTINEL-1;IW;IMG_02_WIN_004;IMG_02_WIN_004;800;600;800;600;1;1;800;600;0;0;0;0;0;4;1;1;9;1;1;19.509174391498945;-91.9784763274931;15Q;0.3227696052227279;4.725935522550635;69.19631279374649;0.7182170057293984;5.506467612428856;3.101914357957042;7.32944402708745;11.142352278412693;12.188901027066333;23.919439900383377;16.153023735318463;24.148389802383537;0.18160462757337612;14.64182328843973;3.728671676679751;13.902992472473787;-40.83603;-15.819192;-23.037177428135887;-22.35846;-0.16185453657729051;2.5649129530081276;6.578778456508873;-32.45797;-13.021718;-19.500030048076923;-19.218822;-0.13153379490618156;3.537147380058965;0.45975876;DIFF;668310.0;DIFF;0.8464594;0.8427823;0.322769605223;4.72593552255;OIL SPILL
04 S1A_IW_GRDH_1SDV_20200609T001544_NR_Orb_Cal_TC.tif;0;OS03004GXS1;SENTINEL-1;IW;IMG_04_WIN_004;IMG_04_WIN_004;800;600;800;600;1;1;800;600;0;0;0;0;0;4;1;1;13;3;3;19.443380978645155;-91.96512500793612;15Q;21.117891408983773;199.4325685361298;1883.3958666914114;0.9473401458442854;149.87588099139126;2.3101908406683735;6.204525091401348;7.11802883046982;7.716705434758415;15.459355960164942;11.88241108910735;15.189024248200685;0.006672187635430408;9.443772802586203;4.388221442273158;19.256487426425917;-71.72333;-17.854572;-28.80649529390872;-28.06989;-0.15233444393358986;3.251164621563653;10.570071396507133;-62.453514;20.95669;-21.10830992472629;-20.705336;-0.15402297167122966;7.698185369182433;0.7540394;DIFF;2.0291502e+10;DIFF;0.73276216;0.7329474;21.117891409;199.432568536;SEEPAGE SLICK
04 S1A_IW_GRDH_1SDV_20200609T001544_NR_Orb_Cal_TC.tif;1;OS03005GXS1;SENTINEL-1;IW;IMG_04_WIN_003;IMG_04_WIN_003;800;600;800;600;1;1;800;600;0;0;0;0;0;3;1;1;13;1;1;19.57041557216132;-92.89768755342118;15Q;0.3723856980411332;10.878068580854972;317.76831567981776;2.174054414443915;25.287199099214416;2.0891095202409256;4.19154897206483;6.495822658025375;6.518936300788308;13.026318761866136;8.621063672542563;15.457464569169028;0.03954570041848037;29.211832350375058;2.748440695734702;7.553926257970652;-29.473686;-10.740165;-16.989214584381287;-16.698044;-0.16177561841272103;2.399083893098961;5.755603526126867;-40.579853;-6.884797;-14.078325976978535;-13.847904;-0.17040974168534262;2.910888607402752;0.44664925;DIFF;9.654392e+06;DIFF;0.8286626;0.82981986;0.372385698041;10.8780685808;SEEPAGE SLICK
04 S1A_IW_GRDH_1SDV_20200609T001544_NR_Orb_Cal_TC.tif;2;OS03006GXS1;SENTINEL-1;IW;IMG_04_WIN_009;IMG_04_WIN_009;800;600;800;600;1;1;800;600;0;0;0;0;0;9;1;1;13;1;1;19.292583685347125;-92.97920522667205;15Q;0.36062348415008977;8.196571188573367;186.2989577833191;3.68499275177012;14.825200012041782;2.448479260686312;4.926463665655079;7.39587539869684;7.412350868763384;14.816466299491116;9.876516120965848;-17.304262036212627;0.0674527155915434;22.728889129034073;3.1294253198173396;9.79330283231386;-34.76942;-10.620208;-17.63713945434443;-17.130846;-0.17743383658774045;2.5306848418388146;6.404365768712746;-26.971237;-6.3866806;-14.018930370852756;-13.806982;-0.1805191105806795;3.618209083491676;0.5050792;DIFF;2.906269e+06;DIFF;0.79485273;0.7952782;0.36062348415;8.19657118858;SEEPAGE SLICK
04 S1A_IW_GRDH_1SDV_20200609T001544_NR_Orb_Cal_TC.tif;3;OS03007GXS1;SENTINEL-1;IW;IMG_04_WIN_010;IMG_04_WIN_010;800;600;800;600;1;1;800;600;0;0;0;0;0;10;1;1;13;1;1;19.214223444054007;-92.7263167120462;15Q;0.6893106291927201;24.002621690912957;835.8000350463327;0.6124281647993732;66.5108535070016;2.316839934151818;5.121432954195077;8.112380168874093;8.017231692377774;16.170348975300342;10.632941660103171;-16.320067778334643;0.015035140090252036;34.82119769286513;2.575505350558802;6.633227810757018;-32.045547;-10.328262;-17.610366455610023;-17.276917;-0.14624938992898354;2.3985203785311304;5.752900006229118;-29.979082;-7.607792;-14.776739139294156;-14.580693;-0.16231729855425336;2.8336273163158676;0.45164198;DIFF;1.8030592e+07;DIFF;0.8390932;0.8411273;0.689310629193;24.0026216909;SEEPAGE SLICK
04 S1A_IW_GRDH_1SDV_20200609T001544_NR_Orb_Cal_TC.tif;4;SP00122GXS1;SENTINEL-1;IW;IMG_04_WIN_006;IMG_04_WIN_006;800;600;800;600;1;1;800;600;0;0;0;0;0;6;1;1;13;7;7;19.40985484537889;-92.05769605866674;15Q;0.8495698204551064;9.460550282251006;105.34980114412988;2.2295338344483366;8.383470802918241;3.0128127097340824;6.357073083343716;10.997813529595694;11.696923891972368;23.108242126841468;15.44039243397553;23.340941720787843;0.11928233824729315;11.135694859291352;4.30454917477026;18.529143598015327;-47.548164;-16.900396;-25.38648937637969;-24.678566;-0.16956063167896443;2.860055260913172;8.179916095477113;-44.17441;-11.818187;-20.87341814266357;-20.601063;-0.1370190182252638;4.5130712337161185;0.5057864;DIFF;4.8875875e+06;DIFF;0.8222254;0.81822884;0.849569820455;9.46055028226;OIL SPILL
04 S1A_IW_GRDH_1SDV_20200609T001544_NR_Orb_Cal_TC.tif;5;SP00123GXS1;SENTINEL-1;IW;IMG_04_WIN_007;IMG_04_WIN_007;800;600;800;600;1;1;800;600;0;0;0;0;0;7;1;1;13;2;2;19.37893857698346;-91.99964945201381;15Q;0.20821782874096242;4.002593606357008;76.94228527174272;1.6354756336658318;6.122872516892294;2.7710446242940434;5.888813293630493;8.073844629931054;8.2774912787239;16.453734758896513;11.235383677082659;17.741791674603363;0.1633220350809389;19.223107024790444;4.660170576026146;21.71718979765986;-48.910538;-17.955776;-26.37204567849099;-25.774925;-0.1767087253237611;2.856405913153399;8.159054740697703;-44.922016;-14.416627;-20.947780194014893;-20.672253;-0.1363584058405157;5.4242654844760985;0.57432896;DIFF;837966.5;DIFF;0.79431766;0.78943753;0.208217828741;4.00259360635;OIL SPILL
04 S1A_IW_GRDH_1SDV_20200609T001544_NR_Orb_Cal_TC.tif;6;SP00124GXS1;SENTINEL-1;IW;IMG_04_WIN_006;IMG_04_WIN_006;800;600;800;600;1;1;800;600;0;0;0;0;0;6;1;1;13;7;7;19.396352365863045;-92.05173921334355;15Q;0.24907816625179313;10.031004254295754;403.97377202456875;1.1638626870848794;32.147211348594276;2.494501991858121;5.106426540672892;8.29976056846413;8.361809461772559;16.69349931770753;10.921766415571115;17.883137806502962;0.031106897240831058;40.27251527199462;3.536989846056219;12.510297171104796;-44.266933;-16.899784;-24.39940082596009;-23.657457;-0.14496215998439554;2.9408565353397145;8.648637161450308;-43.14936;-11.818187;-20.9943559421423;-20.603445;-0.14007843553021254;3.4050448838177907;0.4522602;DIFF;2.02132e+06;DIFF;0.86044556;0.85985875;0.249078166252;10.0310042543;OIL SPILL
04 S1A_IW_GRDH_1SDV_20200609T001544_NR_Orb_Cal_TC.tif;7;SP00125GXS1;SENTINEL-1;IW;IMG_04_WIN_006;IMG_04_WIN_006;800;600;800;600;1;1;800;600;0;0;0;0;0;6;1;1;13;7;7;19.421698416123228;-92.03032720281367;15Q;2.4859285603888854;38.04723768885787;582.314519740661;1.3538847201938617;46.33911712545464;2.2731603005373278;4.598277225430003;7.505890139599895;8.446684487497965;-16.43568271839808;-10.758720211411692;-17.045584969099508;0.021580039975571477;15.305040657687268;4.325237789418036;18.70768193500982;-54.824677;-16.260887;-26.89642426071213;-26.723927;-0.16081088502667445;4.1452895047697975;17.18342507835463;-56.749344;15.839504;-20.229822084946402;-20.09283;-0.20490983496362175;6.666602175765728;0.63994515;DIFF;4.2599936e+08;DIFF;0.752138;0.75802726;2.48592856039;38.0472376889;OIL SPILL
04 S1A_IW_GRDH_1SDV_20200609T001544_NR_Orb_Cal_TC.tif;8;SP00126GXS1;SENTINEL-1;IW;IMG_04_WIN_013;IMG_04_WIN_013;800;600;800;600;1;1;800;600;0;0;0;0;0;13;1;1;13;6;6;19.486224968725182;-92.06326099756255;15Q;0.23994406355357337;5.384913173650374;120.85020757881342;6.017584212815413;9.616953954924895;1.6105573437470635;3.2266612799494725;4.697471851723553;4.699286201159706;9.397665228881367;6.312660662860153;13.512431879687295;0.10398302879342523;22.442368833384624;4.876546879166249;23.780709464706085;-51.005066;-18.194506;-26.002340698242186;-25.22847;-0.18754261148097004;2.8464088921685673;8.10204358141629;-46.03004;-12.709925;-19.811264067524117;-19.400097;-0.14367628852288036;6.191076630718069;0.65465736;DIFF;3.606526e+06;DIFF;0.7619031;0.75653726;0.239944063554;5.38491317365;OIL SPILL
04 S1A_IW_GRDH_1SDV_20200609T001544_NR_Orb_Cal_TC.tif;9;SP00127GXS1;SENTINEL-1;IW;IMG_04_WIN_013;IMG_04_WIN_013;800;600;800;600;1;1;800;600;0;0;0;0;0;13;1;1;13;6;6;19.45133532853852;-92.02455646854557;15Q;0.298874479139193;10.623853852546231;377.63769929548545;1.0397931484178702;30.051453270363634;2.4036819733413193;5.333897218666226;7.629666897622322;8.748040135344548;16.940018534390333;11.467829770125462;-17.85941452693991;0.03327626091834259;35.54620616368669;3.6138633317194304;13.060008180346262;-40.214146;-17.983854;-24.948907524309913;-24.263727;-0.1448505642260338;2.9275741965817823;8.570690676491468;-40.704746;-13.2715645;-20.218768790085516;-19.89336;-0.14479487979591263;4.730138734224397;0.58671904;DIFF;5.185788e+06;DIFF;0.810407;0.8104006;0.298874479139;10.6238538525;OIL SPILL
04 S1A_IW_GRDH_1SDV_20200609T001544_NR_Orb_Cal_TC.tif;10;SP00128GXS1;SENTINEL-1;IW;IMG_04_WIN_013;IMG_04_WIN_013;800;600;800;600;1;1;800;600;0;0;0;0;0;13;1;1;13;6;6;19.43495941421987;-92.06452008900825;15Q;0.027377090372176192;1.1582633821031818;49.00352974268464;0.7276936743556545;3.8995769937494877;2.463812172950411;4.988789014029645;6.481668662917205;6.480779296791541;12.96200362049455;8.975445796338793;-15.862196953045821;0.2564380704888939;42.30776047992101;2.763548820239361;7.637202081846363;-35.28034;-18.950405;-24.204755391160102;-23.859947;-0.11417379666016561;2.9302957565465024;8.586633220834438;-35.651505;-11.941154;-19.80762294650379;-19.516752;-0.14793777953369835;4.397132444656311;0.65976155;DIFF;75691.0;DIFF;0.818336;0.82190275;0.0273770903722;1.1582633821;OIL SPILL
04 S1A_IW_GRDH_1SDV_20200609T001544_NR_Orb_Cal_TC.tif;11;SP00129GXS1;SENTINEL-1;IW;IMG_04_WIN_013;IMG_04_WIN_013;800;600;800;600;1;1;800;600;0;0;0;0;0;13;1;1;13;6;6;19.468134156293054;-92.0095787710246;15Q;0.07461789051238958;2.7996390835227265;105.04155161940086;2.303598041349769;8.358941085135065;2.763765745325571;5.73532459821321;9.32668630918585;9.790849681203426;19.660742104586415;12.953907131904375;-19.40882388685801;0.11963237805065136;37.5196761031173;3.8378018050062197;14.728722694508997;-39.500423;-18.21385;-25.780283252198494;-25.52356;-0.1488657734076269;3.5350973986044125;12.496913617619686;-39.38675;3.443488;-20.67267103981069;-20.526722;-0.1710034175940133;5.107612212387803;0.5826124;DIFF;77274.0;DIFF;0.80187905;0.8046519;0.0746178905123;2.79963908352;OIL SPILL
04 S1A_IW_GRDH_1SDV_20200609T001544_NR_Orb_Cal_TC.tif;12;SP00130GXS1;SENTINEL-1;IW;IMG_04_WIN_004;IMG_04_WIN_004;800;600;800;600;1;1;800;600;0;0;0;0;0;4;1;1;13;3;3;19.5188071021398;-91.99456228155306;15Q;0.6147579750643929;13.472715467105644;295.26101233347146;1.99179723849585;23.496124807594526;2.506857158565544;5.134003726142693;8.254409093008633;8.293696756980657;16.569295462059124;10.90617782455762;-17.642325417620732;0.04256020974474801;21.915478958519316;4.586186497311491;21.033106588122244;-49.421665;-17.353678;-26.31763290777439;-25.676392;-0.17426287969677942;2.901839565959909;8.420672866570392;-44.809856;-6.458605;-20.606508673158856;-20.29809;-0.1408215050878424;5.711124234615532;0.6048814;DIFF;1.193956e+07;DIFF;0.7829925;0.7789787;0.614757975065;13.4727154671;OIL SPILL
04 S1A_IW_GRDH_1SDV_20200609T001544_NR_Orb_Cal_TC.tif;13;SP00131GXS1;SENTINEL-1;IW;IMG_04_WIN_002;IMG_04_WIN_002;800;600;800;600;1;1;800;600;0;0;0;0;0;2;1;1;13;4;4;19.627490143889414;-92.18850313127544;15Q;3.8917785348236755;28.71665905487414;211.89451041341104;3.3350834950958608;16.86202937316573;2.4303917296158137;4.888264315296265;8.604575605703587;9.043158683937621;17.91089422297207;11.716098912779213;-18.235892175630735;0.05930484272500452;7.378800925570962;4.895787522941342;23.968735469788122;-68.57785;-15.089051;-25.30509805101059;-24.915943;-0.19347040319987313;2.794231550305949;7.807729956725187;-45.064972;7.8145423;-18.50415004985045;-18.166218;-0.15100566860829862;6.80094800116014;0.6728016;DIFF;2.861781e+08;DIFF;0.73124206;0.72606826;3.89177853482;28.7166590549;OIL SPILL
04 S1A_IW_GRDH_1SDV_20200609T001544_NR_Orb_Cal_TC.tif;14;SP00132GXS1;SENTINEL-1;IW;IMG_04_WIN_002;IMG_04_WIN_002;800;600;800;600;1;1;800;600;0;0;0;0;0;2;1;1;13;4;4;19.631208831928358;-92.23149566168144;15Q;0.4794299559946855;14.031665390033217;410.6702786424103;2.6336473591038336;32.680102413432806;2.244126369167484;4.666941124317322;5.973861242416671;6.048749756084033;12.060601467275205;8.389216700626454;13.360024866833763;0.03059965930795127;29.267393942711326;3.6585494429816;13.384984026740975;-45.83821;-15.177202;-22.657810974121094;-21.898762;-0.16146967803554627;2.8563506209033886;8.158738869535174;-45.16503;-0.6000836;-18.28757643521326;-17.934025;-0.1561907686905632;4.370234538907834;0.5520541;DIFF;2.1492352e+07;DIFF;0.8071202;0.8064604;0.479429955995;14.03166539;OIL SPILL
04 S1A_IW_GRDH_1SDV_20200609T001544_NR_Orb_Cal_TC.tif;15;SP00133GXS1;SENTINEL-1;IW;IMG_04_WIN_002;IMG_04_WIN_002;800;600;800;600;1;1;800;600;0;0;0;0;0;2;1;1;13;4;4;19.551881770823794;-92.17916442524854;15Q;0.294173294972654;4.727175739256267;75.96267523838392;0.7251154958734904;6.0449176273365595;2.816805441348397;5.910863114498357;9.803551419663568;10.719974166238408;21.087952856735328;-13.902653307412484;-21.187966825389083;0.16542822609819552;16.069357144385588;3.611456006698523;13.042614488318844;-49.681297;-14.423215;-22.760123905254776;-22.317568;-0.1586747076479985;2.645359114441464;6.9979248443585265;-31.64955;-12.080809;-18.84386058134191;-18.483929;-0.1403830761229864;3.9162633239128652;0.5161109;DIFF;885049.0;DIFF;0.82793313;0.82572126;0.294173294973;4.72717573926;OIL SPILL
04 S1A_IW_GRDH_1SDV_20200609T001544_NR_Orb_Cal_TC.tif;16;SP00134GXS1;SENTINEL-1;IW;IMG_04_WIN_002;IMG_04_WIN_002;800;600;800;600;1;1;800;600;0;0;0;0;0;2;1;1;13;4;4;19.578351862347777;-92.23264096637912;15Q;0.03109807265330063;2.1372451412280773;146.8842408540136;2.54222101409832;11.688676497108393;1.3231317421953133;2.6651386295623785;5.484577883826391;5.671845624749719;11.252148819492751;7.066736498764932;12.25925666558182;0.0855528853285815;68.72596784551014;4.0787563358592225;16.636253247311753;-37.279537;-15.18244;-22.84837690606175;-21.879953;-0.17851405168203066;2.774975413183354;7.700488543772128;-36.96323;-11.807442;-18.285882432068874;-17.913225;-0.15175507244412442;4.562494473992874;0.5788902;DIFF;261666.0;DIFF;0.8003143;0.7968796;0.0310980726534;2.13724514123;OIL SPILL
04 S1A_IW_GRDH_1SDV_20200609T001544_NR_Orb_Cal_TC.tif;17;SP00135GXS1;SENTINEL-1;IW;IMG_04_WIN_005;IMG_04_WIN_005;800;600;800;600;1;1;800;600;0;0;0;0;0;5;1;1;13;1;1;19.458013227923125;-92.32912773657513;15Q;0.04686664151984049;1.90540739391244;77.46612983222258;4.896570042100442;6.16455874249838;0.6959482359750471;1.3931391083047073;2.1602490020585408;2.161477322193859;4.322340484373859;2.85820363838648;9.12532661974251;0.16221761228520937;40.65594060342059;3.874151208062081;15.009047582928881;-41.55053;-17.613014;-23.504333984375;-22.769314;-0.1648270999994088;2.647038553586283;7.006813104172159;-39.792637;-9.538632;-17.334833552575745;-17.055664;-0.15270054630509938;6.1695004317992534;0.75630724;DIFF;1.380592e+06;DIFF;0.7375165;0.73613274;0.0468666415198;1.90540739392;OIL SPILL
04 S1A_IW_GRDH_1SDV_20200609T001544_NR_Orb_Cal_TC.tif;18;SP00136GXS1;SENTINEL-1;IW;IMG_04_WIN_008;IMG_04_WIN_008;800;600;800;600;1;1;800;600;0;0;0;0;0;8;1;1;13;4;4;19.33455301360493;-92.19971218014435;15Q;0.405999062877877;12.337437882140282;374.9081892375081;6.550231228206853;29.83424576139057;2.1057905271917723;4.24912543106069;6.174696880213814;6.187882441466299;12.369202631028397;8.313149448121898;14.295210211934956;0.03351852793591086;30.387848175529747;3.714861090960422;13.800192925131654;-44.001537;-15.391368;-22.98723609346118;-22.408272;-0.16160538291148147;2.827556453625904;7.9950754984415;-44.573277;-10.974857;-18.241858493125903;-17.883268;-0.15500374891579247;4.745377600335278;0.5847961;DIFF;6.485744e+06;DIFF;0.7935648;0.79275614;0.405999062878;12.3374378821;OIL SPILL
04 S1A_IW_GRDH_1SDV_20200609T001544_NR_Orb_Cal_TC.tif;19;SP00137GXS1;SENTINEL-1;IW;IMG_04_WIN_008;IMG_04_WIN_008;800;600;800;600;1;1;800;600;0;0;0;0;0;8;1;1;13;4;4;19.2838699131551;-92.21200025781187;15Q;0.12273675480975821;4.2042034644897965;144.01005467534756;5.193538869396983;11.459956028257839;1.2775824928761246;2.558751525190345;5.65415286957699;5.886622534303785;11.662293326986708;7.253125943598656;12.466579548726425;0.08726036971993702;34.25382617461498;4.618752142482062;21.332871353682638;-59.262886;-15.9122305;-23.485190295298164;-22.720776;-0.19666658368132348;2.8870371409803384;8.334983453399927;-44.81407;-11.262846;-18.36206684789729;-17.961058;-0.1572283319135691;5.123123447400875;0.5703118;DIFF;2.142226e+06;DIFF;0.78185713;0.7765864;0.12273675481;4.20420346449;OIL SPILL
04 S1A_IW_GRDH_1SDV_20200609T001544_NR_Orb_Cal_TC.tif;20;SP00138GXS1;SENTINEL-1;IW;IMG_04_WIN_008;IMG_04_WIN_008;800;600;800;600;1;1;800;600;0;0;0;0;0;8;1;1;13;4;4;19.322155205318534;-92.17154889375226;15Q;0.08593528246419889;4.319134607922369;217.08107806737544;6.077713987862564;17.274763313070213;0.9788902646419881;1.9657106023546476;4.184230031856214;4.146406716637302;8.311726395469924;5.1301880052950475;10.922366566905607;0.05788791324529422;50.2603178120901;3.8019078486513163;14.454503289636481;-55.124584;-16.950788;-23.02339059088428;-22.4938;-0.16513240452762057;2.7709137764099503;7.6779631562984525;-43.185028;-11.252352;-18.441580453997588;-18.128439;-0.15025359585215475;4.581810136886691;0.5872371;DIFF;1.482504e+06;DIFF;0.8009933;0.7991618;0.0859352824641;4.31913460792;OIL SPILL
04 S1A_IW_GRDH_1SDV_20200609T001544_NR_Orb_Cal_TC.tif;21;SP00139GXS1;SENTINEL-1;IW;IMG_04_WIN_008;IMG_04_WIN_008;800;600;800;600;1;1;800;600;0;0;0;0;0;8;1;1;13;4;4;19.361858863520087;-92.21757672489392;15Q;0.04014276094176877;1.4429182357986812;51.86521769692309;2.4295162305095275;4.12730288550128;2.8349028137646695;5.8158281315159615;9.275473026450692;9.611331124974233;19.055622824997297;12.541323074135658;20.2489516976555;0.24228897847862832;35.94466852670606;5.270786777533448;27.78119325422142;-40.105816;-15.067789;-24.03271028037383;-22.77506;-0.21931720209841685;2.694006603169512;7.257671577920933;-27.46035;-12.676777;-18.939351399739582;-18.718946;-0.14224386814041345;5.0933588806342485;0.51807964;DIFF;14993.0;DIFF;0.78806543;0.7775185;0.0401427609417;1.4429182358;OIL SPILL
04 S1A_IW_GRDH_1SDV_20200609T001544_NR_Orb_Cal_TC.tif;22;SP00140GXS1;SENTINEL-1;IW;IMG_04_WIN_006;IMG_04_WIN_006;800;600;800;600;1;1;800;600;0;0;0;0;0;6;1;1;13;7;7;19.418907086623655;-92.14740803866891;15Q;0.1061390585070282;4.540391874428185;194.22782398252016;2.734692706932744;15.45615913640033;1.651822432630797;3.3460498598042245;4.4420738106800925;4.4527502559677705;8.900172197784972;6.125982924062475;-11.070540591985562;0.06469912681249058;42.77776662327878;3.356513729629691;11.266184417192619;-38.05596;-15.777905;-22.7318300712235;-22.350033;-0.14765699546024422;2.6708163169460906;7.133259798865481;-38.818577;-11.147584;-18.570826917436573;-18.238499;-0.14381784552837548;4.161003153786925;0.56297696;DIFF;1.64042e+06;DIFF;0.8169526;0.81650513;0.106139058507;4.54039187443;OIL SPILL
04 S1A_IW_GRDH_1SDV_20200609T001544_NR_Orb_Cal_TC.tif;23;SP00141GXS1;SENTINEL-1;IW;IMG_04_WIN_006;IMG_04_WIN_006;800;600;800;600;1;1;800;600;0;0;0;0;0;6;1;1;13;7;7;19.3693044065048;-92.06774177347538;15Q;0.031514752125201106;0.9677917107226867;29.72007495481983;0.8964588995662323;2.365048419060607;3.097873861308078;6.927160129895613;9.897579547562962;10.867147377720604;21.372678497373236;14.753969911244102;21.43132034784931;0.42282432441581824;30.709164612111348;3.0118598671098504;9.071299859106965;-35.72831;-20.322462;-25.06431652250744;-24.790873;-0.12016525024351804;2.957424193990556;8.74635786320069;-32.258995;-15.936956;-20.9071119658801;-20.487406;-0.1414554147324126;4.157204556627338;0.632653;DIFF;7081.0;DIFF;0.8341386;0.8364254;0.0315147521252;0.967791710721;OIL SPILL
04 S1A_IW_GRDH_1SDV_20200609T001544_NR_Orb_Cal_TC.tif;24;SP00142GXS1;SENTINEL-1;IW;IMG_04_WIN_006;IMG_04_WIN_006;800;600;800;600;1;1;800;600;0;0;0;0;0;6;1;1;13;7;7;19.36916876279134;-92.04319661326895;15Q;0.047647993031527544;1.7846432866447504;66.84335389443937;4.3124032214843435;5.319225092570459;1.576983110125612;3.1627996376208425;5.918786482441091;5.959685176974177;11.898934492739965;7.546702303683844;14.002362393459013;0.18799730836672687;37.45474201744225;4.512713563307613;20.364583704460493;-45.070923;-18.274881;-25.77862789124016;-25.29429;-0.17505639098972675;3.030654162535437;9.18486465289337;-46.44242;-12.713282;-20.229782646955297;-19.80541;-0.14981150393089213;5.548845244284863;0.62564194;DIFF;319400.0;DIFF;0.7847502;0.7816217;0.0476479930315;1.78464328664;OIL SPILL
04 S1A_IW_GRDH_1SDV_20200609T001544_NR_Orb_Cal_TC.tif;25;SP00143GXS1;SENTINEL-1;IW;IMG_04_WIN_012;IMG_04_WIN_012;800;600;800;600;1;1;800;600;0;0;0;0;0;12;1;1;13;1;1;18.919845155935214;-92.63083487994727;15Q;0.7849182648331232;13.469754232320582;231.1505378431879;1.7095359599002236;18.394375348046786;2.5083264525289257;5.261217395843717;7.50093912385018;7.8934849591245735;15.667142795665635;10.765114138765082;15.85450005974394;0.054364444623893435;17.160709383141068;3.4775451912457624;12.093320557156526;-54.122528;-11.40526;-18.729684505270722;-18.271366;-0.18567024929155354;2.3805722252830828;5.667124119789248;-28.545784;-6.9896045;-14.432932354362533;-14.199367;-0.16494030227776446;4.296752150908189;0.58425176;DIFF;2.0684128e+07;DIFF;0.77059126;0.7678795;0.784918264833;13.4697542323;OIL SPILL
04 S1A_IW_GRDH_1SDV_20200609T001544_NR_Orb_Cal_TC.tif;26;SP00144GXS1;SENTINEL-1;IW;IMG_04_WIN_011;IMG_04_WIN_011;800;600;800;600;1;1;800;600;0;0;0;0;0;11;1;1;13;1;1;19.135823746047812;-91.9158023952439;15Q;1.2312626874078088;9.641433713020172;75.49749130972683;0.6477379738240687;6.007899466490218;2.92589217724397;6.011992071760888;10.556258663561339;11.21046944849828;22.17876616831109;14.46762457320455;-22.338757229440375;0.1664475255582455;7.830525371737197;4.799572288195504;23.035894149614233;-60.32477;-18.31226;-29.49000133506256;-28.479187;-0.1627525286846625;3.421006533620373;11.70328570307328;-53.854496;-14.316131;-22.38523131155919;-21.946386;-0.15282426551714248;7.10477002350337;0.7064826;DIFF;1.6221487e+07;DIFF;0.75907874;0.7579193;1.23126268741;9.64143371301;OIL SPILL
04 S1A_IW_GRDH_1SDV_20200609T001544_NR_Orb_Cal_TC.tif;27;SP00145GXS1;SENTINEL-1;IW;IMG_04_WIN_001;IMG_04_WIN_001;800;600;800;600;1;1;800;600;0;0;0;0;0;1;1;1;13;1;1;19.71964177778201;-91.84759900628197;15Q;0.10970729941862209;4.430335963023114;178.91131081770334;3.441529059456499;14.237309745843987;2.2275584168255764;4.49563848149964;6.822862193024642;6.8695075778223265;13.715706030061954;9.118476505298206;15.817837434700552;0.07023798862646154;40.383237820099815;3.6171369510861493;13.083679722912803;-46.07839;-17.399364;-23.952356748613482;-23.220718;-0.15101382252481407;3.1246571183188707;9.76348210706079;-45.626923;-8.659735;-21.021469799440297;-20.572826;-0.14864122956816586;2.9308869491731855;0.41282412;DIFF;299162.0;DIFF;0.87763685;0.87733173;0.109707299419;4.43033596302;OIL SPILL
05 S1A_IW_GRDH_1SDV_20200621T001544_NR_Orb_Cal_TC.tif;0;OS03008GXS1;SENTINEL-1;IW;IMG_05_WIN_005;IMG_05_WIN_005;800;600;800;600;1;1;800;600;0;0;0;0;0;5;1;1;6;1;1;19.38632960160981;-92.06037149995694;15Q;3.040498194181754;62.478068463284636;1283.8386309100829;0.3254457191807505;102.16463212083553;1.9023724486730764;3.824408410153595;6.058648477716692;6.073436636380802;12.139482119703073;7.989798984770126;-14.574700355478972;0.009788123142431982;20.5486287026388;3.595003741535691;12.924051901655615;-47.598614;-14.629131;-22.659428979025293;-22.123495;-0.15865376593838296;3.325267332540127;11.057402832858534;-55.451336;14.543801;-18.51951157838701;-18.413979;-0.17955480728880793;4.139917400638282;0.49346793;DIFF;6.290698e+08;DIFF;0.81729823;0.82011116;3.04049819418;62.4780684633;SEEPAGE SLICK
05 S1A_IW_GRDH_1SDV_20200621T001544_NR_Orb_Cal_TC.tif;1;OS03009GXS1;SENTINEL-1;IW;IMG_05_WIN_001;IMG_05_WIN_001;800;600;800;600;1;1;800;600;0;0;0;0;0;1;1;1;6;1;1;19.566573410442317;-92.8877343319274;15Q;0.17683126711922853;5.6224023514120605;178.76594290222366;1.705525958263787;14.22574173468621;2.543739341554315;5.14750967516539;8.709061366078167;8.677982434370305;17.371571326401295;11.25232572336488;19.126904142062664;0.07029510437137554;31.795295272193883;2.7927546884317422;7.799478749757477;-29.117245;-10.546975;-16.773292670815678;-16.515324;-0.16650008696807242;2.36333391376128;5.585347187934208;-29.18049;-6.6441975;-13.719317790648946;-13.4882765;-0.1722632240046311;3.0539748801667326;0.48689038;DIFF;800766.5;DIFF;0.81792635;0.8187028;0.176831267119;5.62240235141;SEEPAGE SLICK
05 S1A_IW_GRDH_1SDV_20200621T001544_NR_Orb_Cal_TC.tif;2;OS03010GXS1;SENTINEL-1;IW;IMG_05_WIN_006;IMG_05_WIN_006;800;600;800;600;1;1;800;600;0;0;0;0;0;6;1;1;6;1;1;19.287662479048763;-92.97701387525906;15Q;0.0682990924085139;1.7410452807736003;44.38182943300961;0.658279175423832;3.531793768862425;3.0661544886607923;6.764177601839175;10.09241703432275;10.745027975337088;21.54659357482239;15.126402028114189;21.204609366692537;0.28314224030190066;25.491484870105953;2.5570280307892688;6.538392350242045;-25.202942;-10.708442;-16.52813519488324;-16.248728;-0.15470759408967505;2.2580811025363685;5.098930265631862;-21.368105;-7.1695223;-13.934451998197115;-13.846005;-0.162050226505393;2.5936831966861256;0.4285714;DIFF;36939.0;DIFF;0.84307474;0.8440317;0.0682990924084;1.74104528078;SEEPAGE SLICK
05 S1A_IW_GRDH_1SDV_20200621T001544_NR_Orb_Cal_TC.tif;3;SP00146GXS1;SENTINEL-1;IW;IMG_05_WIN_004;IMG_05_WIN_004;800;600;800;600;1;1;800;600;0;0;0;0;0;4;1;1;6;1;1;19.4072512301387;-92.21088778211745;15Q;0.6372348432752993;13.334918670019498;279.0494867199414;0.9190996902710435;22.206052589367438;2.796785559325549;6.086047694602232;8.976867163164588;9.88315542432084;-19.328964244573438;-12.926186981796086;-19.890100208386333;0.04503276734915118;20.92622337077466;3.381161906624298;11.432255838807258;-39.349987;-14.454096;-21.500547196880518;-20.925213;-0.15725934208385475;3.5285360600142486;12.450566726820878;-36.64647;8.390399;-18.010493813222542;-17.972935;-0.19591556437079735;3.490053383657976;0.44142288;DIFF;4.62768e+06;DIFF;0.837676;0.84323764;0.637234843275;13.33491867;OIL SPILL
05 S1A_IW_GRDH_1SDV_20200621T001544_NR_Orb_Cal_TC.tif;4;SP00147GXS1;SENTINEL-1;IW;IMG_05_WIN_002;IMG_05_WIN_002;800;600;800;600;1;1;800;600;0;0;0;0;0;2;1;1;6;1;1;19.520744839510073;-92.1952687847595;15Q;0.3317077541606641;6.055440115680861;110.54415983545735;0.3798211425918;8.796824733876798;2.8084865085776505;5.788673811766393;8.789455001996318;9.090633812008551;18.031655361750847;12.005486161953202;-19.20456476019909;0.11367738135659045;18.2553468820867;3.3382630113428426;11.143999932899785;-44.78086;-15.803201;-21.989267743644067;-21.389112;-0.15181328683888337;2.827223670800917;7.993193684737013;-41.463627;-12.288154;-18.717896128358753;-18.432058;-0.1510438807552469;3.2713716152853145;0.46312174;DIFF;970290.0;DIFF;0.8512287;0.85113174;0.33170775416;6.05544011568;OIL SPILL
05 S1A_IW_GRDH_1SDV_20200621T001544_NR_Orb_Cal_TC.tif;5;SP00148GXS1;SENTINEL-1;IW;IMG_05_WIN_003;IMG_05_WIN_003;800;600;800;600;1;1;800;600;0;0;0;0;0;3;1;1;6;1;1;19.46350246344136;-92.0768692871289;15Q;0.09748999220321891;2.9525399273039787;89.41935295422405;1.507494507536464;7.1157660153718165;3.0272200258671442;6.853072261692615;9.919707645842879;11.210134102334465;22.03959427252782;-14.701664031246638;-21.851190846124243;0.14053300766772717;30.28556942695593;3.1662389370540125;10.025069006516924;-42.6122;-16.42114;-21.495821439302883;-21.130398;-0.14729555444040265;2.6460944499736807;7.001815838181515;-29.573315;-12.925872;-18.495121499034216;-18.320616;-0.14306986034732755;3.0006999402686674;0.4484802;DIFF;92924.0;DIFF;0.8604055;0.8598886;0.0974899922031;2.9525399273;OIL SPILL
06 S1A_IW_GRDH_1SDV_20200715T001545_NR_Orb_Cal_TC.tif;0;OS03011GXS1;SENTINEL-1;IW;IMG_06_WIN_002;IMG_06_WIN_002;800;600;800;600;1;1;800;600;0;0;0;0;0;2;1;1;3;2;2;19.376724769490515;-92.04691283280917;15Q;2.669933369839414;38.206542863329766;546.7327140284599;0.2935864943371551;43.50760699383851;2.3106235545256832;4.711362667366962;6.770726148668898;6.848851476291032;13.659002462446416;9.223434982544685;-15.047740068034615;0.022984486371351538;14.30992372129037;3.7599292321402484;14.137067830702758;-59.53225;-14.350204;-22.79780367430097;-22.149706;-0.16492506409197052;3.332310561361527;11.104293677361575;-56.128063;22.697683;-17.444185269781073;-17.3746;-0.19102701042359133;5.353618404519896;0.62036425;DIFF;2.2058349e+08;DIFF;0.76516956;0.76862216;2.66993336984;38.2065428633;SEEPAGE SLICK
06 S1A_IW_GRDH_1SDV_20200715T001545_NR_Orb_Cal_TC.tif;1;SP00149GXS1;SENTINEL-1;IW;IMG_06_WIN_002;IMG_06_WIN_002;800;600;800;600;1;1;800;600;0;0;0;0;0;2;1;1;3;2;2;19.389523942552458;-92.04634688042377;15Q;0.2288317712753513;7.364544736747426;237.0148116989047;1.114005401989283;18.861039433937734;2.589394148640441;5.343007296921377;8.699890188433958;9.562078503146168;-18.759273023278034;-12.31182375142697;18.983242208682597;0.05301934729008856;32.18322654980341;2.699449225962197;7.2870261235479035;-37.757244;-12.708987;-19.88203125;-19.501595;-0.13577331169128892;3.049988125428538;9.302427565255087;-53.309795;10.818187;-17.161019736842107;-17.008957;-0.177727674240749;2.721011513157894;0.4434666;DIFF;1.617918e+06;DIFF;0.86314213;0.8686979;0.228831771275;7.36454473675;OIL SPILL
06 S1A_IW_GRDH_1SDV_20200715T001545_NR_Orb_Cal_TC.tif;2;SP00150GXS1;SENTINEL-1;IW;IMG_06_WIN_001;IMG_06_WIN_001;800;600;800;600;1;1;800;600;0;0;0;0;0;1;1;1;3;2;2;19.587742237389854;-92.2053600571363;15Q;0.6882456222959186;18.925621026216735;520.423406447726;0.5616065539542199;41.41397881843908;2.7080475270735582;5.807238340017458;8.86407133291251;9.021861355425356;17.966398777886965;11.99238479437046;-19.035891008894485;0.024146436264529163;27.498352932609663;2.8653201702963242;8.210059678306957;-36.3097;-14.163777;-20.156528562193795;-19.741005;-0.14215345472089905;3.635765667052266;13.218791985716008;-37.67679;10.599488;-16.867518785856824;-16.905582;-0.21554833957563482;3.2890097763369717;0.4459914;DIFF;1.1648836e+07;DIFF;0.8368268;0.84752536;0.688245622296;18.9256210262;OIL SPILL
06 S1A_IW_GRDH_1SDV_20200715T001545_NR_Orb_Cal_TC.tif;3;SP00151GXS1;SENTINEL-1;IW;IMG_06_WIN_003;IMG_06_WIN_003;800;600;800;600;1;1;800;600;0;0;0;0;0;3;1;1;3;1;1;19.31097910435312;-92.22212317719452;15Q;2.64609649044357;100.18364532630109;3793.0448973097004;0.4376691510240918;301.8409223881647;1.9470032024138284;3.923619965470085;6.59108366756618;6.667033023973857;13.296114367781609;8.638471060989923;-15.283634635378032;0.0033130033929395734;37.86091916455666;2.865199687854804;8.209369251283265;-40.39702;-12.009784;-19.161251506878457;-18.735737;-0.14953092635030973;2.6536202697076012;7.041700535803042;-51.420376;11.65857;-16.368352522659738;-16.101494;-0.16211895888935848;2.79289898421872;0.4249534;DIFF;5.167058e+08;DIFF;0.8542424;0.85587966;2.64609649044;100.183645326;OIL SPILL
06 S1A_IW_GRDH_1SDV_20200715T001545_NR_Orb_Cal_TC.tif;4;SP00152GXS1;SENTINEL-1;IW;IMG_06_WIN_001;IMG_06_WIN_001;800;600;800;600;1;1;800;600;0;0;0;0;0;1;1;1;3;2;2;19.51681323531448;-92.19746384967432;15Q;0.1506776893892164;6.9303593535517285;318.7590741804891;0.3830773028253484;25.366041155610493;1.7953001868243748;3.668765359812431;5.319465577125037;5.364505225277301;10.706513740058178;7.221073831519306;-12.692945735047147;0.03942278552121716;45.99459536209025;2.8299017768191512;8.008344066444188;-39.18499;-14.265382;-19.14424945584577;-18.647238;-0.14781993848053573;2.5457735915919377;6.480963179646915;-33.352715;-7.01007;-16.403819498294045;-16.141647;-0.15519395296057065;2.7404299575517257;0.4481601;DIFF;2.024458e+06;DIFF;0.8568538;0.85779005;0.150677689389;6.93035935355;OIL SPILL
07 S1A_IW_GRDH_1SDV_20200727T001546_NR_Orb_Cal_TC.tif;0;OS03012GXS1;SENTINEL-1;IW;IMG_07_WIN_004;IMG_07_WIN_004;800;600;800;600;1;1;800;600;0;0;0;0;0;4;1;1;6;6;6;19.40777601844619;-92.0554663278704;15Q;9.099164067303343;69.81147748179804;535.6142995271831;1.0949218744542455;42.62283168022711;2.5353522074688035;5.139992053118008;8.673434372082927;8.961244264301458;17.77910439333188;11.577799695893175;19.08888108695672;0.02346160404128907;7.6722957147960935;4.496783114153931;20.221058375739926;-65.20097;-16.112389;-25.97285946904114;-25.39679;-0.17313392541602746;3.814858289922406;14.553143772189706;-56.1185;16.19173;-18.766986133943863;-18.773611;-0.20327495649514382;7.205873335097277;0.69604945;DIFF;2.607613e+09;DIFF;0.7225613;0.7265301;9.0991640673;69.8114774818;SEEPAGE SLICK
07 S1A_IW_GRDH_1SDV_20200727T001546_NR_Orb_Cal_TC.tif;1;SP00153GXS1;SENTINEL-1;IW;IMG_07_WIN_004;IMG_07_WIN_004;800;600;800;600;1;1;800;600;0;0;0;0;0;4;1;1;6;6;6;19.425905883539897;-92.08926424671526;15Q;1.7374293062345667;24.626413893093314;349.0560790345403;0.8064598896137616;27.77700019731119;2.914125827356222;6.218148186354399;9.785385433428612;10.679377437626895;20.914334283437892;13.832197475757804;21.87599925069369;0.036001007772495174;14.174052322430754;3.96656709495424;15.733654518773717;-57.40593;-15.586426;-24.294000350896134;-23.685032;-0.16327352587726152;3.6236509636971723;13.130846306703445;-56.1185;3.1008596;-20.197517085537918;-19.91359;-0.17941071411652995;4.096483265358216;0.4696301;DIFF;3.3955216e+07;DIFF;0.8313788;0.8336149;1.73742930623;24.6264138931;OIL SPILL
07 S1A_IW_GRDH_1SDV_20200727T001546_NR_Orb_Cal_TC.tif;2;SP00154GXS1;SENTINEL-1;IW;IMG_07_WIN_004;IMG_07_WIN_004;800;600;800;600;1;1;800;600;0;0;0;0;0;4;1;1;6;6;6;19.437713074797326;-92.10079133095857;15Q;0.16088154967671606;5.958434297169804;220.67750680566485;0.7313794336240176;17.560958018658468;2.1804886730559416;4.388301994695198;7.708069812665656;7.819988432583442;15.584603126339841;10.063518304924557;-16.86889760367914;0.056944501486621786;37.03615678207351;3.2148544946979776;10.33528942207979;-39.507145;-16.078848;-22.958950229458043;-22.531754;-0.1400261973029185;2.9598861378888524;8.760925949266587;-39.46829;-12.504329;-19.638168695277262;-19.321325;-0.15072108727738287;3.3207815341807816;0.46905595;DIFF;1.287882e+06;DIFF;0.8553602;0.8566634;0.160881549677;5.95843429718;OIL SPILL
07 S1A_IW_GRDH_1SDV_20200727T001546_NR_Orb_Cal_TC.tif;3;SP00155GXS1;SENTINEL-1;IW;IMG_07_WIN_004;IMG_07_WIN_004;800;600;800;600;1;1;800;600;0;0;0;0;0;4;1;1;6;6;6;19.444078979403216;-92.09822947364422;15Q;0.15675057285918703;4.0088798643034105;102.52669239591499;0.3254107308016731;8.158814946836054;2.481201119513019;5.003751208452474;8.682035865070539;8.831908430567626;17.590752401050896;11.350420348249461;18.622060624513228;0.12256681963203427;25.57489769370532;3.6129434430936955;13.053360322993727;-41.094807;-17.30136;-24.187004709928228;-23.569355;-0.1493753975088392;3.307020940787991;10.93638750281029;-35.756744;2.0056188;-19.478317260742188;-19.173948;-0.1697796014162459;4.708687449186041;0.55514073;DIFF;366306.0;DIFF;0.80532163;0.80788237;0.156750572859;4.00887986431;OIL SPILL
07 S1A_IW_GRDH_1SDV_20200727T001546_NR_Orb_Cal_TC.tif;4;SP00156GXS1;SENTINEL-1;IW;IMG_07_WIN_004;IMG_07_WIN_004;800;600;800;600;1;1;800;600;0;0;0;0;0;4;1;1;6;6;6;19.445691584906243;-92.0873605698913;15Q;0.010125071196677342;0.8523571897623746;71.75384398067504;0.4848513907067373;5.709989477684537;2.060398483495966;4.144697303608263;7.22035250897364;7.29060040531483;14.54615131133914;9.367100038360233;16.27856215910519;0.1751316712418025;84.18283419499167;3.2258304814704966;10.405982295184176;-33.07247;-19.295345;-23.45120578342014;-23.224854;-0.13755499445368133;3.079329290041172;9.482268876505469;-29.864443;-11.134898;-19.80843687248996;-19.587803;-0.15545544102562467;3.6427689109301795;0.4730031;DIFF;5380.0;DIFF;0.8446661;0.84683734;0.0101250711967;0.852357189762;OIL SPILL
07 S1A_IW_GRDH_1SDV_20200727T001546_NR_Orb_Cal_TC.tif;5;SP00157GXS1;SENTINEL-1;IW;IMG_07_WIN_004;IMG_07_WIN_004;800;600;800;600;1;1;800;600;0;0;0;0;0;4;1;1;6;6;6;19.439993589826777;-92.03846227889753;15Q;0.09675566228512028;2.9761736620821644;91.54616337356974;0.8958672245521818;7.285012211000922;2.858262609573929;6.100416184239786;8.85221262735952;9.549521645320109;18.786650046041654;12.776134164913568;19.15692285683882;0.1372681295564507;30.759684671600453;3.2155232145672246;10.339589543420738;-36.66255;-16.985352;-23.52475472383721;-22.872524;-0.1366867902477637;3.9603180723754936;15.684119234383944;-36.47037;2.6129484;-19.02440966356982;-19.045105;-0.20817035284722538;4.500345060267389;0.5675676;DIFF;145157.0;DIFF;0.8086973;0.81842387;0.0967556622851;2.97617366208;OIL SPILL
07 S1A_IW_GRDH_1SDV_20200727T001546_NR_Orb_Cal_TC.tif;6;SP00158GXS1;SENTINEL-1;IW;IMG_07_WIN_005;IMG_07_WIN_005;800;600;800;600;1;1;800;600;0;0;0;0;0;5;1;1;6;2;2;19.334537792451588;-92.21055779227206;15Q;9.985197736455111;38.22973641551435;146.36793231082893;0.9288028065203662;11.647589968704185;3.159593069089559;7.383210738083157;10.73201963772155;13.207455510795707;25.862203898713304;17.265458183828258;25.18665903607516;0.08585467059596807;3.828640896708617;4.4614633685696905;19.904655389089207;-74.55417;-13.416161;-24.40368174814926;-24.02848;-0.1828192735265465;2.966912165221884;8.802567796141608;-41.435658;16.395758;-17.467743215935336;-17.170715;-0.1698509148288402;6.935938532213925;0.70436203;DIFF;4.2665626e+08;DIFF;0.7157831;0.7141974;9.98519773646;38.2297364155;OIL SPILL
07 S1A_IW_GRDH_1SDV_20200727T001546_NR_Orb_Cal_TC.tif;7;SP00159GXS1;SENTINEL-1;IW;IMG_07_WIN_005;IMG_07_WIN_005;800;600;800;600;1;1;800;600;0;0;0;0;0;5;1;1;6;2;2;19.296134162191652;-92.17650467607324;15Q;0.2281945310378558;4.082385727310231;73.033622456892;0.4110161881785852;5.811831012960808;2.7364189205674427;5.553060122946026;9.457913098571472;10.175469556934097;20.29889872238602;13.857848840150192;-20.052760499913262;0.17206281424389783;17.889936751520978;3.7254974436527646;13.879331202663282;-44.332348;-15.2099085;-21.44243742290296;-20.739172;-0.1737441210705603;3.0348149431701414;9.210101739288788;-36.156696;-2.0505471;-17.71647004158266;-17.615784;-0.1712990757214654;3.7259673813202987;0.4679011;DIFF;484708.5;DIFF;0.826234;0.82589555;0.228194531038;4.0823857273;OIL SPILL
07 S1A_IW_GRDH_1SDV_20200727T001546_NR_Orb_Cal_TC.tif;8;SP00160GXS1;SENTINEL-1;IW;IMG_07_WIN_002;IMG_07_WIN_002;800;600;800;600;1;1;800;600;0;0;0;0;0;2;1;1;6;3;3;19.52262575704401;-92.19396323238713;15Q;0.33957513324503524;6.653926019824513;130.38272577323653;0.8105475937879123;10.375527650302828;2.636280677337902;5.562055365243978;7.845724955083065;7.9053315821701835;15.783509175526126;10.687285126780656;16.738992727528924;0.0963806404555062;19.594856538046567;3.950518518495077;15.606596564972536;-73.81404;-13.995818;-22.066943036009935;-21.375317;-0.17902427681298783;4.581109292090919;20.986562346081765;-52.03179;10.155576;-16.17730161260933;-16.6856;-0.283181299439963;5.8896414234006045;0.61439764;DIFF;3.30103e+06;DIFF;0.73310107;0.7500047;0.339575133245;6.65392601982;OIL SPILL
07 S1A_IW_GRDH_1SDV_20200727T001546_NR_Orb_Cal_TC.tif;9;SP00161GXS1;SENTINEL-1;IW;IMG_07_WIN_002;IMG_07_WIN_002;800;600;800;600;1;1;800;600;0;0;0;0;0;2;1;1;6;3;3;19.513850798296854;-92.15858724593228;15Q;0.059973351066601045;2.8266233614860408;133.22249775280835;0.7061937017838952;10.601509524204184;2.721269338356889;5.77341503578303;8.910405455319397;10.006942969690312;19.5536357722538;13.020677205609624;19.70423189859649;0.09432618984276829;47.131322682753634;2.88225725149783;8.307406863811826;-31.161707;-15.943679;-21.0840087890625;-20.715607;-0.13670347419856058;2.4834998461646935;6.167771485900056;-32.324017;-12.427988;-18.091296875;-17.956776;-0.13727594341766575;2.9927119140625003;0.45575;DIFF;63899.0;DIFF;0.8580578;0.8581238;0.0599733510667;2.82662336149;OIL SPILL
07 S1A_IW_GRDH_1SDV_20200727T001546_NR_Orb_Cal_TC.tif;10;SP00162GXS1;SENTINEL-1;IW;IMG_07_WIN_002;IMG_07_WIN_002;800;600;800;600;1;1;800;600;0;0;0;0;0;2;1;1;6;3;3;19.59252938818497;-92.22812041791599;15Q;0.3368038074264536;5.193350903813249;80.07894511711363;1.1788779754559409;6.372479976486615;3.035225157621859;6.487598405061276;10.528917309185507;11.60426346266974;-22.714196509857384;-14.901969600779678;-23.042084202736174;0.15692477711814437;15.419513643554337;3.0359600995292166;9.21705372593345;-36.93661;-14.914494;-21.174223529616242;-20.663973;-0.14337999668714368;2.9126839172901606;8.483727602040755;-28.344353;4.9623604;-17.61437059366607;-17.435152;-0.16535838744857162;3.559852935950172;0.4852721;DIFF;822013.5;DIFF;0.8318782;0.83463895;0.336803807426;5.19335090381;OIL SPILL
07 S1A_IW_GRDH_1SDV_20200727T001546_NR_Orb_Cal_TC.tif;11;SP00163GXS1;SENTINEL-1;IW;IMG_07_WIN_001;IMG_07_WIN_001;800;600;800;600;1;1;800;600;0;0;0;0;0;1;1;1;6;1;1;19.691150763808615;-92.07917791140916;15Q;0.082752151460579;3.141202505941489;119.23742173680581;0.9296744202695462;9.488612535472827;2.643926011996411;5.431619201126591;8.194881027519662;8.515563338769;16.886192867562027;11.328287995945141;-17.452956891463213;0.10538948621429498;37.95916420901609;2.8319084293791583;8.019705352388732;-32.4455;-14.357899;-20.495320453902714;-20.060863;-0.13817341552422066;2.405193331232359;5.784954960604613;-33.904514;-11.903929;-18.088424169401147;-17.873201;-0.13296864938080383;2.406896284501567;0.3933311;DIFF;203188.5;DIFF;0.88256353;0.88195217;0.0827521514606;3.14120250594;OIL SPILL
07 S1A_IW_GRDH_1SDV_20200727T001546_NR_Orb_Cal_TC.tif;12;SP00164GXS1;SENTINEL-1;IW;IMG_07_WIN_003;IMG_07_WIN_003;800;600;800;600;1;1;800;600;0;0;0;0;0;3;1;1;6;1;1;19.504963299235232;-92.00321631209259;15Q;0.06522949570261741;2.2570607516300396;78.09846115894997;0.8557375531912672;6.21487807065864;2.832240080588968;6.502949951144303;8.625281460065686;9.423885711559393;18.471554273263735;12.675362502083601;-18.946621983035648;0.1609042025653163;34.60184272955329;3.175827884414658;10.08588275142568;-33.64013;-17.26964;-23.304300242456897;-22.913801;-0.13627647478677699;2.678035814808968;7.171875825399531;-30.233885;-12.171083;-19.71797340029762;-19.572042;-0.13581699094738336;3.586326842159277;0.49729067;DIFF;59718.0;DIFF;0.8461088;0.846057;0.0652294957026;2.25706075163;OIL SPILL
07 S1A_IW_GRDH_1SDV_20200727T001546_NR_Orb_Cal_TC.tif;13;SP00165GXS1;SENTINEL-1;IW;IMG_07_WIN_006;IMG_07_WIN_006;800;600;800;600;1;1;800;600;0;0;0;0;0;6;1;1;6;1;1;19.3001514375059;-91.97813248061446;15Q;0.09571389205636831;2.595971251052629;70.40844951036937;0.9874446943231339;5.602926387505711;2.796446652251883;5.752499952009624;8.426373741434167;8.484521185527969;16.940360626175167;11.36194974985033;-18.31191138154149;0.1784781613818732;27.122199246936866;3.827624997052456;14.650713118060812;-40.033897;-17.170475;-23.953174785539215;-22.943327;-0.15979614524264374;2.7403171957028962;7.509338333064984;-40.15204;-13.608217;-20.175517278156995;-19.88238;-0.13582388783011268;3.7776575073822194;0.483156;DIFF;303754.0;DIFF;0.84228987;0.8393746;0.0957138920565;2.59597125105;OIL SPILL
08 S1A_IW_GRDH_1SDV_20200808T001547_NR_Orb_Cal_TC.tif;0;SP00166GXS1;SENTINEL-1;IW;IMG_08_WIN_001;IMG_08_WIN_001;800;600;800;600;1;1;800;600;0;0;0;0;0;1;1;1;2;1;1;18.97219704962492;-92.74807115827069;15Q;15.217634891644584;224.17553286625204;3302.396850345053;1.0176533563275478;262.7963913917606;2.2623745553925256;4.5543165394959075;6.633499691811305;6.639151434031039;13.27547706542584;8.930864545777066;-16.52609251705917;0.0038052272890964542;14.731299210584831;2.501086543180257;6.255433896477369;-40.89122;-8.617814;-15.810670166769611;-15.560224;-0.1581897868211156;2.373864104456051;5.635230786424929;-44.165634;7.8069706;-12.80687878989402;-12.625086;-0.18535852047957857;3.0037913768755917;0.48477834;DIFF;2.7359773e+10;DIFF;0.810015;0.81369454;15.2176348916;224.175532866;OIL SPILL
09 S1A_IW_GRDH_1SDV_20200820T001548_NR_Orb_Cal_TC.tif;0;OS03013GXS1;SENTINEL-1;IW;IMG_09_WIN_015;IMG_09_WIN_015;800;600;800;600;1;1;800;600;0;0;0;0;0;15;1;1;17;5;5;19.31605973702544;-92.23108482552742;15Q;57.77865783198185;486.2714156457181;4092.512677634484;0.2672302345255338;325.6718111558883;1.7851382962453595;3.590655717868841;5.640710369560525;5.679543562578699;11.33968834200908;7.491453741162833;-13.382683661287869;0.003070575855032578;8.416107848330034;4.454216886664527;19.840048073447434;-73.31893;-14.939559;-26.953716753807683;-26.385195;-0.16525427373704563;3.275352413717812;10.727933434047097;-75.72308;18.98377;-20.25402450355453;-19.808693;-0.1617136590875061;6.699692250253154;0.67821306;DIFF;3.316874e+11;DIFF;0.75143725;0.75101364;57.778657832;486.271415646;SEEPAGE SLICK
09 S1A_IW_GRDH_1SDV_20200820T001548_NR_Orb_Cal_TC.tif;1;OS03014GXS1;SENTINEL-1;IW;IMG_09_WIN_008;IMG_09_WIN_008;800;600;800;600;1;1;800;600;0;0;0;0;0;8;1;1;17;2;2;19.05862433723748;-92.7812266761478;15Q;4.807778190330425;20.780951797405514;89.82277062503414;0.8410667662513764;7.147868973591838;2.967812007576755;6.826009722105642;9.354305598515706;10.026380921530235;19.781427693753557;13.439545719358325;-20.01118643837182;0.13990183699429162;4.322360760985377;3.931492434359667;15.456632761427299;-67.35184;-15.06179;-23.527886607003282;-22.875845;-0.1670992597010147;2.7923684052702162;7.7973213107513315;-44.508167;-10.921584;-17.954008724428398;-17.669283;-0.15552896559924764;5.573877882574884;0.6481812;DIFF;1.9157315e+08;DIFF;0.7630947;0.76170796;4.80777819033;20.7809517974;SEEPAGE SLICK
09 S1A_IW_GRDH_1SDV_20200820T001548_NR_Orb_Cal_TC.tif;2;SP00167GXS1;SENTINEL-1;IW;IMG_09_WIN_015;IMG_09_WIN_015;800;600;800;600;1;1;800;600;0;0;0;0;0;15;1;1;17;5;5;19.37197910412888;-92.08875731599159;15Q;3.9440294414279404;54.197788092780065;744.7713760185328;0.5570756078472063;59.26702298335109;2.0918830637036443;4.19833712064063;7.686049703168718;7.75023474687156;15.468401592515303;9.876314426517029;-17.44111691552551;0.016872789447867385;13.741730100563776;4.142404613911545;17.159515985355654;-62.914974;-17.356895;-26.034323283241392;-25.573921;-0.15911320485822117;3.510525061612023;12.323786208206096;-61.565365;16.455553;-20.892879326408778;-20.5964;-0.16802495274907797;5.141443956832614;0.5577287;DIFF;7.843361e+08;DIFF;0.8025128;0.8036529;3.94402944143;54.1977880928;OIL SPILL
09 S1A_IW_GRDH_1SDV_20200820T001548_NR_Orb_Cal_TC.tif;3;SP00168GXS1;SENTINEL-1;IW;IMG_09_WIN_015;IMG_09_WIN_015;800;600;800;600;1;1;800;600;0;0;0;0;0;15;1;1;17;5;5;19.34458294382562;-92.05722845212999;15Q;0.16285142354335608;6.882263372402535;290.85130542014167;0.36392107744009294;23.14521148117306;1.9753237457509245;4.00456542667844;6.172086951223329;6.2569906670947395;12.471539200162617;8.293943488683194;14.645991056555623;0.04320548122074525;42.2609960825443;4.178121354613404;17.456698053876547;-41.15436;-18.57788;-25.7329349078341;-25.0738;-0.1623647426761812;2.997752761529143;8.986521619255603;-42.17283;-9.553006;-20.762101545100222;-20.352827;-0.14438580579221766;4.970833362733877;0.5673232;DIFF;2.343032e+06;DIFF;0.80682987;0.80465925;0.162851423543;6.88226337241;OIL SPILL
09 S1A_IW_GRDH_1SDV_20200820T001548_NR_Orb_Cal_TC.tif;4;SP00169GXS1;SENTINEL-1;IW;IMG_09_WIN_016;IMG_09_WIN_016;800;600;800;600;1;1;800;600;0;0;0;0;0;16;1;1;17;6;6;19.36146101792446;-92.01775957346594;15Q;0.35006419485737383;6.4809595780055655;119.98609874641774;0.8225984876858418;9.548190358902325;2.369196010878027;4.815952678364734;7.356374325825725;7.499408182393022;14.927891057429715;9.931557704414898;-16.209950573707534;0.10473188765739706;18.513631708738718;3.903107816421771;15.234250626612724;-40.82794;-16.861536;-25.827155764335476;-25.187132;-0.15112418308993758;2.862648083628755;8.194754050703384;-39.500492;-13.3487835;-20.38819334437404;-20.054096;-0.14040714816051517;5.438962419961435;0.626817;DIFF;4.310416e+06;DIFF;0.7894093;0.7882027;0.350064194858;6.48095957801;OIL SPILL
09 S1A_IW_GRDH_1SDV_20200820T001548_NR_Orb_Cal_TC.tif;5;SP00170GXS1;SENTINEL-1;IW;IMG_09_WIN_014;IMG_09_WIN_014;800;600;800;600;1;1;800;600;0;0;0;0;0;14;1;1;17;5;5;19.282677825879105;-92.21796075171798;15Q;1.029567275891183;29.632555759227348;852.8712803771405;0.2862129341419898;67.86934004656786;1.2542127986746758;2.5176786491304237;5.047869281010445;5.160392021928671;10.264853046686927;6.447652598416167;-11.673562533646558;0.01473419366261496;28.781563335506863;4.158174627991931;17.29041623687584;-59.426144;-17.294106;-25.52982022420707;-25.050804;-0.1628752020764016;3.348916313042788;11.215240471764101;-53.97765;1.6775873;-20.73056226539199;-20.218073;-0.16154488576672787;4.799257958815083;0.53606796;DIFF;2.0419891e+08;DIFF;0.8120137;0.811843;1.02956727589;29.6325557592;OIL SPILL
09 S1A_IW_GRDH_1SDV_20200820T001548_NR_Orb_Cal_TC.tif;6;SP00171GXS1;SENTINEL-1;IW;IMG_09_WIN_014;IMG_09_WIN_014;800;600;800;600;1;1;800;600;0;0;0;0;0;14;1;1;17;5;5;19.28707450629825;-92.24685773475697;15Q;0.47892009637215804;15.978344272137925;533.0899404993211;0.2662215812772606;42.421949571515654;0.9241314829470229;1.8499590501132868;4.684900128402967;4.68957142579099;9.37680754464337;5.618958495433139;-12.278326838765741;0.023572702577333998;33.36327791039596;4.147277622751963;17.19991168017917;-67.28838;-17.054157;-25.45164944161442;-25.008429;-0.1629473025811445;3.356323436730222;11.264907011944569;-53.08547;-9.534604;-20.839898567137723;-20.300278;-0.16105277220604053;4.611750874476698;0.54246193;DIFF;6.522496e+07;DIFF;0.8188035;0.81855875;0.478920096372;15.9783442722;OIL SPILL
09 S1A_IW_GRDH_1SDV_20200820T001548_NR_Orb_Cal_TC.tif;7;SP00172GXS1;SENTINEL-1;IW;IMG_09_WIN_014;IMG_09_WIN_014;800;600;800;600;1;1;800;600;0;0;0;0;0;14;1;1;17;5;5;19.25291227520009;-92.24802226006908;15Q;0.0953530466844472;4.65563976482132;227.3129425168212;0.2603202292676243;18.08898921515798;0.8710764367176753;1.743949610921115;3.1528485901420713;3.1542319524748748;6.307772235388891;4.0265928921924985;9.943816640169423;0.05528224867103314;48.82528588969239;4.470209576501913;19.982773657849418;-51.68794;-18.113989;-25.835072434793307;-25.20808;-0.17302872239992917;3.18829792178469;10.165243638056571;-52.403477;-12.8316145;-20.423624448349134;-19.941273;-0.15610833081306505;5.411447986444173;0.609445;DIFF;5.425984e+06;DIFF;0.7905387;0.78839844;0.0953530466845;4.65563976482;OIL SPILL
09 S1A_IW_GRDH_1SDV_20200820T001548_NR_Orb_Cal_TC.tif;8;SP00173GXS1;SENTINEL-1;IW;IMG_09_WIN_014;IMG_09_WIN_014;800;600;800;600;1;1;800;600;0;0;0;0;0;14;1;1;17;5;5;19.23068312077129;-92.29541652573805;15Q;0.26018544694490514;7.411221770232843;211.10407508381508;0.3159683771454761;16.799128528215896;1.753300068975622;4.014390895087127;4.684694995623587;4.862580577459107;9.65061540720938;6.979948510958419;10.232617618510588;0.059526897381634726;28.484382417446223;4.079093438930937;16.63900328352942;-46.15447;-18.65636;-25.783696338383837;-25.17249;-0.15820437013363545;3.2469397656890395;10.542617842012795;-51.230835;8.543843;-20.168660585721586;-19.760828;-0.1609893602943426;5.615035752662251;0.62928903;DIFF;1.3283104e+07;DIFF;0.7822253;0.7825645;0.260185446945;7.41122177023;OIL SPILL
09 S1A_IW_GRDH_1SDV_20200820T001548_NR_Orb_Cal_TC.tif;9;SP00174GXS1;SENTINEL-1;IW;IMG_09_WIN_005;IMG_09_WIN_005;800;600;800;600;1;1;800;600;0;0;0;0;0;5;1;1;17;2;2;19.179689996549445;-92.21635973146401;15Q;0.11605218707401718;2.405850173740115;49.875105367843915;1.0567301954524797;3.968934778260741;2.449356584507521;5.0028387319248955;8.151645427529417;8.178847382651952;16.34416893992049;10.681367431983583;-18.074537735244512;0.251956773257488;20.730761172175775;4.5610664955420095;20.803327576755866;-44.02441;-18.171026;-26.631203858211975;-25.695898;-0.17126775491734156;3.340758861502914;11.160669770710246;-40.929546;-13.357411;-20.231241569244606;-19.710175;-0.1651287119511989;6.3999622889673695;0.67228544;DIFF;346871.0;DIFF;0.7596818;0.75891936;0.116052187074;2.40585017374;OIL SPILL
09 S1A_IW_GRDH_1SDV_20200820T001548_NR_Orb_Cal_TC.tif;10;SP00175GXS1;SENTINEL-1;IW;IMG_09_WIN_005;IMG_09_WIN_005;800;600;800;600;1;1;800;600;0;0;0;0;0;5;1;1;17;2;2;19.116490283068874;-92.2661699331919;15Q;0.20025143162948394;6.067189670165475;183.8228580651147;0.30419370857382827;14.628158257171442;1.120455737127071;2.249635938380991;3.396214816350014;3.4032667992973296;6.803007702347751;4.528188962925836;-9.982005331704029;0.06836130580620091;30.29785915034714;3.895596962884677;15.175675697236322;-41.937428;-18.323631;-25.536896839821765;-24.700624;-0.15254778164001334;2.9807851124107194;8.885079886369386;-45.963177;-11.336116;-19.847424775539917;-19.40257;-0.1501849809797116;5.689472064281848;0.6517421;DIFF;9.886144e+06;DIFF;0.77720577;0.7769341;0.20025143163;6.06718967017;OIL SPILL
09 S1A_IW_GRDH_1SDV_20200820T001548_NR_Orb_Cal_TC.tif;11;SP00176GXS1;SENTINEL-1;IW;IMG_09_WIN_007;IMG_09_WIN_007;800;600;800;600;1;1;800;600;0;0;0;0;0;7;1;1;17;3;3;18.895209570988538;-92.64458895587023;15Q;7.266501011061277;37.67710926651916;195.35737496221662;0.7187073255249782;15.546045947346824;3.008719918367088;6.321412913695766;11.380215724873196;11.88186023965541;23.538338006114202;-16.776166910444534;23.991114391843848;0.06432503823717732;5.185041495097294;4.1124012977087725;16.911844433396794;-41.528828;-14.266317;-25.015163966249094;-24.826138;-0.1643963358887952;2.830315841976403;8.010687765342595;-41.24707;3.3992946;-18.477530956004426;-18.13723;-0.15317608444090677;6.537633010244669;0.68411255;DIFF;5.1303014e+08;DIFF;0.73865324;0.73737085;7.26650101106;37.6771092665;OIL SPILL
09 S1A_IW_GRDH_1SDV_20200820T001548_NR_Orb_Cal_TC.tif;12;SP00177GXS1;SENTINEL-1;IW;IMG_09_WIN_007;IMG_09_WIN_007;800;600;800;600;1;1;800;600;0;0;0;0;0;7;1;1;17;3;3;18.84600279460162;-92.62536052619022;15Q;0.3115443019371879;9.60740161092244;296.27300239361983;3.182017850402416;23.576656417810767;1.5192364758475914;3.0913859326106703;5.705042424105899;6.646419546341643;-12.822602296044414;-8.194634756337752;-14.163297492189773;0.042414835347244544;30.837994953473544;3.9554874804226543;15.64588120778036;-47.694008;-15.787416;-23.485054347826086;-22.91624;-0.16842573246115555;2.7494745651983643;7.559610384672735;-36.880196;-10.479729;-18.220427880153785;-17.90895;-0.15090065849623494;5.264626467672301;0.6150486;DIFF;1.1073448e+07;DIFF;0.7758308;0.7737169;0.311544301937;9.60740161092;OIL SPILL
09 S1A_IW_GRDH_1SDV_20200820T001548_NR_Orb_Cal_TC.tif;13;SP00178GXS1;SENTINEL-1;IW;IMG_09_WIN_007;IMG_09_WIN_007;800;600;800;600;1;1;800;600;0;0;0;0;0;7;1;1;17;3;3;18.916570879629933;-92.69866948859638;15Q;0.508865085894631;7.44026488584377;108.78628364568621;2.743442729106835;8.656937391403986;2.683137975832901;5.440478485108586;9.063351214004545;9.84759659606272;19.909393288002576;-13.404029760254781;19.316803629972505;0.11551429273278127;14.621291757054053;4.196022333146367;17.60660342026308;-56.736664;-15.865367;-24.417388442350333;-24.094467;-0.17184566412797225;2.901377506839979;8.417991437196973;-37.701286;-11.320819;-18.673068469905136;-18.345133;-0.1553776505193053;5.744319972445197;0.6278484;DIFF;3.680838e+06;DIFF;0.7647447;0.7627408;0.508865085895;7.44026488584;OIL SPILL
09 S1A_IW_GRDH_1SDV_20200820T001548_NR_Orb_Cal_TC.tif;14;SP00179GXS1;SENTINEL-1;IW;IMG_09_WIN_012;IMG_09_WIN_012;800;600;800;600;1;1;800;600;0;0;0;0;0;12;1;1;17;2;2;19.002046148238318;-92.6155267631618;15Q;0.49358177169888484;9.496643097077122;182.71791075842583;4.212641560663998;14.540229344313637;2.5772524046413365;5.235655814354891;8.0591112010133;8.138626972279656;16.237853885491294;10.771224855602181;17.629215815662235;0.06877470611500898;19.240262995106427;4.319868783027227;18.661266302573136;-47.120045;-15.58009;-23.892230043316832;-23.128363;-0.18080642849977857;2.9436836611897754;8.66527349715564;-59.88244;-11.851335;-18.914132280424266;-18.5106;-0.1556340844795945;4.978097762892567;0.54308534;DIFF;3.0172135e+06;DIFF;0.79164374;0.78839093;0.493581771699;9.49664309707;OIL SPILL
09 S1A_IW_GRDH_1SDV_20200820T001548_NR_Orb_Cal_TC.tif;15;SP00180GXS1;SENTINEL-1;IW;IMG_09_WIN_012;IMG_09_WIN_012;800;600;800;600;1;1;800;600;0;0;0;0;0;12;1;1;17;2;2;18.93368059337808;-92.63868944843045;15Q;0.09138452234602935;2.6022789815151004;74.10287567071256;0.5114522052751874;5.896919480159028;2.662886749269369;5.5992102805373225;8.246188050999377;8.393033204277433;16.714857902880944;11.194290292781957;17.709531316233246;0.1695800669086009;28.476145792626873;3.7996645388342336;14.43745060767437;-37.19329;-15.371256;-23.303317097479425;-22.731405;-0.1630525183577929;2.791184900658623;7.790713149664687;-32.441307;-12.339016;-18.823718190884914;-18.526598;-0.1482802107614536;4.479598906594511;0.524353;DIFF;105747.5;DIFF;0.8077699;0.80595857;0.091384522346;2.60227898151;OIL SPILL
09 S1A_IW_GRDH_1SDV_20200820T001548_NR_Orb_Cal_TC.tif;16;SP00181GXS1;SENTINEL-1;IW;IMG_09_WIN_006;IMG_09_WIN_006;800;600;800;600;1;1;800;600;0;0;0;0;0;6;1;1;17;1;1;18.952479803130124;-92.89277297096052;15Q;1.2698003802345872;30.131633863009323;715.0063690221284;8.770207510297526;56.89839898602978;1.620822527596108;3.2506192624787973;5.071407163370817;5.071360208690052;10.142743956461935;6.696883432529988;13.41583268133669;0.017575186961684617;23.72942576804293;4.184795213857577;17.51251098192529;-55.859215;-14.8775425;-24.32450446031981;-23.893538;-0.17204030695400882;2.972980681637545;8.838614133390042;-43.919903;-9.721211;-17.346144934691473;-16.953535;-0.17139143555129205;6.978359525628338;0.72506714;DIFF;9.089549e+07;DIFF;0.7131141;0.71303684;1.26980038023;30.131633863;OIL SPILL
09 S1A_IW_GRDH_1SDV_20200820T001548_NR_Orb_Cal_TC.tif;17;SP00182GXS1;SENTINEL-1;IW;IMG_09_WIN_008;IMG_09_WIN_008;800;600;800;600;1;1;800;600;0;0;0;0;0;8;1;1;17;2;2;19.10192506854443;-92.89530338100931;15Q;0.2851443831217647;5.850000342999158;120.01815935639975;1.9024397658637517;9.550741661180915;2.5121859470214023;5.0817752202613065;8.302269101769607;8.968601632589014;17.91745685135269;12.439846681500867;17.662528683885473;0.10470391048943456;20.51592347341116;4.330906177307776;18.756748316642657;-47.50099;-15.9199705;-24.626132246376812;-24.296467;-0.17586627627832108;2.893910939348919;8.374720524883344;-41.64006;-10.1726;-17.86103202646741;-17.499895;-0.1620237248923002;6.765100219909403;0.71734834;DIFF;3.911849e+06;DIFF;0.72528774;0.7236406;0.285144383122;5.850000343;OIL SPILL
09 S1A_IW_GRDH_1SDV_20200820T001548_NR_Orb_Cal_TC.tif;18;SP00183GXS1;SENTINEL-1;IW;IMG_09_WIN_004;IMG_09_WIN_004;800;600;800;600;1;1;800;600;0;0;0;0;0;4;1;1;17;11;11;19.4055395763387;-92.08376279116057;15Q;2.7426639578434884;59.43377160535527;1287.9351103643705;0.9737538024119824;102.49061959804766;1.630987482825363;3.2956013550833942;5.863557768193944;6.477926717555236;12.826523240957078;8.951379199894598;12.774905029904174;0.009756990482854383;21.67008883293419;3.981435207466733;15.851826311255666;-66.732666;-16.957418;-25.400907754376366;-24.874434;-0.15674381584968217;3.622642319194359;13.123537372817884;-61.565365;17.916922;-20.638629893578404;-20.406506;-0.1755272679375642;4.762277860797962;0.5335945;DIFF;1.2941455e+09;DIFF;0.81251544;0.81498635;2.74266395784;59.4337716053;OIL SPILL
09 S1A_IW_GRDH_1SDV_20200820T001548_NR_Orb_Cal_TC.tif;19;SP00184GXS1;SENTINEL-1;IW;IMG_09_WIN_003;IMG_09_WIN_003;800;600;800;600;1;1;800;600;0;0;0;0;0;3;1;1;17;4;4;19.42760614958163;-92.02763800218338;15Q;0.32366976620425325;3.6686291937878077;41.58201218280894;2.321994980337566;3.3089913913007276;2.9990734108236734;6.267532093817112;11.477582189693345;12.30008876611186;-25.185765187513557;-15.493254087755172;-24.191138791996956;0.30220689078520424;11.334482169312974;4.278054823038463;18.301753068922654;-59.544567;-17.74059;-26.0130359212051;-25.4723;-0.1644581138471082;3.325710979165237;11.060353516940198;-38.157795;-6.216681;-20.888694616866438;-20.693676;-0.1592110488551024;5.12434130433866;0.5840553;DIFF;544868.0;DIFF;0.8030086;0.8023445;0.323669766204;3.66862919379;OIL SPILL
09 S1A_IW_GRDH_1SDV_20200820T001548_NR_Orb_Cal_TC.tif;20;SP00185GXS1;SENTINEL-1;IW;IMG_09_WIN_003;IMG_09_WIN_003;800;600;800;600;1;1;800;600;0;0;0;0;0;3;1;1;17;4;4;19.4706328825145;-91.98028120010588;15Q;0.44320805612741443;11.109690128179693;278.48143335348306;0.9689686977155367;22.160848338761518;2.0222087768032018;4.056223614760474;5.763627999779742;5.765092529022798;11.52945279346729;7.7932116449252264;-16.379982399635107;0.0451246263100362;25.066534722432607;3.929755034555209;15.442974631612012;-41.839504;-18.187857;-25.748972213409477;-25.0214;-0.15261793760096887;2.8652391129496557;8.20959517437653;-52.236397;-12.718925;-20.700185283859717;-20.322924;-0.13841610950138358;5.04878692954976;0.5961784;DIFF;3.2003744e+07;DIFF;0.80392283;0.8022976;0.443208056127;11.1096901282;OIL SPILL
09 S1A_IW_GRDH_1SDV_20200820T001548_NR_Orb_Cal_TC.tif;21;SP00186GXS1;SENTINEL-1;IW;IMG_09_WIN_004;IMG_09_WIN_004;800;600;800;600;1;1;800;600;0;0;0;0;0;4;1;1;17;11;11;19.415957466576625;-92.05509750082246;15Q;0.07426454200150576;2.704150603916126;98.46462782348654;0.729213537906553;7.8355661189058265;2.2113297671568466;4.448320104957053;6.6539320018399355;6.654977878089289;13.309432820066997;8.880930188615924;-17.325877692698256;0.1276231972042426;36.41240531532932;3.7286024868065226;13.902476504619786;-41.895054;-18.26183;-25.0845367739899;-24.49225;-0.14864147264910638;3.00430477798344;9.025847199014128;-43.01223;-13.369909;-21.065181518151814;-20.600025;-0.14261945834146447;4.019355255838086;0.52915287;DIFF;297294.5;DIFF;0.8397676;0.8390467;0.0742645420015;2.70415060391;OIL SPILL
09 S1A_IW_GRDH_1SDV_20200820T001548_NR_Orb_Cal_TC.tif;22;SP00187GXS1;SENTINEL-1;IW;IMG_09_WIN_004;IMG_09_WIN_004;800;600;800;600;1;1;800;600;0;0;0;0;0;4;1;1;17;11;11;19.40875092619282;-92.10735646610227;15Q;0.739281347336609;22.067769099271626;658.7295009852769;0.49672996703842287;52.420028121132184;1.5181419102718194;3.0506645072193685;5.987782819404312;6.542682121364994;12.923430076118068;8.622982600312415;-13.000174959744134;0.019076678053075447;29.850298778367186;3.9113980920066918;15.29903503415359;-46.242767;-16.878754;-25.34174039193303;-24.742199;-0.15434607219209762;3.1106344534514987;9.676046702999505;-61.565365;11.69334;-20.57199533694344;-20.179754;-0.15120723111702164;4.769745054989588;0.5643199;DIFF;1.3490176e+08;DIFF;0.81178313;0.8114028;0.739281347337;22.0677690993;OIL SPILL
09 S1A_IW_GRDH_1SDV_20200820T001548_NR_Orb_Cal_TC.tif;23;SP00188GXS1;SENTINEL-1;IW;IMG_09_WIN_004;IMG_09_WIN_004;800;600;800;600;1;1;800;600;0;0;0;0;0;4;1;1;17;11;11;19.44974360514197;-92.07050533403748;15Q;0.9832332494125158;16.217082744478212;267.478518345868;1.3479510726379962;21.28526418282055;2.3967338951620984;4.830885030086541;8.571630133209945;8.78672764183653;17.471605019327907;11.258955819201786;18.259246807220986;0.04698085921842141;16.49362727935407;3.8951625134623877;15.172291006282627;-40.405563;-17.254995;-26.017877574370708;-25.493793;-0.14971100168829202;3.4367145033790742;11.811006577736077;-47.658558;9.535935;-20.53466682008796;-20.298872;-0.16736159069389533;5.483210754282748;0.5965521;DIFF;4.497835e+07;DIFF;0.78925216;0.7914094;0.983233249413;16.2170827445;OIL SPILL
09 S1A_IW_GRDH_1SDV_20200820T001548_NR_Orb_Cal_TC.tif;24;SP00189GXS1;SENTINEL-1;IW;IMG_09_WIN_003;IMG_09_WIN_003;800;600;800;600;1;1;800;600;0;0;0;0;0;3;1;1;17;4;4;19.492813338694923;-92.03073319525953;15Q;0.7231901255836846;20.84950941365018;601.0895716241157;0.6301666305410557;47.833188282483945;1.8032803393789762;3.640878323933521;5.999463306264323;6.053434853582342;12.07992107274687;7.894725859299417;-13.963363147540889;0.020905986740720573;28.82991439743816;3.987049971793778;15.896567477580767;-55.467995;-16.871864;-25.397829996111977;-24.660686;-0.1569838829696921;3.0863275635554044;9.525417829561839;-47.005375;7.1312847;-21.150745846610395;-20.737453;-0.145920507292655;4.247084149501582;0.5035763;DIFF;6.552659e+07;DIFF;0.83277774;0.83141476;0.723190125584;20.8495094136;OIL SPILL
09 S1A_IW_GRDH_1SDV_20200820T001548_NR_Orb_Cal_TC.tif;25;SP00190GXS1;SENTINEL-1;IW;IMG_09_WIN_004;IMG_09_WIN_004;800;600;800;600;1;1;800;600;0;0;0;0;0;4;1;1;17;11;11;19.39507190311483;-92.08854661042851;15Q;0.2040617277143952;2.716491240064786;36.162217873979884;1.455738397203944;2.877697863904994;3.084961742491108;6.753841114779923;10.008341047566425;11.567823164921574;-22.4874410194483;-15.324992222913837;-22.52721861840921;0.3474999973218226;13.312105461866848;3.8624892401130775;14.918823129989297;-41.77159;-18.329103;-25.84912109375;-25.714596;-0.14942439342925976;2.849285188651019;8.118426086266071;-42.196705;-14.043251;-21.032680400674273;-20.519936;-0.13546942825982727;4.816440693075727;0.55166894;DIFF;225775.0;DIFF;0.813671;0.81208736;0.204061727714;2.71649124007;OIL SPILL
09 S1A_IW_GRDH_1SDV_20200820T001548_NR_Orb_Cal_TC.tif;26;SP00191GXS1;SENTINEL-1;IW;IMG_09_WIN_004;IMG_09_WIN_004;800;600;800;600;1;1;800;600;0;0;0;0;0;4;1;1;17;11;11;19.404850606901803;-92.070431996012;15Q;0.3390857495657163;3.9145790663278146;45.19189994317971;1.053675235878036;3.5962571318356975;3.085572255473191;6.956162782711324;9.755674440065974;11.043483323976048;-22.06101537653509;-14.95711739765875;-21.45605726416509;0.2780668799089884;11.544510706632193;3.9811912952684736;15.849884129521465;-54.391834;-17.925657;-26.144427544247787;-25.747684;-0.15227685855926887;3.121604609599887;9.744415338675264;-50.609253;-14.401196;-21.496328427810077;-21.07267;-0.14521571067743025;4.6480991164377095;0.55141664;DIFF;794546.0;DIFF;0.8222144;0.82137007;0.339085749566;3.91457906633;OIL SPILL
09 S1A_IW_GRDH_1SDV_20200820T001548_NR_Orb_Cal_TC.tif;27;SP00192GXS1;SENTINEL-1;IW;IMG_09_WIN_004;IMG_09_WIN_004;800;600;800;600;1;1;800;600;0;0;0;0;0;4;1;1;17;11;11;19.396997291289235;-92.0535804862078;15Q;0.368738878552562;11.403560138359834;352.6646941587762;0.6816144543421675;28.064164664680348;2.1159232674990154;4.2738218029298665;7.413511195924071;7.8075394584514495;15.431450169064382;10.000745757129863;16.029784848986893;0.035632630151238104;30.925841568762895;3.3222821786608736;11.037558874647642;-43.54901;-17.55494;-24.735044586088506;-24.27612;-0.13431478431736457;4.5119077835399946;20.357311847168784;-46.534245;15.96758;-20.332998474306148;-20.434853;-0.22190075847600538;4.402046111782358;0.50198793;DIFF;1.0430128e+07;DIFF;0.8220321;0.8345332;0.368738878553;11.4035601384;OIL SPILL
09 S1A_IW_GRDH_1SDV_20200820T001548_NR_Orb_Cal_TC.tif;28;SP00193GXS1;SENTINEL-1;IW;IMG_09_WIN_004;IMG_09_WIN_004;800;600;800;600;1;1;800;600;0;0;0;0;0;4;1;1;17;11;11;19.415781089301397;-92.06245462959532;15Q;0.20028842949405604;5.1880243598331015;134.38418198301585;0.7076828402067918;10.693953417978896;2.554362291177718;5.2031440322641105;8.375868332555159;8.596064712139585;17.0820682093157;11.1984900377444;-18.966473793884788;0.09351078697601013;25.902766190430718;3.8197820904832;14.590735218776205;-45.56147;-16.89834;-25.27090465531367;-24.387634;-0.1511533576887609;3.1018420148523584;9.62142388510334;-45.945873;-13.369909;-21.24850097479144;-20.798016;-0.1459793337201663;4.022403680522231;0.51876736;DIFF;1.206548e+06;DIFF;0.84082866;0.8401965;0.200288429494;5.18802435983;OIL SPILL
09 S1A_IW_GRDH_1SDV_20200820T001548_NR_Orb_Cal_TC.tif;29;SP00194GXS1;SENTINEL-1;IW;IMG_09_WIN_004;IMG_09_WIN_004;800;600;800;600;1;1;800;600;0;0;0;0;0;4;1;1;17;11;11;19.431937801854804;-92.12329535013797;15Q;0.27189291559606193;11.282839474052006;468.2081043492623;0.45924285211938676;37.258817101435525;0.8028464785124967;1.607003629583808;3.3268589916740083;3.32924045424513;6.657290177507005;4.132904490967877;-11.085443344724322;0.02683928470615541;41.497364686082406;4.017501717597023;16.140320050895028;-45.09884;-18.213377;-25.678313577586206;-25.044004;-0.15645504543973535;3.06278271830836;9.380637979568345;-55.495758;8.505067;-20.297847623601815;-19.907192;-0.1508919948116585;5.380465953984391;0.61125815;DIFF;6.1597184e+07;DIFF;0.79046655;0.78980666;0.271892915596;11.2828394741;OIL SPILL
09 S1A_IW_GRDH_1SDV_20200820T001548_NR_Orb_Cal_TC.tif;30;SP00195GXS1;SENTINEL-1;IW;IMG_09_WIN_011;IMG_09_WIN_011;800;600;800;600;1;1;800;600;0;0;0;0;0;11;1;1;17;1;1;19.633262590267773;-92.14048334510288;15Q;2.3975895670525906;62.54620988210766;1631.6505645400368;1.145464486422871;129.84262637261423;1.4472396012877562;2.9079886994411366;6.243052516152569;6.459593002728792;12.812392354965581;7.934717088859103;13.895400425376371;0.00770163102778176;26.087121307837975;4.144167176214469;17.174121584413406;-58.70172;-17.456978;-25.66130780346821;-25.039843;-0.16149477680379062;3.040556813063376;9.244985733466114;-69.042244;5.2206945;-20.881527661746297;-20.46652;-0.14560988364052949;4.779780141721911;0.544111;DIFF;1.9115336e+09;DIFF;0.81373584;0.81179917;2.39758956705;62.5462098821;OIL SPILL
09 S1A_IW_GRDH_1SDV_20200820T001548_NR_Orb_Cal_TC.tif;31;SP00196GXS1;SENTINEL-1;IW;IMG_09_WIN_001;IMG_09_WIN_001;800;600;800;600;1;1;800;600;0;0;0;0;0;1;1;1;17;13;13;19.569748205002725;-92.31983104350584;15Q;0.9524398545555963;30.565490181977726;980.9009835067147;0.3844653102340575;78.05762010439767;1.619786312111997;3.2645689486273253;5.738147841711192;6.672173745054598;-12.936692683288951;-8.332206761111982;13.187974954214218;0.012811049051489864;32.09177990167099;4.0921982401677655;16.746086436832154;-57.707973;-17.10479;-25.647887367230528;-25.17347;-0.15955303380645044;3.3633186629514396;11.31191242855746;-61.214676;-11.536136;-20.908671277626873;-20.395054;-0.1608575991411911;4.739216089603655;0.5409616;DIFF;1.7938022e+08;DIFF;0.8152199;0.81538606;0.952439854556;30.565490182;OIL SPILL
09 S1A_IW_GRDH_1SDV_20200820T001548_NR_Orb_Cal_TC.tif;32;SP00197GXS1;SENTINEL-1;IW;IMG_09_WIN_001;IMG_09_WIN_001;800;600;800;600;1;1;800;600;0;0;0;0;0;1;1;1;17;13;13;19.578949309112684;-92.2692255688907;15Q;0.9194339626209442;22.968777700238704;573.7929753422458;0.603693646780699;45.66099416856221;1.6077445182892622;3.2180218499939013;4.89947279459923;4.899326100545152;9.798725548260268;6.508369954763021;14.389548155461519;0.021900530599671092;24.981432744515725;4.196742020942921;17.612643590348068;-56.92327;-16.994926;-25.280411127241237;-24.658115;-0.16600766497901873;3.634071146856143;13.206473100412323;-56.858425;18.637552;-20.869849316638856;-20.400293;-0.17413020533688356;4.410561810602381;0.49971968;DIFF;1.584105e+08;DIFF;0.8255344;0.82664335;0.919433962621;22.9687777002;OIL SPILL
09 S1A_IW_GRDH_1SDV_20200820T001548_NR_Orb_Cal_TC.tif;33;SP00198GXS1;SENTINEL-1;IW;IMG_09_WIN_009;IMG_09_WIN_009;800;600;800;600;1;1;800;600;0;0;0;0;0;9;1;1;17;3;3;19.570604982561193;-92.36880995163497;15Q;0.9625341518399984;25.491591735477765;675.1150054946808;0.3914517221434491;53.723945139995266;1.7178827869750082;3.4425906650077644;6.0944930695111985;6.1162401897431815;12.22161033997923;7.842650653971429;14.616676848708478;0.018613673984555188;26.483830923554827;4.297746582543902;18.470625687767793;-58.96848;-16.86517;-26.222806782794862;-25.727978;-0.16389346183047468;3.334773949244687;11.120717292561006;-61.781998;-11.8386;-20.773517607279324;-20.27159;-0.1605300562133077;5.449289175515538;0.598403;DIFF;1.6279373e+08;DIFF;0.79219276;0.7917717;0.96253415184;25.4915917355;OIL SPILL
09 S1A_IW_GRDH_1SDV_20200820T001548_NR_Orb_Cal_TC.tif;34;SP00199GXS1;SENTINEL-1;IW;IMG_09_WIN_009;IMG_09_WIN_009;800;600;800;600;1;1;800;600;0;0;0;0;0;9;1;1;17;3;3;19.58656992368467;-92.38120476309575;15Q;0.3176903458635555;7.3431724223485135;169.7318849200999;0.42529470536355996;13.506834242669314;2.3139616423584517;4.6672641511044874;6.7486867993920585;6.729721504273241;13.468933602669612;9.066258764916778;15.687217102064434;0.07403659377420278;23.114244792009906;4.391520980894318;19.28545652563499;-45.622364;-18.079704;-26.06523391435731;-25.6739;-0.16848193249765428;3.3056627261048206;10.927406058758754;-52.232788;-12.239586;-20.870689488225572;-20.368053;-0.15838780640044242;5.194544426131738;0.5617013;DIFF;7.033844e+06;DIFF;0.8007099;0.7994244;0.317690345864;7.34317242235;OIL SPILL
09 S1A_IW_GRDH_1SDV_20200820T001548_NR_Orb_Cal_TC.tif;35;SP00200GXS1;SENTINEL-1;IW;IMG_09_WIN_001;IMG_09_WIN_001;800;600;800;600;1;1;800;600;0;0;0;0;0;1;1;1;17;13;13;19.561260497998518;-92.25009219234987;15Q;1.4713432766959555;37.41592511752737;951.4784717976507;0.5497155559232869;75.71625101605932;1.3633790611293795;2.7295711890798966;5.674228530828127;5.690295530277589;11.372557694893219;7.055081584908031;-14.477280685841873;0.013207204352839673;25.4297727186741;4.4014562408588604;19.372817040195415;-75.61429;-16.254456;-25.644797901808456;-24.952187;-0.17163154327484376;3.50793283440753;12.305592770714446;-59.346886;18.637552;-20.758769072368843;-20.295815;-0.1689855897610421;4.8860288294396135;0.5492089;DIFF;5.7076326e+08;DIFF;0.809473;0.80911845;1.4713432767;37.4159251175;OIL SPILL
09 S1A_IW_GRDH_1SDV_20200820T001548_NR_Orb_Cal_TC.tif;36;SP00201GXS1;SENTINEL-1;IW;IMG_09_WIN_001;IMG_09_WIN_001;800;600;800;600;1;1;800;600;0;0;0;0;0;1;1;1;17;13;13;19.543546753576685;-92.27586099543377;15Q;0.43694345167104776;15.29186548453444;535.1748586751742;0.4730672091318021;42.58786208833024;1.6135904761808024;3.2310619978006447;5.74975563366286;5.761531987794829;11.517177278846368;7.38151979408008;14.100375497635843;0.023480868749079946;34.99735589594532;4.426078579309119;19.590171590219033;-52.4125;-16.74627;-25.70902290147942;-24.88233;-0.17216051330579435;3.4568114273116612;11.949545243992485;-59.346886;-11.025011;-21.03587806009564;-20.503485;-0.1643293147752704;4.6731448413837775;0.5115484;DIFF;4.065875e+07;DIFF;0.8182294;0.81718165;0.436943451671;15.2918654845;OIL SPILL
09 S1A_IW_GRDH_1SDV_20200820T001548_NR_Orb_Cal_TC.tif;37;SP00202GXS1;SENTINEL-1;IW;IMG_09_WIN_001;IMG_09_WIN_001;800;600;800;600;1;1;800;600;0;0;0;0;0;1;1;1;17;13;13;19.55016098262809;-92.20626403032242;15Q;0.5542443970333836;15.75655728111174;447.94155553367096;0.4692207121871986;35.64605638972824;1.541214732623326;3.09626028417226;4.837559142230977;4.861846324786794;9.711556318422177;6.417909064825753;-11.949457752293284;0.028053594177900695;28.428897730765296;4.106247248076032;16.86126646233199;-54.035393;-16.565298;-25.473271636240703;-24.894962;-0.16119826721566827;3.301664280116854;10.900987018599544;-55.554676;12.836969;-20.542069522487886;-20.112288;-0.16072695482324428;4.931202113752818;0.5645812;DIFF;5.572077e+07;DIFF;0.8064166;0.8063569;0.554244397033;15.7565572811;OIL SPILL
09 S1A_IW_GRDH_1SDV_20200820T001548_NR_Orb_Cal_TC.tif;38;SP00203GXS1;SENTINEL-1;IW;IMG_09_WIN_001;IMG_09_WIN_001;800;600;800;600;1;1;800;600;0;0;0;0;0;1;1;1;17;13;13;19.541011814128534;-92.20936426524196;15Q;0.4088664773938445;12.4699686504926;380.3200475995034;0.39117602948648855;30.26490776620295;1.3412051980631126;2.6957677203522437;5.183701971753482;5.258959150557574;10.480376337846648;6.639903256118666;-12.179885715851718;0.03304156773663482;30.49887760419347;3.914459754488574;15.322995169510747;-47.41004;-14.940844;-25.403826048350137;-24.8784;-0.15408937799520164;3.1958150012822726;10.213233522420813;-55.554676;-12.958463;-20.663168269647343;-20.18133;-0.15466239056750494;4.7406577787027935;0.556834;DIFF;3.2151872e+07;DIFF;0.8133881;0.81345844;0.408866477394;12.4699686505;OIL SPILL
09 S1A_IW_GRDH_1SDV_20200820T001548_NR_Orb_Cal_TC.tif;39;SP00204GXS1;SENTINEL-1;IW;IMG_09_WIN_002;IMG_09_WIN_002;800;600;800;600;1;1;800;600;0;0;0;0;0;2;1;1;17;9;9;19.53204522525871;-92.1770877264048;15Q;0.12705340467699394;5.497986828942431;237.91459385187122;0.774863186994332;18.93264182261298;1.921096909329367;3.860824697625698;7.058458920165519;7.119522588665029;14.208516298455505;9.086821333349874;-16.64158566613027;0.05281883053455376;43.273038159976;3.6914219596112288;13.626596083900004;-43.100693;-17.88046;-25.061174870943955;-24.673267;-0.14729644474453912;3.2546915152285623;10.593016859300795;-49.569927;-13.918706;-20.91977689998031;-20.41403;-0.1555796474689759;4.141397970963645;0.51148844;DIFF;1.419696e+06;DIFF;0.83474845;0.8357726;0.127053404677;5.49798682894;OIL SPILL
09 S1A_IW_GRDH_1SDV_20200820T001548_NR_Orb_Cal_TC.tif;40;SP00205GXS1;SENTINEL-1;IW;IMG_09_WIN_002;IMG_09_WIN_002;800;600;800;600;1;1;800;600;0;0;0;0;0;2;1;1;17;9;9;19.50551088113146;-92.17188849765449;15Q;0.10158426023794634;4.445359867251274;194.53037609449018;0.3748537450953621;15.480235468481792;1.4634721886685875;2.9412750890989257;5.451402017457602;5.472369996173843;10.934257446421665;6.951698510953825;13.522935703093758;0.06459850058715379;43.760321302125604;3.768383846891817;14.20071681751517;-43.897697;-19.017685;-25.365501037822877;-25.042538;-0.1485633515093088;3.1842351441294063;10.139353453108821;-58.768337;-13.628208;-20.678414116040006;-20.23416;-0.15398836324007226;4.687086921782871;0.5603218;DIFF;1.251936e+06;DIFF;0.8152181;0.81587225;0.101584260238;4.44535986725;OIL SPILL
09 S1A_IW_GRDH_1SDV_20200820T001548_NR_Orb_Cal_TC.tif;41;SP00206GXS1;SENTINEL-1;IW;IMG_09_WIN_001;IMG_09_WIN_001;800;600;800;600;1;1;800;600;0;0;0;0;0;1;1;1;17;13;13;19.503956903279693;-92.22690293184093;15Q;7.561299202417576;69.097463844181;631.433749926383;0.3350926743598004;50.24790126791778;2.395278666368374;4.847057642495014;7.754169911399382;7.9637094865284555;15.824949133888612;10.41862517399792;-16.81131625655108;0.019901328707602736;9.138305732180052;4.429958834671819;19.624535276886903;-64.92761;-15.855134;-26.77392047989688;-26.059172;-0.16545798132171344;3.72142533868536;13.849006551409449;-66.58017;9.331578;-21.32002682640572;-20.712734;-0.17455068743516888;5.453893653491161;0.5790079;DIFF;1.13599e+09;DIFF;0.79629827;0.7974954;7.56129920242;69.0974638442;OIL SPILL
09 S1A_IW_GRDH_1SDV_20200820T001548_NR_Orb_Cal_TC.tif;42;SP00207GXS1;SENTINEL-1;IW;IMG_09_WIN_001;IMG_09_WIN_001;800;600;800;600;1;1;800;600;0;0;0;0;0;1;1;1;17;13;13;19.51272471429474;-92.23033788036373;15Q;0.6618666185134087;18.833169503522445;535.8908632453146;0.3072092364706777;42.64483992163735;1.613924497866903;3.2320807140431476;5.791047308134755;5.796994200658085;11.591014996767498;7.413767309738413;-14.949256450999059;0.023449495925827478;28.454629643995116;4.01750824678554;16.14037251298982;-60.04201;-18.010283;-25.739258918459797;-25.262146;-0.15608484531402905;3.552735746911112;12.621931287380056;-50.535465;9.331578;-20.880723051381235;-20.381239;-0.17014428754066074;4.858535867078562;0.55911803;DIFF;4.383133e+07;DIFF;0.81124043;0.8130545;0.661866618513;18.8331695035;OIL SPILL
09 S1A_IW_GRDH_1SDV_20200820T001548_NR_Orb_Cal_TC.tif;43;SP00208GXS1;SENTINEL-1;IW;IMG_09_WIN_004;IMG_09_WIN_004;800;600;800;600;1;1;800;600;0;0;0;0;0;4;1;1;17;11;11;19.488996436079812;-92.17031830898266;15Q;0.2702937997810387;9.087955214118828;305.5598391111279;0.2686821474364892;24.315679402450133;1.2054590823427018;2.4199965921904854;4.817635270920472;4.8762072432204775;9.723186201818473;6.107857802353934;11.510940853082387;0.04112572729097738;33.622507144007216;4.112310644138652;16.91109883389605;-53.53184;-18.498316;-25.431813995319;-24.919512;-0.16169946213414296;3.1601362973398324;9.986461417764705;-52.629986;4.1436124;-20.46664126774372;-20.075113;-0.15440424523003385;4.965172727575279;0.5669645;DIFF;1.4585344e+07;DIFF;0.8047653;0.8038606;0.270293799781;9.08795521412;OIL SPILL
09 S1A_IW_GRDH_1SDV_20200820T001548_NR_Orb_Cal_TC.tif;44;SP00209GXS1;SENTINEL-1;IW;IMG_09_WIN_002;IMG_09_WIN_002;800;600;800;600;1;1;800;600;0;0;0;0;0;2;1;1;17;9;9;19.520507299257662;-92.16440827932149;15Q;0.06371884056725563;1.5178435998364161;36.15648327958265;1.8682118583055662;2.8772415193825207;3.0111310717678124;6.307201570182997;11.218408303823297;11.990395817303995;23.59698528352223;15.228174938606347;-24.594303155177517;0.3475551125143669;23.8209544669025;3.5967144985965276;12.936355184414472;-40.99273;-18.328539;-25.829779411764704;-25.339193;-0.1392468143556166;3.502345429785009;12.26642350953594;-41.1384;-14.7314205;-21.418216959635416;-21.066772;-0.1635218018561255;4.411562452129289;0.579085;DIFF;25746.0;DIFF;0.82920635;0.8321903;0.0637188405673;1.51784359984;OIL SPILL
09 S1A_IW_GRDH_1SDV_20200820T001548_NR_Orb_Cal_TC.tif;45;SP00210GXS1;SENTINEL-1;IW;IMG_09_WIN_001;IMG_09_WIN_001;800;600;800;600;1;1;800;600;0;0;0;0;0;1;1;1;17;13;13;19.550612143953025;-92.22315126240687;15Q;0.032602333479536935;1.8549157806732584;105.53577569992862;0.8062425591826257;8.398270187840586;1.3062718768527817;2.6143016293941006;6.35429547725042;6.3576696840556455;12.713652302378671;7.665237534956439;16.094031672215742;0.11907213957558158;56.89518456823062;4.175567768439201;17.435366188828333;-40.347923;-18.135931;-25.0862966954023;-24.055893;-0.16644815371271918;3.185149655969689;10.145178330923827;-40.486713;-14.1253195;-21.00484288924326;-20.463585;-0.15163882314020202;4.08145380615904;0.5139754;DIFF;243283.0;DIFF;0.83730346;0.8353823;0.0326023334796;1.85491578067;OIL SPILL
09 S1A_IW_GRDH_1SDV_20200820T001548_NR_Orb_Cal_TC.tif;46;SP00211GXS1;SENTINEL-1;IW;IMG_09_WIN_001;IMG_09_WIN_001;800;600;800;600;1;1;800;600;0;0;0;0;0;1;1;1;17;13;13;19.534971985261695;-92.2650608723177;15Q;0.3785156845155061;12.794346554939908;432.46636920060524;0.5876734899833866;34.41458018964047;1.5259402467633945;3.066614747549534;5.355689188901653;5.424414326919088;10.814547078399487;6.971492907760522;-12.5286584670764;0.02905745165245461;33.801364324747766;4.3848928250386;19.227285087074993;-59.244724;-17.962421;-25.25618811881188;-24.695501;-0.17361657287358204;3.354129063419857;11.250181774077765;-59.249676;-12.528472;-20.81807891070503;-20.295958;-0.16111616628060255;4.438109208106852;0.51786447;DIFF;2.582352e+07;DIFF;0.8242764;0.82260066;0.378515684516;12.7943465549;OIL SPILL
09 S1A_IW_GRDH_1SDV_20200820T001548_NR_Orb_Cal_TC.tif;47;SP00212GXS1;SENTINEL-1;IW;IMG_09_WIN_001;IMG_09_WIN_001;800;600;800;600;1;1;800;600;0;0;0;0;0;1;1;1;17;13;13;19.55682031022119;-92.27565582068995;15Q;0.2401935358489019;7.865100970626074;257.5415406560202;0.9080903461589503;20.49450462345397;1.5662252486112198;3.144395015096042;5.628343520044358;5.64836206898175;11.286718552794813;7.2209985918165005;-13.67162187950265;0.04879356775745616;32.744848618964326;4.0956916537057495;16.774690122234936;-51.28529;-17.664787;-25.51511462802262;-24.963234;-0.16052021374058625;3.663512285642393;13.421322267052751;-59.346886;10.640502;-21.02986072996707;-20.530743;-0.1742052566435674;4.48525389805555;0.521441;DIFF;8.670832e+06;DIFF;0.82421196;0.8260502;0.240193535849;7.86510097063;OIL SPILL
09 S1A_IW_GRDH_1SDV_20200820T001548_NR_Orb_Cal_TC.tif;48;SP00213GXS1;SENTINEL-1;IW;IMG_09_WIN_001;IMG_09_WIN_001;800;600;800;600;1;1;800;600;0;0;0;0;0;1;1;1;17;13;13;19.585279222307854;-92.22631910497307;15Q;0.05132846777309483;2.045220482939001;81.49331171007275;0.7417134496925315;6.485031693793358;2.2528724621483356;4.575677679416345;6.481687992057413;6.521183946830695;13.022642741248866;8.809640622721838;-15.011803339612412;0.15420125100654047;39.8457341836153;3.1937516273574404;10.200049457248298;-35.352535;-19.64458;-25.00148979242701;-24.346857;-0.12774245270475174;3.1492251860430422;9.917619272407835;-40.769184;-13.824178;-21.11046024195151;-20.640568;-0.14917842386897762;3.8910295504754977;0.5462384;DIFF;143197.5;DIFF;0.8443681;0.8468304;0.051328467773;2.04522048294;OIL SPILL
09 S1A_IW_GRDH_1SDV_20200820T001548_NR_Orb_Cal_TC.tif;49;SP00214GXS1;SENTINEL-1;IW;IMG_09_WIN_013;IMG_09_WIN_013;800;600;800;600;1;1;800;600;0;0;0;0;0;13;1;1;17;2;2;19.218474804416847;-92.38287327709395;15Q;0.15656809651742834;2.3279825360457074;34.614348699899615;1.0511938924235718;2.754522348747772;3.1261444555944906;8.021376366988274;9.879234864079523;11.768863485131357;-23.70884971621284;15.955396803703923;22.594189558527777;0.36303934889277917;14.868818027602249;4.0002146117635755;16.001716940166812;-41.346287;-18.123322;-26.479166666666668;-26.071817;-0.15107026071176366;3.041092117362797;9.24824126628614;-35.937263;-12.648769;-20.699096319598084;-20.542368;-0.1469190765822692;5.780070347068584;0.6278729;DIFF;126701.0;DIFF;0.78171253;0.7812396;0.156568096517;2.32798253605;OIL SPILL
10 S1A_IW_GRDH_1SDV_20200901T001548_NR_Orb_Cal_TC.tif;0;OS03015GXS1;SENTINEL-1;IW;IMG_10_WIN_005;IMG_10_WIN_005;800;600;800;600;1;1;800;600;0;0;0;0;0;5;1;1;6;5;5;19.488407885094443;-92.044889583853;15Q;12.73047350597753;129.1659959954588;1310.5446952672305;2.890205008195408;104.28983319732069;1.6249998597494828;3.2574373808444705;5.3042960278004605;5.311163401926264;10.618895689642196;6.945852538580382;13.082064110671867;0.009588662378124228;10.14620516156053;4.162341016672472;17.32508273907403;-57.729298;-13.990528;-23.909069825656733;-23.280313;-0.17409046219798477;2.745576056753897;7.538187883420278;-65.94489;22.043688;-17.93816027974645;-17.723267;-0.15305783948501459;5.970909545910281;0.64951307;DIFF;2.8294906e+10;DIFF;0.75026596;0.7477563;12.730473506;129.165995995;SEEPAGE SLICK
10 S1A_IW_GRDH_1SDV_20200901T001548_NR_Orb_Cal_TC.tif;1;OS03016GXS1;SENTINEL-1;IW;IMG_10_WIN_006;IMG_10_WIN_006;800;600;800;600;1;1;800;600;0;0;0;0;0;6;1;1;6;1;1;19.294255102081635;-92.96783344460715;15Q;0.2870701196197572;8.56602085518474;255.6055412128998;1.3006521206504509;20.34044268285609;2.058039168899548;4.125542963213123;5.728828956338937;5.730434757743869;11.46006661480188;7.793462052291967;-16.518293049965262;0.049163138462214914;29.83947220466897;2.612271745539441;6.823963672543679;-26.957918;-10.42038;-16.36095281862745;-16.06097;-0.15966501306484357;2.4001872611123174;5.7608988884058485;-33.32449;-4.1363106;-13.037141264757599;-12.837602;-0.18410380100740162;3.3238115538698505;0.5293507;DIFF;1.2756656e+07;DIFF;0.79684484;0.8001022;0.28707011962;8.56602085518;SEEPAGE SLICK
10 S1A_IW_GRDH_1SDV_20200901T001548_NR_Orb_Cal_TC.tif;2;SP00215GXS1;SENTINEL-1;IW;IMG_10_WIN_001;IMG_10_WIN_001;800;600;800;600;1;1;800;600;0;0;0;0;0;1;1;1;6;4;4;19.615112473981394;-92.11413295864797;15Q;5.764134305444365;50.22371006221025;437.6062247596263;0.9696477850257513;34.82359689913874;3.0061992101468475;6.502619110183264;9.508999553075279;10.266890456834593;20.833621602767746;-14.014683514002858;20.164582957830934;0.02871616056481322;8.71314015268047;3.5985568233534386;12.94961121090359;-58.623123;-14.407727;-22.563190517969716;-22.010332;-0.1594879421191558;2.609105178235003;6.807429831092708;-41.055824;-11.414554;-18.476816981656476;-18.218964;-0.14120966727252243;4.086373536313239;0.52935976;DIFF;3.498144e+08;DIFF;0.818892;0.8166945;5.76413430544;50.2237100622;OIL SPILL
10 S1A_IW_GRDH_1SDV_20200901T001548_NR_Orb_Cal_TC.tif;3;SP00216GXS1;SENTINEL-1;IW;IMG_10_WIN_005;IMG_10_WIN_005;800;600;800;600;1;1;800;600;0;0;0;0;0;5;1;1;6;5;5;19.417615650971435;-92.03552368471883;15Q;0.39495172110779003;11.02758073188904;307.90481544740845;5.565436277311899;24.502286690126414;2.0221947263197704;4.052890421859504;7.829811875871061;7.782321165390096;15.58838973342268;9.80879721216657;18.101164305439546;0.040812517323249094;27.921338590342284;3.4666278831515625;12.017508880243884;-40.681133;-14.923599;-22.151345857075025;-21.666357;-0.1564973932292398;2.6105404452624543;6.814921416351094;-40.985043;-12.148397;-18.569998234463277;-18.248196;-0.14057838952389679;3.581347622611748;0.47227648;DIFF;3.789862e+06;DIFF;0.8383237;0.83638656;0.394951721108;11.0275807319;OIL SPILL
10 S1A_IW_GRDH_1SDV_20200901T001548_NR_Orb_Cal_TC.tif;4;SP00217GXS1;SENTINEL-1;IW;IMG_10_WIN_005;IMG_10_WIN_005;800;600;800;600;1;1;800;600;0;0;0;0;0;5;1;1;6;5;5;19.43798689414189;-92.07221062031434;15Q;0.20213570115177842;5.476198665199879;148.35950131451133;3.489189733198617;11.806073994426512;2.333111186855727;4.717713671375595;7.670529252866414;7.625439363764896;15.273498148751308;9.984326935403965;17.005827939844202;0.08470216267254352;27.091694510154564;3.4175509654345517;11.679654601342637;-40.861267;-15.749499;-22.257971938775512;-21.78869;-0.15354278345013328;2.484035424772904;6.170431991526701;-30.286272;-11.77548;-18.508018240440116;-18.190357;-0.1342140142992335;3.7499536983353963;0.5159761;DIFF;619363.5;DIFF;0.8315231;0.82926095;0.202135701152;5.4761986652;OIL SPILL
10 S1A_IW_GRDH_1SDV_20200901T001548_NR_Orb_Cal_TC.tif;5;SP00218GXS1;SENTINEL-1;IW;IMG_10_WIN_005;IMG_10_WIN_005;800;600;800;600;1;1;800;600;0;0;0;0;0;5;1;1;6;5;5;19.370220692494183;-92.06827257166341;15Q;0.17483071173006332;4.474449909317947;114.51478857963541;5.71364683221201;9.11279732978615;2.3652855140886286;4.745016025061026;8.110944827192599;8.16673959058449;16.305611814211463;10.546363854178805;18.235306683014585;0.10973578845338668;25.593042921580324;3.7310592964591804;13.920803473694475;-40.541862;-15.661461;-23.0780055492221;-22.441675;-0.1616716526261926;2.403577978056838;5.777187096599797;-29.470142;-11.948331;-18.374423509995065;-18.189814;-0.13081106880710422;4.703582039227037;0.58604455;DIFF;411513.0;DIFF;0.7961879;0.79267824;0.17483071173;4.47444990932;OIL SPILL
10 S1A_IW_GRDH_1SDV_20200901T001548_NR_Orb_Cal_TC.tif;6;SP00219GXS1;SENTINEL-1;IW;IMG_10_WIN_004;IMG_10_WIN_004;800;600;800;600;1;1;800;600;0;0;0;0;0;4;1;1;6;3;3;19.498286369990183;-92.05481259884407;15Q;0.4569873001946098;14.833564502899877;481.4896076280209;3.413552776947249;38.31572555068834;2.1946242073836113;4.442260677515353;7.24514211570786;7.172617264249011;14.381517754466659;9.393760667677187;16.390850347303996;0.02609894464029104;32.459467684513214;3.2825335688934705;10.775026630912505;-39.176098;-15.196953;-22.135185410684986;-21.533735;-0.14829483051490241;2.6599502505168973;7.075335335224904;-47.137913;-11.361615;-18.52696808693855;-18.175304;-0.14357180505925055;3.6082173237464374;0.49692023;DIFF;7.278276e+06;DIFF;0.8369918;0.8364271;0.456987300195;14.8335645029;OIL SPILL
10 S1A_IW_GRDH_1SDV_20200901T001548_NR_Orb_Cal_TC.tif;7;SP00220GXS1;SENTINEL-1;IW;IMG_10_WIN_003;IMG_10_WIN_003;800;600;800;600;1;1;800;600;0;0;0;0;0;3;1;1;6;1;1;19.543286269471164;-92.19311651415677;15Q;3.4777751945324695;51.31559605322042;757.1767152854438;4.525743495463312;60.25420851588153;2.471581846613032;5.014932866717384;7.4174033477810335;7.504460027382517;14.9662318561797;10.016256241471291;16.172012662589363;0.01659635110361502;14.755294170219926;4.439991442377722;19.713524008387406;-58.002956;-14.158503;-23.50111462823276;-22.699417;-0.18892684507158633;3.0057612925716346;9.034600947921904;-53.304188;10.778152;-17.713200370310737;-17.469385;-0.16969046980406882;5.787914257922022;0.61887455;DIFF;4.1147635e+08;DIFF;0.75371754;0.7512031;3.47777519453;51.3155960532;OIL SPILL
10 S1A_IW_GRDH_1SDV_20200901T001548_NR_Orb_Cal_TC.tif;8;SP00221GXS1;SENTINEL-1;IW;IMG_10_WIN_001;IMG_10_WIN_001;800;600;800;600;1;1;800;600;0;0;0;0;0;1;1;1;6;4;4;19.659038267740364;-92.22692474067938;15Q;0.28311585529075584;9.685682875329272;331.357114087103;0.6819520029603826;26.368561317813775;2.237803418251882;4.678122986770713;7.465663894129903;8.759997323317684;-16.883159259188748;-11.101729987896231;-17.539272216060716;0.03792394996250445;34.21102242890006;3.2663297736307437;10.668910190106665;-43.00185;-14.962404;-21.04844318369709;-20.426285;-0.15518153742413854;2.634442652141881;6.9402880874243476;-34.30221;-10.778103;-17.72915392102336;-17.48361;-0.14859381693437382;3.3192892626737276;0.46680704;DIFF;2.73706e+06;DIFF;0.8423025;0.8414792;0.283115855291;9.68568287532;OIL SPILL
10 S1A_IW_GRDH_1SDV_20200901T001548_NR_Orb_Cal_TC.tif;9;SP00222GXS1;SENTINEL-1;IW;IMG_10_WIN_004;IMG_10_WIN_004;800;600;800;600;1;1;800;600;0;0;0;0;0;4;1;1;6;3;3;19.531916752810826;-92.09100064602264;15Q;0.8346883404579908;14.997208251500993;269.46135993163466;2.319837600903;21.443053702692023;2.6992656612577903;5.552371949635091;8.199119666221208;8.231014153338412;16.446284070883333;11.007224551492168;-17.960803391846166;0.04663514879293788;17.967434699365842;2.753929826410767;7.584129488794836;-35.740578;-14.559133;-20.76099082285586;-20.469063;-0.13264924829016128;2.524974360103787;6.375495519181529;-40.319626;-11.381563;-18.328672261448858;-18.063328;-0.13776089855753637;2.4323185614070013;0.3869181;DIFF;1.055205e+07;DIFF;0.88284194;0.8834413;0.834688340458;14.9972082515;OIL SPILL
10 S1A_IW_GRDH_1SDV_20200901T001548_NR_Orb_Cal_TC.tif;10;SP00223GXS1;SENTINEL-1;IW;IMG_10_WIN_005;IMG_10_WIN_005;800;600;800;600;1;1;800;600;0;0;0;0;0;5;1;1;6;5;5;19.388815842970704;-92.04820224150964;15Q;0.04239028892223257;1.2838331528046898;38.88219698771571;3.787175387311393;3.0941469244338795;2.585808956410525;5.292245304392827;7.1265853647885296;7.1426128157437105;14.277245951491816;9.789591258282181;16.179576342893807;0.32319085823080784;30.28602034678168;2.9938263425701384;8.96299616946689;-34.537785;-15.815114;-21.27506222345133;-20.778868;-0.14071998056344426;2.541224083682927;6.457819843490131;-34.613415;-12.71301;-18.037907654972752;-17.670921;-0.1408824200839255;3.2371545684785765;0.519158;DIFF;33920.0;DIFF;0.8478428;0.84786177;0.0423902889222;1.2838331528;OIL SPILL
11 S1B_IW_GRDH_1SDV_20200320T120027_NR_Orb_Cal_TC.tif;0;OS03017GXS1;SENTINEL-1;IW;IMG_11_WIN_001;IMG_11_WIN_001;800;600;800;600;1;1;800;600;0;0;0;0;0;1;1;1;2;1;1;19.384605350634125;-92.03135055237647;15Q;0.24497176528868292;8.209082189541952;275.08896919300645;1.028662047912315;21.89088461856054;2.495809783722232;5.116175720055374;8.105339728018208;8.27036079513561;16.46992497462434;10.895373045287132;17.09806775671831;0.04568111419088718;33.51031977039516;2.2827358080963256;5.210882769565184;-26.45136;-11.275262;-16.432902828292494;-16.368597;-0.13891251180321862;2.668203088271691;7.11930772026259;-26.07565;12.065231;-13.643972011910462;-13.618579;-0.19555911474624044;2.7889308163820328;0.46037093;DIFF;2.186483e+06;DIFF;0.8302838;0.8379649;0.244971765289;8.20908218954;SEEPAGE SLICK
11 S1B_IW_GRDH_1SDV_20200320T120027_NR_Orb_Cal_TC.tif;1;SP00224GXS1;SENTINEL-1;IW;IMG_11_WIN_002;IMG_11_WIN_002;800;600;800;600;1;1;800;600;0;0;0;0;0;2;1;1;2;1;1;19.31025787900502;-92.19044257946892;15Q;0.5989569342382003;18.94333069878715;599.1245070399335;0.6619733360736592;47.67681341145024;1.4395443022286005;2.8826927483645783;5.245583696564099;5.251537406805902;10.500097966248017;6.69288598206699;-14.22362500303433;0.02097455615101651;31.6271999135977;2.3818672213024077;5.673291459914853;-29.432974;-8.981416;-16.509396048715537;-16.213154;-0.14427343158247885;2.4556690932642895;6.0303106956134584;-28.386446;10.909461;-13.601614182037512;-13.477512;-0.18054247535614423;2.9077818666780253;0.47239366;DIFF;6.651072e+07;DIFF;0.8238711;0.8286114;0.598956934238;18.9433306988;OIL SPILL
12 S1B_IW_GRDH_1SDV_20200425T120028_NR_Orb_Cal_TC.tif;0;OS03018GXS1;SENTINEL-1;IW;IMG_12_WIN_004;IMG_12_WIN_004;800;600;800;600;1;1;800;600;0;0;0;0;0;4;1;1;14;3;3;19.421775052405206;-91.99190939636955;15Q;80.34525601831258;538.0647025163464;3603.369239722347;2.139842483258741;286.74701314354814;2.131278734502398;4.540767549493057;6.60175396568439;6.845718825136607;13.58098557331072;9.145412484492715;14.212650747580703;0.003487394651603192;6.696906938646244;4.2624378938947745;18.16837679931012;-78.18699;-20.820942;-31.357475970179213;-30.344099;-0.1359305161534152;4.379251017489918;19.177839474186484;-84.43018;25.166107;-26.180358074099463;-25.568842;-0.16727238814286358;5.17711789607975;0.5916195;DIFF;2.4465048e+11;DIFF;0.83489996;0.838786;80.3452560183;538.064702516;SEEPAGE SLICK
12 S1B_IW_GRDH_1SDV_20200425T120028_NR_Orb_Cal_TC.tif;1;OS03019GXS1;SENTINEL-1;IW;IMG_12_WIN_006;IMG_12_WIN_006;800;600;800;600;1;1;800;600;0;0;0;0;0;6;1;1;14;2;2;19.284070455555245;-93.02280463436564;15Q;9.91483352203194;77.90470683239359;612.1276099245472;0.8594042917709717;48.71156746125961;2.306926071515597;4.80328107458453;6.966556641450003;7.127902259230506;14.183871570064717;9.632860987787716;14.877111890658451;0.020529004754267076;7.857389300514231;4.308866469075103;18.56633024831975;-70.9803;-20.395502;-31.384216502649508;-30.415209;-0.13729405890095556;3.668082177343113;13.454826859742195;-90.57781;-16.203737;-25.794869472585578;-25.178646;-0.1422020057609324;5.58934703006393;0.6373434;DIFF;5.34212e+09;DIFF;0.82190573;0.82245886;9.91483352203;77.9047068324;SEEPAGE SLICK
12 S1B_IW_GRDH_1SDV_20200425T120028_NR_Orb_Cal_TC.tif;2;SP00225GXS1;SENTINEL-1;IW;IMG_12_WIN_001;IMG_12_WIN_001;800;600;800;600;1;1;800;600;0;0;0;0;0;1;1;1;14;15;15;19.482197370820586;-91.9656194196307;15Q;0.45255425783793884;14.185144020066973;444.6280360533007;0.785872249718887;35.382374887562136;2.444003841552152;5.618173647064348;7.553155095853478;8.444042148095294;16.994630725404633;11.271770478400114;-16.460442171857224;0.028262659111430284;31.344626140158248;3.7429941474305455;14.010005187699315;-41.48049;-21.766504;-30.528091342170672;-29.898954;-0.12260819405568521;3.884551276352403;15.089738618611081;-41.447098;-2.4822278;-25.971353574676062;-25.30828;-0.1495706130673189;4.55673776749461;0.5412185;DIFF;8.73026e+06;DIFF;0.85073626;0.85380614;0.452554257838;14.1851440201;OIL SPILL
12 S1B_IW_GRDH_1SDV_20200425T120028_NR_Orb_Cal_TC.tif;3;SP00226GXS1;SENTINEL-1;IW;IMG_12_WIN_001;IMG_12_WIN_001;800;600;800;600;1;1;800;600;0;0;0;0;0;1;1;1;14;15;15;19.490052076098145;-91.9714917819615;15Q;0.0727349771777263;2.795401247696425;107.43480563042924;1.2391425988505183;8.5493901880999;2.5833807689485635;5.841366197254822;8.023617212379087;8.457829094287947;-17.073477886119882;11.38709408836306;-16.74108697791786;0.11696740679726184;38.432695742323865;3.920220387800563;15.368127888927194;-41.483536;-23.302847;-31.044584608569586;-30.025246;-0.1262771087849705;3.6689420837751947;13.461136014096667;-41.31893;-18.081291;-26.41973635389182;-25.998676;-0.1388712602816997;4.624848254677765;0.5686832;DIFF;121253.5;DIFF;0.85102564;0.8524231;0.0727349771778;2.7954012477;OIL SPILL
12 S1B_IW_GRDH_1SDV_20200425T120028_NR_Orb_Cal_TC.tif;4;SP00227GXS1;SENTINEL-1;IW;IMG_12_WIN_001;IMG_12_WIN_001;800;600;800;600;1;1;800;600;0;0;0;0;0;1;1;1;14;15;15;19.499394256569264;-91.97168643630702;15Q;0.16345693208752424;4.708942490725819;135.65738141402144;1.418943778524638;10.795271409472063;2.594832170218306;5.36217819033269;8.333056602853421;8.547268319108168;16.988615998046175;11.248629250596245;18.119501165919377;0.0926331503923628;28.808460005871027;3.986873594893409;15.895161061658293;-42.87528;-23.83636;-30.671332963016056;-29.71177;-0.1299869686035765;3.8950482438866856;15.171400822204753;-43.051655;-17.154486;-26.033624564965198;-25.318977;-0.14961605650288337;4.637708398050858;0.55657315;DIFF;622957.5;DIFF;0.8487934;0.8510808;0.163456932088;4.70894249072;OIL SPILL
12 S1B_IW_GRDH_1SDV_20200425T120028_NR_Orb_Cal_TC.tif;5;SP00228GXS1;SENTINEL-1;IW;IMG_12_WIN_001;IMG_12_WIN_001;800;600;800;600;1;1;800;600;0;0;0;0;0;1;1;1;14;15;15;19.497463023690614;-91.98222051158868;15Q;0.1409636786230095;4.187872594824581;124.41699196419808;0.8562561983157823;9.900789637863372;2.76183984654688;5.9920192043486775;9.655912474663229;10.037444470654448;19.938797861432217;13.310724496313936;20.210370190178477;0.10100204494555888;29.708877036506305;3.920515932822739;15.370445179516953;-41.98683;-23.56199;-30.61134370844415;-29.484589;-0.128073957489859;4.151421229630132;17.234298225823757;-42.30161;-11.244635;-26.369112364348876;-25.9817;-0.15743500093097054;4.2422313440952735;0.4858042;DIFF;371471.0;DIFF;0.8614163;0.8649613;0.140963678623;4.18787259482;OIL SPILL
12 S1B_IW_GRDH_1SDV_20200425T120028_NR_Orb_Cal_TC.tif;6;SP00229GXS1;SENTINEL-1;IW;IMG_12_WIN_001;IMG_12_WIN_001;800;600;800;600;1;1;800;600;0;0;0;0;0;1;1;1;14;15;15;19.507416939559345;-91.97470461924777;15Q;0.04123707767937519;1.7819239769536825;76.99995339947519;0.6098857789860792;6.127461600686033;2.753361257180954;5.9783827104571055;8.234117165839166;8.699995155582386;17.1718300682426;11.863226653095765;-17.998156224098004;0.1631997171370343;43.21169387434346;3.8285351721560583;14.65768156443602;-41.351757;-23.814327;-30.689426491477274;-30.060085;-0.12475095203291846;4.013191237469532;16.10570390850223;-41.197994;-18.581932;-26.95419979659763;-26.776768;-0.14888927394446738;3.7352266948796427;0.43394297;DIFF;28605.0;DIFF;0.8782895;0.8811411;0.0412370776793;1.78192397695;OIL SPILL
12 S1B_IW_GRDH_1SDV_20200425T120028_NR_Orb_Cal_TC.tif;7;SP00230GXS1;SENTINEL-1;IW;IMG_12_WIN_001;IMG_12_WIN_001;800;600;800;600;1;1;800;600;0;0;0;0;0;1;1;1;14;15;15;19.502806100004058;-91.98095837428966;15Q;0.17807349511132098;4.763718849083654;127.43624343942128;0.840718072990194;10.141054036223007;2.3246419370826894;4.742020948225358;6.6333744960466685;6.644210498548774;13.283007278097772;9.01930085596018;-15.635546221015638;0.09860907913793603;26.751419946610582;4.094172807773917;16.762250979915358;-42.607155;-22.392971;-30.702029194078946;-29.929056;-0.13335186354925035;5.644606252239165;31.861579742817472;-42.57798;14.86804;-24.484647658475783;-24.652876;-0.23053655216823948;6.217381535603163;0.6038841;DIFF;1.728795e+06;DIFF;0.79749274;0.8112295;0.178073495111;4.76371884908;OIL SPILL
12 S1B_IW_GRDH_1SDV_20200425T120028_NR_Orb_Cal_TC.tif;8;SP00231GXS1;SENTINEL-1;IW;IMG_12_WIN_001;IMG_12_WIN_001;800;600;800;600;1;1;800;600;0;0;0;0;0;1;1;1;14;15;15;19.504303667850994;-91.99081916376107;15Q;0.10684254383344936;3.3060803324168306;102.30163727130818;1.385695102963229;8.140905629061386;2.4599771920670506;5.198331144716429;7.271045066895517;7.472158021597802;14.845190859953217;10.109469887872958;-15.9349875357699;0.12283645647852767;30.94348200442033;4.461854350385861;19.908144244057237;-42.137394;-22.825407;-30.926521381578947;-29.47715;-0.14427275202841006;5.90923623967107;34.91907293624188;-42.043175;9.547267;-23.837913633017017;-24.36123;-0.24789234203308816;7.08860774856193;0.6122118;DIFF;378829.0;DIFF;0.770792;0.78598386;0.106842543833;3.30608033242;OIL SPILL
12 S1B_IW_GRDH_1SDV_20200425T120028_NR_Orb_Cal_TC.tif;9;SP00232GXS1;SENTINEL-1;IW;IMG_12_WIN_001;IMG_12_WIN_001;800;600;800;600;1;1;800;600;0;0;0;0;0;1;1;1;14;15;15;19.50823825105217;-92.00668151488856;15Q;0.061479372663147604;2.826774188741913;129.97289933193014;0.878537212926127;10.342914698330992;2.383666890657294;5.129156843177735;7.278834021677297;7.552426872484219;14.970937025574369;10.129868470123204;15.908198662826194;0.09668454484705044;45.979229557694524;3.8259815326350552;14.638134688064488;-41.617325;-24.63784;-30.633687833460368;-29.35976;-0.1248945785905684;3.950385791740184;15.605547903582721;-41.657547;-14.227376;-26.062027093512487;-25.611216;-0.15157630592455093;4.57166073994788;0.56233287;DIFF;124627.5;DIFF;0.8507636;0.8538478;0.0614793726631;2.82677418874;OIL SPILL
12 S1B_IW_GRDH_1SDV_20200425T120028_NR_Orb_Cal_TC.tif;10;SP00233GXS1;SENTINEL-1;IW;IMG_12_WIN_001;IMG_12_WIN_001;800;600;800;600;1;1;800;600;0;0;0;0;0;1;1;1;14;15;15;19.498199732459813;-92.01217221430107;15Q;0.10009722342782829;4.46208998475715;198.90908409088564;2.3596468076473918;15.828681979472963;1.941072587469014;3.995026291921502;6.47313415730857;7.483702133165899;-14.47990259144648;-9.494667117623706;15.014333795280086;0.06317645406590551;44.577560015682046;3.851452765230183;14.833688402799222;-41.2921;-23.758928;-30.867798308754683;-29.881092;-0.12477251298282065;3.849202480856473;14.816359738631625;-41.087276;-17.570368;-26.134662128137588;-25.563398;-0.14728342237538525;4.733136180617095;0.5501486;DIFF;712788.5;DIFF;0.8466643;0.84921336;0.100097223428;4.46208998475;OIL SPILL
12 S1B_IW_GRDH_1SDV_20200425T120028_NR_Orb_Cal_TC.tif;11;SP00234GXS1;SENTINEL-1;IW;IMG_12_WIN_001;IMG_12_WIN_001;800;600;800;600;1;1;800;600;0;0;0;0;0;1;1;1;14;15;15;19.488953328120346;-91.99868908727599;15Q;0.1750874593022412;7.098551305829589;287.79577270871937;1.3064515620800001;22.90205991377214;1.7953247257362144;3.691242012780908;5.230861774025602;5.3610227636651375;10.657683483116065;7.242459098736545;-11.897502859003376;0.04366419456437849;40.54288830347271;3.738876493015747;13.979197430025732;-40.32648;-23.519072;-30.73152268468951;-29.914713;-0.12166258507192229;3.8465532243399108;14.795971707679763;-60.882214;4.806886;-25.39459169878617;-24.876398;-0.1514713553958724;5.33693098590334;0.6261335;DIFF;7.034544e+06;DIFF;0.82633686;0.8296451;0.175087459302;7.09855130583;OIL SPILL
12 S1B_IW_GRDH_1SDV_20200425T120028_NR_Orb_Cal_TC.tif;12;SP00235GXS1;SENTINEL-1;IW;IMG_12_WIN_001;IMG_12_WIN_001;800;600;800;600;1;1;800;600;0;0;0;0;0;1;1;1;14;15;15;19.50445791700298;-92.01770247545801;15Q;0.13945547926568397;4.27962055041233;131.33332696536345;1.3265906094444735;10.451174089620853;2.75397494830628;6.083342585940755;8.906776140088812;9.337974054990763;18.826289805315188;12.574062862948505;-18.50487796982621;0.09568302962182099;30.68807746348209;3.7283393492097625;13.900514302865876;-41.55689;-23.27939;-30.643895959341396;-29.907534;-0.12166662340051532;3.667983459306589;13.454102657746734;-41.26755;-18.052038;-26.114903075690336;-25.59165;-0.14045556472775184;4.5289928836510605;0.58328557;DIFF;313424.5;DIFF;0.8522057;0.8542712;0.139455479266;4.27962055042;OIL SPILL
12 S1B_IW_GRDH_1SDV_20200425T120028_NR_Orb_Cal_TC.tif;13;SP00236GXS1;SENTINEL-1;IW;IMG_12_WIN_001;IMG_12_WIN_001;800;600;800;600;1;1;800;600;0;0;0;0;0;1;1;1;14;15;15;19.491896171938187;-92.01734175784286;15Q;0.07535669523900282;1.668849413166438;36.958339998759456;0.8935764619094344;2.9410512496367405;3.124985349979114;7.139508824505449;10.480767547327789;11.572612352689795;22.59931823884199;15.982069688363927;24.666495813957443;0.34001447615831704;22.14600053616313;3.6527445206304527;13.342542532995795;-39.475246;-24.30028;-30.8622803949005;-29.87212;-0.11835627419268768;3.326034902780224;11.062508174512253;-39.32242;-19.660446;-26.71828654661017;-26.673206;-0.12448533692375599;4.143993848290329;0.50383675;DIFF;28813.5;DIFF;0.86572635;0.86636144;0.0753566952389;1.66884941316;OIL SPILL
12 S1B_IW_GRDH_1SDV_20200425T120028_NR_Orb_Cal_TC.tif;14;SP00237GXS1;SENTINEL-1;IW;IMG_12_WIN_001;IMG_12_WIN_001;800;600;800;600;1;1;800;600;0;0;0;0;0;1;1;1;14;15;15;19.51993582538239;-92.01793148662597;15Q;0.05735134120021609;1.8928912604667698;62.47521416182638;0.7062285247847135;4.971619577289726;2.552589696033981;5.174837729186552;7.978653495740481;8.005326741496154;15.997375966735097;10.593080996090663;-17.7799055057688;0.20114169727868622;33.00517862099514;3.2000792031607306;10.240506906501817;-39.92707;-23.505978;-30.383016748366014;-29.89556;-0.1053246038622162;3.734105113849967;13.943541001280472;-39.941105;-16.9043;-25.872663073144103;-25.549438;-0.14432627608891094;4.510353675221911;0.63133264;DIFF;88998.0;DIFF;0.85155016;0.85564053;0.0573513412003;1.89289126046;OIL SPILL
12 S1B_IW_GRDH_1SDV_20200425T120028_NR_Orb_Cal_TC.tif;15;SP00238GXS1;SENTINEL-1;IW;IMG_12_WIN_004;IMG_12_WIN_004;800;600;800;600;1;1;800;600;0;0;0;0;0;4;1;1;14;3;3;19.39771106377317;-92.0498034828943;15Q;1.3406602423181715;20.368566127551148;309.458334779173;1.705535254389436;24.625911830545988;2.687380160255379;5.635258888405954;9.041937898197723;10.492930564455667;-20.93543879287652;13.985805296084797;20.270284255569326;0.04060763340992717;15.192936647641101;4.0801896967412405;16.647947961393378;-43.55449;-19.927431;-30.73677077504197;-29.898993;-0.1327462057287529;6.749815566056996;45.56001017578532;-43.51562;10.46326;-24.729094076655052;-25.405811;-0.27295037760517915;6.007676698386916;0.527576;DIFF;2.3537686e+07;DIFF;0.80454427;0.82672375;1.34066024232;20.3685661276;OIL SPILL
12 S1B_IW_GRDH_1SDV_20200425T120028_NR_Orb_Cal_TC.tif;16;SP00239GXS1;SENTINEL-1;IW;IMG_12_WIN_004;IMG_12_WIN_004;800;600;800;600;1;1;800;600;0;0;0;0;0;4;1;1;14;3;3;19.372139094168368;-92.02343716344514;15Q;0.5113674497749888;18.404353391790064;662.3812757713413;0.8087311508987122;52.710627125262434;2.3637963779180073;5.542336985663611;7.134982709914888;7.410819240649718;14.898826446616514;11.004980732751665;-14.784516970018023;0.0189715064027522;35.99046712865342;5.134823481118829;26.36641218224929;-51.20917;-22.32085;-31.310301838774762;-29.917006;-0.16399789141476273;4.836702722577898;23.39369322659245;-61.622166;25.166107;-26.477292893822685;-25.867477;-0.18267361176135685;4.833008944952077;0.4780894;DIFF;1.4356592e+07;DIFF;0.8456417;0.8483032;0.511367449775;18.4043533918;OIL SPILL
12 S1B_IW_GRDH_1SDV_20200425T120028_NR_Orb_Cal_TC.tif;17;SP00240GXS1;SENTINEL-1;IW;IMG_12_WIN_002;IMG_12_WIN_002;800;600;800;600;1;1;800;600;0;0;0;0;0;2;1;1;14;3;3;19.418751225924943;-92.08428807695276;15Q;0.6904872635991274;18.11900068213399;475.4587130368423;1.8584814618926238;37.83580220796222;2.5404279288640486;5.599000310604568;8.03798393165594;9.036445712541683;-17.72107250802893;-12.002207283386761;-17.72732354261803;0.026429993330220936;26.24089050924659;3.7230571080410826;13.86115422973523;-41.972195;-22.035547;-30.801670287887017;-30.17704;-0.12087192263418267;4.016183843942345;16.129732668343514;-42.100475;2.546023;-25.987630586186885;-25.392838;-0.154542132289546;4.814039701700132;0.55354667;DIFF;1.058685e+07;DIFF;0.8437085;0.84755534;0.690487263599;18.1190006821;OIL SPILL
12 S1B_IW_GRDH_1SDV_20200425T120028_NR_Orb_Cal_TC.tif;18;SP00241GXS1;SENTINEL-1;IW;IMG_12_WIN_002;IMG_12_WIN_002;800;600;800;600;1;1;800;600;0;0;0;0;0;2;1;1;14;3;3;19.44633539380913;-92.09220262325928;15Q;0.1072493030068488;3.1494349912430395;92.48489720658262;1.5199905863154615;7.359714275886723;2.9375142204818103;6.8408644367932006;9.681854298112878;11.316009255705065;21.89414596545649;16.076295506195496;-22.072342116401174;0.13587484004323205;29.365552063698917;4.248257551876783;18.047692227078116;-41.957825;-23.632528;-30.74352941979895;-30.03283;-0.13818379451062274;4.609734250830342;21.249649863278375;-41.990658;-8.066035;-26.808985419451872;-26.472435;-0.1719473593911407;3.9345440003470777;0.42883587;DIFF;81329.5;DIFF;0.87202036;0.87648904;0.107249303007;3.14943499124;OIL SPILL
12 S1B_IW_GRDH_1SDV_20200425T120028_NR_Orb_Cal_TC.tif;19;SP00242GXS1;SENTINEL-1;IW;IMG_12_WIN_001;IMG_12_WIN_001;800;600;800;600;1;1;800;600;0;0;0;0;0;1;1;1;14;15;15;19.43150713532261;-92.04238199262068;15Q;0.3292854046580019;9.222427976190824;258.29622744550124;2.146573377314653;20.554560689970003;2.428343310146233;5.549153208268134;7.634997926335717;7.692424688711118;15.390677274146645;10.47993844358485;-15.772385706273798;0.048651003302054005;28.00739979887448;3.731689563693221;13.925506999776902;-41.666466;-22.471859;-30.75551679954442;-29.90431;-0.12133398986644563;3.8651557532048226;14.939428996532339;-41.672504;-16.368683;-26.016418399850103;-25.401619;-0.14856602064898727;4.739098399694317;0.55742073;DIFF;3.895487e+06;DIFF;0.84591067;0.8489687;0.329285404658;9.22242797619;OIL SPILL
12 S1B_IW_GRDH_1SDV_20200425T120028_NR_Orb_Cal_TC.tif;20;SP00243GXS1;SENTINEL-1;IW;IMG_12_WIN_005;IMG_12_WIN_005;800;600;800;600;1;1;800;600;0;0;0;0;0;5;1;1;14;5;5;19.274837628530864;-92.16714332352136;15Q;8.782888228220825;54.82011829265993;342.17051288036356;1.9320082782161703;27.229064252599454;2.8654995890135235;5.987181250720231;9.316205774311008;10.1572171864036;19.914375223853874;13.169889278494319;20.41713879573097;0.036725463303592366;6.241695996598717;4.529080109753178;20.512566640561857;-49.20616;-21.624569;-31.699565668005814;-30.322634;-0.14287514716090738;4.8833090990644665;23.84670775700581;-56.713486;14.79104;-25.533629584290995;-25.095009;-0.191250095602108;6.1659360837148185;0.6479877;DIFF;8.139376e+08;DIFF;0.8054883;0.8118426;8.78288822822;54.8201182926;OIL SPILL
12 S1B_IW_GRDH_1SDV_20200425T120028_NR_Orb_Cal_TC.tif;21;SP00244GXS1;SENTINEL-1;IW;IMG_12_WIN_005;IMG_12_WIN_005;800;600;800;600;1;1;800;600;0;0;0;0;0;5;1;1;14;5;5;19.286377052626474;-92.21754316137796;15Q;2.0275598956451555;34.19842734418963;576.8176986178157;1.1440736694810913;45.901693998958244;2.6237138342818342;6.36048447373917;9.097543180715961;9.634603637933335;-19.08951850763998;12.868255559688597;-19.23765470983092;0.021785688345678383;16.866790183432748;3.503365904277752;12.273572659255871;-40.93689;-21.44129;-30.547025407256573;-29.820566;-0.11468762858479545;3.7434415806207375;14.013354867520285;-41.201054;-5.0011926;-26.0610820462548;-25.484241;-0.14364106501704912;4.485943361001773;0.5685539;DIFF;1.1192352e+08;DIFF;0.8531464;0.8562896;2.02755989565;34.1984273442;OIL SPILL
12 S1B_IW_GRDH_1SDV_20200425T120028_NR_Orb_Cal_TC.tif;22;SP00245GXS1;SENTINEL-1;IW;IMG_12_WIN_005;IMG_12_WIN_005;800;600;800;600;1;1;800;600;0;0;0;0;0;5;1;1;14;5;5;19.27383339337757;-92.21520792879728;15Q;3.343737921551749;58.431287271607935;1021.0774325975631;1.56027157290877;81.25476033874187;2.2691802627014726;4.742334980448574;7.070958948153512;7.2954571822368255;14.48266792975505;9.744467170252825;15.347865110562925;0.012306971257205281;17.474840625216036;3.551996188395099;12.616676922373312;-40.93689;-18.731085;-30.527485827346204;-29.82183;-0.11635403611303155;4.099595556120581;16.806683723763616;-64.036354;19.789877;-25.430524417134897;-24.842926;-0.1612076687399456;5.096961410211307;0.62174124;DIFF;8.2634035e+08;DIFF;0.83303696;0.83813757;3.34373792155;58.4312872716;OIL SPILL
12 S1B_IW_GRDH_1SDV_20200425T120028_NR_Orb_Cal_TC.tif;23;SP00246GXS1;SENTINEL-1;IW;IMG_12_WIN_005;IMG_12_WIN_005;800;600;800;600;1;1;800;600;0;0;0;0;0;5;1;1;14;5;5;19.221595800401325;-92.21337682363159;15Q;1.362618593918536;11.202842377537088;92.10477377607549;1.0859735939915511;7.3294650144115945;3.098834048011898;6.958764953935499;10.076536717358964;11.516819179465957;22.45269167855144;15.030329208615724;-22.475955352976932;0.13643560587761117;8.221554019251002;4.163373279072848;17.3336770608978;-44.449417;-22.090717;-31.308990941030586;-30.055529;-0.13297692304790082;3.920554116629777;15.37074458142269;-46.373547;-10.623722;-25.859784518703837;-25.22779;-0.15160815101897399;5.44920642232675;0.6477592;DIFF;1.3155553e+07;DIFF;0.82595396;0.8281029;1.36261859392;11.2028423775;OIL SPILL
12 S1B_IW_GRDH_1SDV_20200425T120028_NR_Orb_Cal_TC.tif;24;SP00247GXS1;SENTINEL-1;IW;IMG_12_WIN_005;IMG_12_WIN_005;800;600;800;600;1;1;800;600;0;0;0;0;0;5;1;1;14;5;5;19.234329750770648;-92.27363664554356;15Q;0.347660134686883;10.017330494595342;288.6350784173926;0.4740270561256035;22.968849739922437;2.108315181305728;4.315006919286917;7.40120016963726;7.574095489012757;15.07148451430069;9.74094161088525;15.740666726526857;0.043537225909135883;28.81357249549869;4.200792940246061;17.646661326821146;-45.78223;-23.300716;-30.606966286447083;-29.353144;-0.13724956929515073;4.255955548072771;18.113157627171404;-45.793507;9.172513;-25.715656639848127;-25.333876;-0.16550055896600688;4.891309646598955;0.56728345;DIFF;8.44582e+06;DIFF;0.84018975;0.84370893;0.347660134687;10.0173304946;OIL SPILL
12 S1B_IW_GRDH_1SDV_20200425T120028_NR_Orb_Cal_TC.tif;25;SP00248GXS1;SENTINEL-1;IW;IMG_12_WIN_010;IMG_12_WIN_010;800;600;800;600;1;1;800;600;0;0;0;0;0;10;1;1;14;2;2;19.139305487268665;-92.33130064122489;15Q;0.9060582398834266;15.726779336558302;272.97537554828574;2.7630159029355994;21.72269018043809;2.4942951955798516;5.145130818642709;7.658677355633531;7.885284723508225;15.659814506686994;10.518364949499757;-16.62375297141828;0.0460348139062688;17.357360315581598;5.007571683658402;25.07577416697745;-53.607628;-19.623104;-28.334126891583747;-27.746336;-0.1767328742056926;3.6855904047667565;13.583576631708784;-55.947227;-15.005421;-24.083134483602546;-23.35693;-0.153036159278858;4.250992407981201;0.45183408;DIFF;1.5590322e+07;DIFF;0.84996927;0.84674263;0.906058239883;15.7267793366;OIL SPILL
12 S1B_IW_GRDH_1SDV_20200425T120028_NR_Orb_Cal_TC.tif;26;SP00249GXS1;SENTINEL-1;IW;IMG_12_WIN_010;IMG_12_WIN_010;800;600;800;600;1;1;800;600;0;0;0;0;0;10;1;1;14;2;2;19.120173348819097;-92.24916452937016;15Q;0.17432514671250335;5.844708944580996;195.95923646748872;1.349312500865183;15.593940564157213;1.9617133920222734;4.190411699242066;6.552704438787227;7.463703189252684;14.802174864289599;10.577238666825275;14.525444306633215;0.06412747284022022;33.527629574980814;3.9493762275011206;15.597572586350982;-40.378727;-20.04885;-27.60722824622845;-27.057598;-0.1430558762464922;3.9159689834515934;15.334813079354907;-40.621124;10.28729;-22.199977462458012;-22.04876;-0.17639517833177168;5.407250783770436;0.58622736;DIFF;2.040029e+06;DIFF;0.8041364;0.8083218;0.174325146713;5.84470894458;OIL SPILL
12 S1B_IW_GRDH_1SDV_20200425T120028_NR_Orb_Cal_TC.tif;27;SP00250GXS1;SENTINEL-1;IW;IMG_12_WIN_007;IMG_12_WIN_007;800;600;800;600;1;1;800;600;0;0;0;0;0;7;1;1;14;3;3;19.195887659874273;-92.43581753188725;15Q;0.5118159808673186;8.63054631397962;145.53341916272987;0.7285527991324491;11.581181522406611;2.54234905730543;5.1295116328488595;8.419394273854973;8.582111380584516;17.084160677979558;11.162466056936212;18.19550801295065;0.08634697574381826;16.862596395201212;3.7525543279505036;14.081663984220057;-43.2701;-21.94414;-29.49636028063096;-28.273523;-0.12722092801445237;4.290400503267718;18.407536478439887;-61.114277;-17.131123;-27.079660087719297;-26.46099;-0.15843627613381406;2.4167001929116623;0.3762111;DIFF;6.25384e+06;DIFF;0.91806775;0.922087;0.511815980867;8.63054631399;OIL SPILL
12 S1B_IW_GRDH_1SDV_20200425T120028_NR_Orb_Cal_TC.tif;28;SP00251GXS1;SENTINEL-1;IW;IMG_12_WIN_007;IMG_12_WIN_007;800;600;800;600;1;1;800;600;0;0;0;0;0;7;1;1;14;3;3;19.17549076887839;-92.44154016757638;15Q;0.0980190760486481;4.748039846929033;229.99484688916127;0.19380910778477423;18.302408384036823;1.8875889607994203;3.79684256353621;6.726378777427782;6.8523926364108965;13.642358503520907;8.813197153275903;14.928671554085403;0.05463761812200573;48.439957183156075;4.159534337771958;17.301725907103997;-48.387554;-23.947268;-29.94536862428161;-28.730509;-0.1389040953197398;4.9253946800602355;24.25951275436567;-92.55929;-17.131979;-27.642552208986732;-26.941015;-0.17818161806560556;2.3028164152948776;0.2907163;DIFF;293121.5;DIFF;0.9230994;0.92872185;0.0980190760484;4.74803984693;OIL SPILL
12 S1B_IW_GRDH_1SDV_20200425T120028_NR_Orb_Cal_TC.tif;29;SP00252GXS1;SENTINEL-1;IW;IMG_12_WIN_011;IMG_12_WIN_011;800;600;800;600;1;1;800;600;0;0;0;0;0;11;1;1;14;3;3;18.952148943239933;-92.62364811781404;15Q;0.0481317060513275;1.8737289060257327;72.9427710194278;1.0693834941052425;5.804601285281091;1.6898541310855064;3.4009011684684847;6.169878431498441;6.196399818235379;12.379576828308307;7.9002350453192784;14.258700216621575;0.1722771213478058;38.92920196985318;4.866878629925524;23.68650759842575;-55.688942;-24.193687;-31.24701690673828;-30.210148;-0.1557549843702361;3.497902451893093;12.235321562959712;-55.680702;-17.8102;-25.278095492356115;-24.749645;-0.13837681928809983;5.968921414382166;0.63483584;DIFF;253177.0;DIFF;0.80897635;0.8069553;0.0481317060513;1.87372890602;OIL SPILL
12 S1B_IW_GRDH_1SDV_20200425T120028_NR_Orb_Cal_TC.tif;30;SP00253GXS1;SENTINEL-1;IW;IMG_12_WIN_011;IMG_12_WIN_011;800;600;800;600;1;1;800;600;0;0;0;0;0;11;1;1;14;3;3;18.947628645532518;-92.72113468275204;15Q;0.10641698369780217;2.6021624491320154;63.62940553644517;1.0856584811011956;5.063467208562031;2.826924178164164;5.913988765974917;8.88308666007148;9.392076530340624;18.53208639073842;12.374960850769734;19.506600227307267;0.19749313243483788;24.45251085598809;4.11326400540432;16.918940778154788;-44.059723;-23.303837;-31.606980178886925;-30.93213;-0.13013783607685273;3.4377111982740924;11.817858282739095;-43.572666;-18.42987;-25.89174193392581;-25.557423;-0.13277249584237813;5.715238244961114;0.6292483;DIFF;160661.5;DIFF;0.8191779;0.8194568;0.106416983698;2.60216244914;OIL SPILL
12 S1B_IW_GRDH_1SDV_20200425T120028_NR_Orb_Cal_TC.tif;31;SP00254GXS1;SENTINEL-1;IW;IMG_12_WIN_008;IMG_12_WIN_008;800;600;800;600;1;1;800;600;0;0;0;0;0;8;1;1;14;1;1;19.14802830494976;-92.98066059784136;15Q;0.05408372473247291;2.481440170664205;113.85209415668982;0.7153693358335668;9.06006178320054;2.2454040861440436;4.565081945111329;6.62019845482782;6.631072385541702;13.256710520968236;8.927994408519684;15.708182067966847;0.11037452325703037;45.881458478289694;3.371184323653491;11.364883744047047;-41.801136;-22.329052;-30.151980929904514;-29.781673;-0.11180639612006305;3.376287536473969;11.39931752894946;-42.0268;-18.196722;-25.58589554743437;-24.924053;-0.13195893535227562;4.5660853824701455;0.5837311;DIFF;206155.0;DIFF;0.84856415;0.8506203;0.0540837247325;2.48144017066;OIL SPILL
12 S1B_IW_GRDH_1SDV_20200425T120028_NR_Orb_Cal_TC.tif;32;SP00255GXS1;SENTINEL-1;IW;IMG_12_WIN_009;IMG_12_WIN_009;800;600;800;600;1;1;800;600;0;0;0;0;0;9;1;1;14;1;1;19.142646115601163;-92.84094998148076;15Q;0.35982041130027964;12.158673476337036;410.85312578560456;0.4632726485029057;32.6946529267676;2.142011181635412;4.336413162950778;7.523269812978767;7.6645740783729055;15.258812855090191;9.907212973135897;-16.676617715673583;0.030586041156022946;33.79094985856792;3.9536077507847835;15.631014247065515;-43.307636;-22.02977;-30.354828581680586;-29.642397;-0.13024641994423325;3.3497726447955127;11.220976771820323;-43.30821;-18.718946;-26.541078485474223;-25.985855;-0.12621087144702217;3.8137500962063626;0.45549476;DIFF;5.317116e+06;DIFF;0.874361;0.87391603;0.3598204113;12.1586734763;OIL SPILL
12 S1B_IW_GRDH_1SDV_20200425T120028_NR_Orb_Cal_TC.tif;33;SP00256GXS1;SENTINEL-1;IW;IMG_12_WIN_014;IMG_12_WIN_014;800;600;800;600;1;1;800;600;0;0;0;0;0;14;1;1;14;1;1;19.32934517480929;-92.42410316733083;15Q;0.5894552491049795;20.676984607949294;725.3098401049768;0.742832376537442;57.71832316294966;2.1293359374550986;4.390541648495958;6.560880850238652;7.327093790080284;-15.656491063407403;-9.935898813849956;14.271449495922363;0.01732552065271911;35.078124487558526;4.301085977357749;18.499340584623464;-63.839386;-22.33081;-29.616541016868236;-28.41749;-0.1452258038812853;4.302718409873635;18.5133857146655;-67.88328;3.9950745;-26.73848689881055;-26.275167;-0.16091854509781703;2.878054118057687;0.369641;DIFF;3.2708928e+07;DIFF;0.90282285;0.90494424;0.589455249105;20.6769846079;OIL SPILL
12 S1B_IW_GRDH_1SDV_20200425T120028_NR_Orb_Cal_TC.tif;34;SP00257GXS1;SENTINEL-1;IW;IMG_12_WIN_007;IMG_12_WIN_007;800;600;800;600;1;1;800;600;0;0;0;0;0;7;1;1;14;3;3;19.215315703643267;-92.4619413587769;15Q;0.18622850456843115;4.628143359369139;115.01843396375345;2.337773931709142;9.15287615601005;2.2123208719069702;4.449054958407341;6.6702943055909945;6.662188347737721;13.328429729391644;8.886725120237745;16.626666711884166;0.10925527483985133;24.8519600696707;4.593483385243625;21.10008961050924;-55.039814;-23.019154;-29.883186586441532;-28.43079;-0.15371464391711695;4.1776712518211285;17.452937088292714;-60.97875;-18.195639;-27.154451320853745;-26.336342;-0.15384848702918963;2.728735265587787;0.3492757;DIFF;1.0003995e+06;DIFF;0.9086867;0.9087049;0.186228504568;4.62814335937;OIL SPILL
12 S1B_IW_GRDH_1SDV_20200425T120028_NR_Orb_Cal_TC.tif;35;SP00258GXS1;SENTINEL-1;IW;IMG_12_WIN_006;IMG_12_WIN_006;800;600;800;600;1;1;800;600;0;0;0;0;0;6;1;1;14;2;2;19.2412776560598;-93.0260418185074;15Q;0.048798572095843394;1.5922343328808048;51.952548239015535;1.2631101617486404;4.134252429229733;2.792346317724084;5.685999852184138;8.951213236287254;9.037907533462892;18.032473415899318;11.881670458233248;20.330762782513958;0.24188169859437286;32.62870744974994;3.253311508105494;10.584035768771644;-40.222607;-22.473656;-30.17351825420673;-29.917164;-0.10782009180026343;3.6528825483703335;13.343550912188542;-40.684948;-18.773537;-26.062712618670886;-25.219774;-0.14015741959850603;4.1108056355358435;0.53252184;DIFF;41801.5;DIFF;0.863761;0.8671778;0.0487985720959;1.59223433288;OIL SPILL
12 S1B_IW_GRDH_1SDV_20200425T120028_NR_Orb_Cal_TC.tif;36;SP00259GXS1;SENTINEL-1;IW;IMG_12_WIN_011;IMG_12_WIN_011;800;600;800;600;1;1;800;600;0;0;0;0;0;11;1;1;14;3;3;18.937095562072585;-92.74319718843216;15Q;0.030460411807314097;1.701256594927805;95.01755984436106;0.5270327518147756;7.561257164880023;2.3268528676048628;4.721540630711216;7.083371063280611;7.208288450853981;14.355159427933444;9.616494737598131;-15.514244514407201;0.13225313968221147;55.85139838849133;7.135541771847177;50.915956377775956;-37.373886;0.0;-28.534637827932098;-30.056124;-0.2500659659630342;4.090818387246608;16.734795077434935;-37.48181;0.0;-26.01238922574627;-25.847454;-0.15726423096874317;2.5222486021858295;0.46581906;DIFF;37606.0;DIFF;0.9116074;0.89524484;0.0304604118074;1.70125659493;OIL SPILL
12 S1B_IW_GRDH_1SDV_20200425T120028_NR_Orb_Cal_TC.tif;37;SP00260GXS1;SENTINEL-1;IW;IMG_12_WIN_003;IMG_12_WIN_003;800;600;800;600;1;1;800;600;0;0;0;0;0;3;1;1;14;2;2;19.417993243524585;-92.35294953630941;15Q;0.30451623133559863;8.959056094436015;263.58097810160297;1.1178648041961912;20.975107784933368;1.9157235519408549;3.9323756564322;5.928951854294639;6.28167731030106;12.41003984340021;8.38979844412727;-12.885474946967472;0.04767555953721059;29.42061923970974;4.787794796524718;22.922979013629167;-59.32795;-22.286667;-30.022042410714285;-28.73782;-0.1594759853785313;4.159386529777232;17.300496304092288;-74.93051;-15.564697;-26.758968932502246;-26.38396;-0.15543896852935604;3.263073478212039;0.41522217;DIFF;1.0637824e+07;DIFF;0.89131075;0.89075804;0.304516231336;8.95905609443;OIL SPILL
12 S1B_IW_GRDH_1SDV_20200425T120028_NR_Orb_Cal_TC.tif;38;SP00261GXS1;SENTINEL-1;IW;IMG_12_WIN_003;IMG_12_WIN_003;800;600;800;600;1;1;800;600;0;0;0;0;0;3;1;1;14;2;2;19.380847456408095;-92.35840459035258;15Q;0.5322705657617003;15.634876054579985;459.25768766165356;0.9005693031767814;36.546565572152964;2.3955557236584735;4.8618260933832484;8.348082250914969;8.925088744990742;17.661696367679937;11.764440103921508;17.778098137864262;0.027362352230491407;29.37392570676129;5.102193244484882;26.03237590406717;-58.674267;-21.801096;-30.37729860377026;-28.85115;-0.16796072985409;4.2482663713859905;18.047767162249087;-56.641365;-18.470278;-27.628599171413775;-27.017075;-0.15376336473046756;2.748699432356485;0.31513447;DIFF;9.459884e+06;DIFF;0.90951484;0.9074923;0.532270565762;15.6348760546;OIL SPILL
12 S1B_IW_GRDH_1SDV_20200425T120028_NR_Orb_Cal_TC.tif;39;SP00262GXS1;SENTINEL-1;IW;IMG_12_WIN_002;IMG_12_WIN_002;800;600;800;600;1;1;800;600;0;0;0;0;0;2;1;1;14;3;3;19.483046979219985;-92.15777292979845;15Q;0.8708985675855533;13.520719577173372;209.90947130774887;0.6339573883192355;16.704064980217304;2.8833873175882854;6.011550210337326;10.556357884682596;11.797360458051738;-23.115092484211505;-14.890041201675771;-23.134824892544568;0.05986566749975556;15.52502217871102;3.535148913995714;12.497277844125078;-39.856823;-20.894398;-30.516442235256136;-29.803242;-0.11584407142689458;3.8223230521886173;14.610153515292506;-40.115326;-17.96275;-27.176573969127805;-26.600876;-0.14064771580592614;3.339868266128331;0.45160198;DIFF;8.192828e+06;DIFF;0.8905552;0.89334613;0.870898567586;13.5207195772;OIL SPILL
13 S1B_IW_GRDH_1SDV_20200519T120029_NR_Orb_Cal_TC.tif;0;OS03020GXS1;SENTINEL-1;IW;IMG_13_WIN_007;IMG_13_WIN_007;800;600;800;600;1;1;800;600;0;0;0;0;0;7;1;1;9;2;2;19.337752385854834;-92.13700919772118;15Q;26.68549582068979;184.41147654542686;1274.384890960046;0.5955892424735905;101.4123273989587;2.101074205109878;4.377743151783466;7.035784217182629;7.833245534892928;15.4340304627978;10.094811323744839;15.403586537413565;0.009860734149863009;6.910550876946758;4.428536432328687;19.611934932462496;-68.93805;-16.808544;-28.443756415484344;-28.188726;-0.15569449996829038;3.097602910010581;9.595143788106018;-69.55415;24.216864;-21.824860085846087;-21.47024;-0.1419300237356136;6.6188963296382575;0.66766554;DIFF;4.85435e+10;DIFF;0.7672988;0.7657628;26.6854958207;184.411476545;SEEPAGE SLICK
13 S1B_IW_GRDH_1SDV_20200519T120029_NR_Orb_Cal_TC.tif;1;OS03021GXS1;SENTINEL-1;IW;IMG_13_WIN_008;IMG_13_WIN_008;800;600;800;600;1;1;800;600;0;0;0;0;0;8;1;1;9;1;1;19.289691856064707;-92.98540265144744;15Q;1.0931466723142176;21.273880567417283;414.0139707314996;0.5677778947061776;32.946184975510725;2.4198166447215907;4.8777781261861275;7.522457765828811;7.578004880316797;15.12829113799888;10.023913005716159;16.926717807955743;0.030352527940437152;19.461140125304475;3.9149439068523217;15.326785793800122;-49.95976;-19.453669;-27.194183401991076;-26.442451;-0.1439625470263498;3.0121347895257085;9.072955990271083;-50.081993;-16.355877;-24.036416764795675;-23.596157;-0.12531546690176196;3.157766637195401;0.40255636;DIFF;5.092941e+07;DIFF;0.8838809;0.88170415;1.09314667231;21.2738805674;SEEPAGE SLICK
13 S1B_IW_GRDH_1SDV_20200519T120029_NR_Orb_Cal_TC.tif;2;OS03022GXS1;SENTINEL-1;IW;IMG_13_WIN_002;IMG_13_WIN_002;800;600;800;600;1;1;800;600;0;0;0;0;0;2;1;1;9;1;1;19.563598616299643;-92.90510625046711;15Q;0.33006558428332794;9.503685319769087;273.6426909012841;0.6450183385593986;21.77579344895349;2.21137381136272;4.437239938510484;7.506831959973528;7.54233165819325;15.066916318945122;9.760994237077973;17.507742533085334;0.04592255167850421;28.793324031054183;3.743723326927163;14.015464348578584;-50.9152;-20.04286;-27.291592029653803;-26.50704;-0.13717497033003437;2.87015797649598;8.237806810043498;-49.50881;-16.8657;-23.909096970774602;-23.447062;-0.12004459976068235;3.3824950588792007;0.43548495;DIFF;5.346864e+06;DIFF;0.87606096;0.87416446;0.330065584283;9.50368531977;SEEPAGE SLICK
13 S1B_IW_GRDH_1SDV_20200519T120029_NR_Orb_Cal_TC.tif;3;OS03023GXS1;SENTINEL-1;IW;IMG_13_WIN_004;IMG_13_WIN_004;800;600;800;600;1;1;800;600;0;0;0;0;0;4;1;1;9;1;1;19.46183849702588;-92.53305431660263;15Q;5.675615546087365;90.48337934707133;1442.5293382865063;1.2607801633426041;114.79283737168917;2.798303444186488;6.884153148600391;8.83303430618061;10.054274400006749;19.66259680711401;13.604962186435454;-19.6351569776985;0.00871134491398699;15.942478593259974;4.214328822662156;17.760567425520993;-63.49831;-19.211468;-28.322746713785588;-27.592144;-0.14879661444032571;2.958567054972184;8.753119018766784;-66.008965;-15.132049;-23.677847423411205;-23.281458;-0.1249508454914248;4.644899290374383;0.5316792;DIFF;8.294546e+08;DIFF;0.83600116;0.8333274;5.67561554609;90.4833793471;SEEPAGE SLICK
13 S1B_IW_GRDH_1SDV_20200519T120029_NR_Orb_Cal_TC.tif;4;SP00263GXS1;SENTINEL-1;IW;IMG_13_WIN_009;IMG_13_WIN_009;800;600;800;600;1;1;800;600;0;0;0;0;0;9;1;1;9;7;7;19.446885297875262;-92.04180281877782;15Q;0.7368859880840023;11.226341513456793;171.03153786986695;0.5705360063378103;13.610257338299009;2.873621756212651;6.441575987847128;8.615002584345278;9.552126565423746;19.066038415711443;14.327401904736316;-18.667891624959882;0.07347399649718736;15.234841881912716;4.429421996532957;19.61977922337001;-44.44645;-18.10245;-27.241819736005088;-26.688868;-0.16259640653442323;3.4484441850838197;11.89176729763841;-44.09738;6.326112;-20.995251438206704;-20.858217;-0.16424876811946226;6.246568297798383;0.63858676;DIFF;8.908609e+06;DIFF;0.7706992;0.7709019;0.736885988084;11.2263415134;OIL SPILL
13 S1B_IW_GRDH_1SDV_20200519T120029_NR_Orb_Cal_TC.tif;5;SP00264GXS1;SENTINEL-1;IW;IMG_13_WIN_009;IMG_13_WIN_009;800;600;800;600;1;1;800;600;0;0;0;0;0;9;1;1;9;7;7;19.422539315031614;-92.04976889443205;15Q;0.11551831996369338;3.5860821147811306;111.32420327784295;0.35909492134848936;8.858898618717841;2.2627887014686467;4.607401573255462;7.119581395661377;7.257727340161942;14.446764048896478;9.561430520415696;15.823724672998148;0.11288084930638151;31.043406066745185;3.36909718027393;11.350815810129745;-43.41398;-19.004463;-25.517421177455358;-24.934196;-0.13203125648333647;2.731274066804994;7.459858028001491;-43.388397;-13.525021;-21.042544958726417;-20.854359;-0.12979770613118377;4.474876218728941;0.60940945;DIFF;626171.5;DIFF;0.82463443;0.82439744;0.115518319964;3.58608211479;OIL SPILL
13 S1B_IW_GRDH_1SDV_20200519T120029_NR_Orb_Cal_TC.tif;6;SP00265GXS1;SENTINEL-1;IW;IMG_13_WIN_009;IMG_13_WIN_009;800;600;800;600;1;1;800;600;0;0;0;0;0;9;1;1;9;7;7;19.399900855169463;-92.04835514067412;15Q;0.12641231502259426;5.531945761224056;242.0841980439571;0.44019373738209316;19.264448381566552;2.2000193952045404;4.673950375462206;6.449293841443879;6.37548220938906;12.793692673741093;8.716985270172914;13.576599635951416;0.051909090786988916;43.76113007846827;3.42470015212365;11.728571131955754;-44.62778;-18.880165;-24.94432724406528;-24.36598;-0.13729374693552618;3.0608489404585;9.368796236305922;-44.817436;4.5726185;-21.045160810391224;-20.85601;-0.14544193641643166;3.8991664336740577;0.5178708;DIFF;1.355808e+06;DIFF;0.84368527;0.8446386;0.126412315022;5.53194576123;OIL SPILL
13 S1B_IW_GRDH_1SDV_20200519T120029_NR_Orb_Cal_TC.tif;7;SP00266GXS1;SENTINEL-1;IW;IMG_13_WIN_009;IMG_13_WIN_009;800;600;800;600;1;1;800;600;0;0;0;0;0;9;1;1;9;7;7;19.415017527512237;-92.04596651678074;15Q;0.04200860222589798;1.2378746830066523;36.476665483626775;1.1241755804022961;2.9027208096143613;3.0471931818986127;6.707272199094608;9.701328552247976;10.386935032579728;20.869511024517553;14.47962483904024;20.46200056998616;0.34450436869016493;29.46717142241672;4.275501203182367;18.279910538413866;-43.581207;-18.480076;-26.298030308314733;-25.25439;-0.16257876171929758;2.6807266912793914;7.186295593337754;-29.76673;-15.776806;-21.400577121310764;-21.035015;-0.1252642242348649;4.897453187003968;0.6418651;DIFF;13938.0;DIFF;0.8137711;0.8095022;0.0420086022259;1.23787468301;OIL SPILL
13 S1B_IW_GRDH_1SDV_20200519T120029_NR_Orb_Cal_TC.tif;8;SP00267GXS1;SENTINEL-1;IW;IMG_13_WIN_009;IMG_13_WIN_009;800;600;800;600;1;1;800;600;0;0;0;0;0;9;1;1;9;7;7;19.427116773258906;-92.08023502415162;15Q;0.058506705515832445;1.3948371157051378;33.253805050126076;1.1130190476216737;2.6462537251708986;3.0909797732134177;7.096901311613711;9.858235383232453;11.618242646982106;-22.38564593847395;15.479477680636757;22.806852173694132;0.37789271319227663;23.84063678526015;3.603251734303831;12.983423060763565;-44.089832;-19.414703;-25.279027694310898;-24.775408;-0.14253917428615148;3.103858505669799;9.633937623218758;-35.454754;-14.638041;-21.17255360593078;-21.196928;-0.14659821216843477;4.106474088380118;0.56224155;DIFF;24437.0;DIFF;0.8375541;0.83803564;0.0585067055158;1.3948371157;OIL SPILL
13 S1B_IW_GRDH_1SDV_20200519T120029_NR_Orb_Cal_TC.tif;9;SP00268GXS1;SENTINEL-1;IW;IMG_13_WIN_009;IMG_13_WIN_009;800;600;800;600;1;1;800;600;0;0;0;0;0;9;1;1;9;7;7;19.44027462408918;-92.06556262345492;15Q;0.021000947189845017;1.3907069788303874;92.09422239310992;0.8121303772737014;7.328625362033881;2.1934259705192525;4.68623026536094;7.1760828468483835;7.062868128462531;14.184805785722034;9.406162092001642;15.156291712717332;0.1364512375240961;66.22115499165972;3.3998342434913953;11.558872883216708;-37.669582;-18.860624;-24.456133161272323;-23.296452;-0.13901765340708996;2.5323670704951686;6.412882979728281;-31.311573;-16.843721;-22.06269110812133;-21.770561;-0.11478051603428369;2.3934420531509915;0.41829747;DIFF;20694.0;DIFF;0.9021332;0.8994071;0.0210009471898;1.39070697883;OIL SPILL
13 S1B_IW_GRDH_1SDV_20200519T120029_NR_Orb_Cal_TC.tif;10;SP00269GXS1;SENTINEL-1;IW;IMG_13_WIN_006;IMG_13_WIN_006;800;600;800;600;1;1;800;600;0;0;0;0;0;6;1;1;9;3;3;19.37434915570442;-92.40507123819435;15Q;0.9096458081911009;30.628982656772962;1031.3185309504697;0.18869384181364118;82.06972105151955;1.3322192225114762;2.684173753612102;3.8884345991096527;3.8802408504104964;7.764581617319439;5.225003668979085;10.191367022835072;0.012184761775566978;33.67132831368838;3.904351240275425;15.243958607440248;-54.9482;-17.276693;-24.915729703608246;-24.258879;-0.15670226345849322;3.260822321538944;10.632962212646628;-71.60084;8.809695;-21.985032403551184;-21.5191;-0.1483201053191185;2.930697300057062;0.3545577;DIFF;8.869862e+07;DIFF;0.8823757;0.88127404;0.909645808191;30.6289826568;OIL SPILL
13 S1B_IW_GRDH_1SDV_20200519T120029_NR_Orb_Cal_TC.tif;11;SP00270GXS1;SENTINEL-1;IW;IMG_13_WIN_001;IMG_13_WIN_001;800;600;800;600;1;1;800;600;0;0;0;0;0;1;1;1;9;1;1;19.599557764630276;-92.21613596052262;15Q;0.4727817885826369;14.319960547816544;433.73343695361035;0.3641353383865541;34.51541023770202;1.7934647553314562;3.607038553533875;5.662652069977901;5.677157644140241;11.347069404078407;7.492227668346607;13.595927977074737;0.028972565967292946;30.288731278644793;3.5936773814477814;12.914517121929382;-58.172604;-18.195505;-24.944885350633914;-24.262325;-0.14406469827116108;3.4137501563236086;11.653690129799461;-54.61707;15.662319;-21.246447303537007;-21.081278;-0.16067392856570914;3.698438047096907;0.4725461;DIFF;2.2662544e+07;DIFF;0.8517356;0.85384464;0.472781788583;14.3199605478;OIL SPILL
13 S1B_IW_GRDH_1SDV_20200519T120029_NR_Orb_Cal_TC.tif;12;SP00271GXS1;SENTINEL-1;IW;IMG_13_WIN_006;IMG_13_WIN_006;800;600;800;600;1;1;800;600;0;0;0;0;0;6;1;1;9;3;3;19.310598302487463;-92.35596886277841;15Q;0.07580269382313713;3.048680052958582;122.61371722479092;0.27853980474059375;9.757289593598673;2.4722795603644068;5.008528942348266;7.787868357314086;7.832797034561554;15.643131751117046;10.337092087934886;-18.15876582509968;0.10248747773726587;40.21862415696945;4.255340952138237;18.10792661894476;-56.612213;-19.822662;-27.97987169322401;-27.428068;-0.15208579220071153;3.717041197863644;13.816395266615594;-59.284515;-17.509165;-24.311813660893574;-23.600615;-0.152890329356326;3.6680580323304355;0.49333972;DIFF;79552.0;DIFF;0.8689037;0.86900795;0.0758026938231;3.04868005296;OIL SPILL
13 S1B_IW_GRDH_1SDV_20200519T120029_NR_Orb_Cal_TC.tif;13;SP00272GXS1;SENTINEL-1;IW;IMG_13_WIN_006;IMG_13_WIN_006;800;600;800;600;1;1;800;600;0;0;0;0;0;6;1;1;9;3;3;19.35265993476751;-92.43153142103054;15Q;0.06452700353273481;1.5817216132782315;38.77203534861643;0.8888010935539136;3.085380539733001;3.0849733130694963;6.98014880009185;9.947076696770361;11.953843376838252;-22.965108798096633;17.77263244963952;23.210403262659263;0.3241091292053514;24.512553298338386;3.9029025771140016;15.232648526443114;-45.489735;-18.130453;-25.632574037063954;-25.101322;-0.1522633884318648;2.629608543492093;6.914841092006606;-30.148842;-17.038416;-21.982593354724703;-21.567421;-0.11962230757122717;3.649980682339251;0.47549835;DIFF;22930.0;DIFF;0.85760385;0.8538765;0.0645270035328;1.58172161328;OIL SPILL
13 S1B_IW_GRDH_1SDV_20200519T120029_NR_Orb_Cal_TC.tif;14;SP00273GXS1;SENTINEL-1;IW;IMG_13_WIN_007;IMG_13_WIN_007;800;600;800;600;1;1;800;600;0;0;0;0;0;7;1;1;9;2;2;19.29240241571681;-92.22484793693924;15Q;0.29875531588836474;11.438667016102803;437.96075298680233;0.26393615317698743;34.85180935904908;1.8263941626535911;3.687582636376297;6.164154453375349;6.514798184492559;12.877352657499143;8.518673871931364;13.352488017052972;0.028692914898559078;38.28774387524896;3.5544944644699226;12.63443089794732;-47.588573;-18.977901;-25.84992589902638;-25.104761;-0.1375050156180061;3.1738718319214825;10.073462405464626;-65.59962;-15.264337;-23.147865453112228;-22.666739;-0.1371129376205509;2.702060445914153;0.3803192;DIFF;5.067428e+06;DIFF;0.8954713;0.89542395;0.298755315888;11.4386670161;OIL SPILL
13 S1B_IW_GRDH_1SDV_20200519T120029_NR_Orb_Cal_TC.tif;15;SP00274GXS1;SENTINEL-1;IW;IMG_13_WIN_003;IMG_13_WIN_003;800;600;800;600;1;1;800;600;0;0;0;0;0;3;1;1;9;2;2;19.49349623167284;-92.36797068510388;15Q;0.06259952123974491;1.6166220606422004;41.74899160883238;0.5722892539492437;3.322279191823866;2.9989097118979333;6.3114377622087865;10.147798679282774;11.16506745687818;22.001002703039937;14.896524397585862;-21.94644610099946;0.30099818295253494;25.824831063017697;3.9428535906290927;15.546094437136729;-46.23466;-17.795506;-25.453736082522454;-24.641174;-0.1549027450369619;2.8423435545109017;8.078916881869668;-31.45119;-17.086143;-21.817273754758883;-21.36909;-0.13027950175905534;3.636462327763571;0.5207453;DIFF;26290.0;DIFF;0.85713434;0.85419047;0.0625995212398;1.61662206064;OIL SPILL
13 S1B_IW_GRDH_1SDV_20200519T120029_NR_Orb_Cal_TC.tif;16;SP00275GXS1;SENTINEL-1;IW;IMG_13_WIN_003;IMG_13_WIN_003;800;600;800;600;1;1;800;600;0;0;0;0;0;3;1;1;9;2;2;19.462955734695775;-92.35904763052665;15Q;0.056987468828055395;1.8890027386013926;62.61607016114466;0.476911336052618;4.982828541567553;2.8960013787694994;6.0234848214064245;9.541235871718483;9.68081218301431;19.29733208757042;12.693398513955865;-20.092937001359445;0.20068922533814681;33.14768627996022;4.279142256330141;18.31105844991021;-40.19472;-18.41922;-25.30711605674342;-24.552132;-0.1690884985367547;3.2105452334836895;10.307600696244837;-39.900475;-16.125029;-22.12023247612847;-21.717028;-0.14514066418372495;3.18688358061495;0.38318712;DIFF;40459.0;DIFF;0.8740716;0.8708684;0.0569874688281;1.8890027386;OIL SPILL
14 S1B_IW_GRDH_1SDV_20200612T120030_NR_Orb_Cal_TC.tif;0;OS03024GXS1;SENTINEL-1;IW;IMG_14_WIN_003;IMG_14_WIN_003;800;600;800;600;1;1;800;600;0;0;0;0;0;3;1;1;3;2;2;19.325880276795477;-92.1754776459811;15Q;51.29719998123002;269.92175881260005;1420.3066815956145;0.6001500022783296;113.02441454119437;2.231185463294807;4.496157679732109;7.112167259204886;7.15200080208571;14.28409766524194;9.401951347940349;-16.398312585314937;0.008847645918444698;5.26191992762502;4.8476325384378125;23.49954122772103;-80.21379;-15.78538;-27.119429407461595;-26.578108;-0.17875127332524343;2.971855454514742;8.831924842529023;-64.52841;24.860752;-20.58803736728556;-20.286507;-0.14434865264219054;6.531392040176037;0.6423547;DIFF;1.16142375e+11;DIFF;0.75916183;0.7550622;51.2971999812;269.921758813;SEEPAGE SLICK
14 S1B_IW_GRDH_1SDV_20200612T120030_NR_Orb_Cal_TC.tif;1;SP00276GXS1;SENTINEL-1;IW;IMG_14_WIN_002;IMG_14_WIN_002;800;600;800;600;1;1;800;600;0;0;0;0;0;2;1;1;3;5;5;19.39500315405454;-92.12118855316722;15Q;0.914137416662027;19.1065121487423;399.3478440287998;0.49281314959106365;31.779091695137364;1.9458939120418755;3.9034744225905347;7.571104070720915;7.473900957606389;14.996406797566353;9.42687786800823;17.40383446887453;0.03146723039139013;20.90113783823633;3.667617393869824;13.45141734781648;-53.84618;-17.520681;-26.30393414033648;-25.80406;-0.13943227557909738;2.9802786387922233;8.882060764841228;-56.008305;-13.792531;-21.677451582003773;-21.286732;-0.13748288757643434;4.626482558332707;0.5608927;DIFF;6.993082e+07;DIFF;0.82411444;0.8238963;0.914137416662;19.1065121487;OIL SPILL
14 S1B_IW_GRDH_1SDV_20200612T120030_NR_Orb_Cal_TC.tif;2;SP00277GXS1;SENTINEL-1;IW;IMG_14_WIN_002;IMG_14_WIN_002;800;600;800;600;1;1;800;600;0;0;0;0;0;2;1;1;3;5;5;19.401773974521106;-92.05685995666155;15Q;0.191678482270515;7.5590256653070504;298.0974616030758;0.2626395822634538;23.721842268637996;2.125330996425728;4.265962814555013;7.739463696943102;7.812596800683863;15.588766000318644;9.96455077872296;17.18564311996637;0.04215524193591291;39.435963681301644;2.9745710469476307;8.848072913339125;-37.59861;-17.311283;-23.81063478473581;-23.422907;-0.12492615479762544;3.016483320773253;9.099171624503231;-35.05185;3.9169238;-20.78380720889364;-20.583706;-0.1451362250647929;3.0268275758421694;0.43047813;DIFF;1.3062285e+06;DIFF;0.8728792;0.87522155;0.191678482271;7.5590256653;OIL SPILL
14 S1B_IW_GRDH_1SDV_20200612T120030_NR_Orb_Cal_TC.tif;3;SP00278GXS1;SENTINEL-1;IW;IMG_14_WIN_002;IMG_14_WIN_002;800;600;800;600;1;1;800;600;0;0;0;0;0;2;1;1;3;5;5;19.370367521289506;-92.02575894870252;15Q;0.2858882328597471;8.198563649090758;235.1144194912277;0.15624542673552838;18.709811027105175;2.054402051974401;4.1329924917791665;7.5688593305431535;8.466871139329681;-16.706552120095278;-10.605160265535343;16.581664954109055;0.0534478941851035;28.677513471192295;3.1706643325967554;10.053112310001227;-35.751278;-17.5655;-24.234574926181104;-23.742481;-0.13083226515235563;2.8492764037098777;8.118376024737895;-58.029;-10.654512;-20.429130423109967;-20.208069;-0.1394712523097264;3.8054445030711364;0.5068404;DIFF;1.8393125e+06;DIFF;0.84297454;0.8439417;0.28588823286;8.19856364909;OIL SPILL
14 S1B_IW_GRDH_1SDV_20200612T120030_NR_Orb_Cal_TC.tif;4;SP00279GXS1;SENTINEL-1;IW;IMG_14_WIN_002;IMG_14_WIN_002;800;600;800;600;1;1;800;600;0;0;0;0;0;2;1;1;3;5;5;19.415050707851584;-92.0712373444156;15Q;0.4598385220875862;21.59230828366651;1013.8945621613021;0.18526275439068354;80.68316567098209;1.5740288721705429;3.1676144515786;5.797230746164977;6.3800486321798235;12.619001493783815;8.620145255613286;12.619405332343803;0.01239415919893253;46.95628410086485;3.060392689923625;9.366003416537962;-43.602573;-17.526316;-23.72893460695351;-23.182266;-0.12897303400325483;2.9460172255066355;8.679017492981815;-46.248913;10.2009115;-20.864098507530393;-20.576946;-0.14120031231847097;2.8648360994231155;0.41404045;DIFF;2.0886416e+07;DIFF;0.87926817;0.8806957;0.459838522088;21.5923082837;OIL SPILL
14 S1B_IW_GRDH_1SDV_20200612T120030_NR_Orb_Cal_TC.tif;5;SP00280GXS1;SENTINEL-1;IW;IMG_14_WIN_003;IMG_14_WIN_003;800;600;800;600;1;1;800;600;0;0;0;0;0;3;1;1;3;2;2;19.302836510784772;-92.1917927782989;15Q;0.2660894183434252;5.543034509446332;115.46957321413576;0.23457564852209906;9.18877667687061;2.565964266468299;5.180955823676651;8.753514065477368;9.066514846100034;17.990251472983253;11.869502277776427;-18.583020000439912;0.10882841483318828;20.83147290845019;3.1493700378323877;9.918531635196375;-40.899536;-17.618979;-24.25305502909027;-23.719208;-0.12985457024094008;3.64512107820024;13.28690767473968;-36.38183;-0.6377816;-20.561500726744185;-20.7343;-0.17727894119416387;3.691554302346084;0.45756587;DIFF;906911.0;DIFF;0.8477903;0.85384053;0.266089418343;5.54303450945;OIL SPILL
14 S1B_IW_GRDH_1SDV_20200612T120030_NR_Orb_Cal_TC.tif;6;SP00281GXS1;SENTINEL-1;IW;IMG_14_WIN_001;IMG_14_WIN_001;800;600;800;600;1;1;800;600;0;0;0;0;0;1;1;1;3;1;1;19.526123785597466;-92.19114752611745;15Q;0.0569695327011029;2.020314924804572;71.64658374157743;1.3802132205591766;5.701453979059735;2.8349888260913247;5.982339125075059;8.977330766311612;9.57097251894433;18.871444369475437;12.568547285661927;-19.316383854930113;0.17539385631679108;35.463076999496955;3.423049742115797;11.717269536999025;-46.964607;-18.517408;-24.19695241827714;-23.615753;-0.14146615172620666;2.8621878847475437;8.192119487595619;-30.809654;-14.37732;-20.85437586565097;-20.632492;-0.137246393907277;3.34257655262617;0.42659277;DIFF;43319.0;DIFF;0.86185974;0.8613627;0.0569695327011;2.02031492481;OIL SPILL
15 S1B_IW_GRDH_1SDV_20200624T120031_NR_Orb_Cal_TC.tif;0;OS03025GXS1;SENTINEL-1;IW;IMG_15_WIN_001;IMG_15_WIN_001;800;600;800;600;1;1;800;600;0;0;0;0;0;1;1;1;1;2;2;19.386131801523167;-92.04470297464533;15Q;0.8208109911392113;25.512393344474795;792.9745351726299;0.2772176297605973;63.102908509361036;2.25065837669969;4.547671285272893;7.2560987807824615;7.354274598512064;14.660000478806376;9.633368764151076;15.962236810416186;0.015847130086747974;31.081934355028437;2.3625563995605607;5.58167274110456;-32.037872;-12.422077;-17.574247314899452;-17.426933;-0.1344328640212992;3.280088904478715;10.758983221284376;-33.316925;14.006956;-14.704373010760836;-14.84261;-0.22306894024507587;2.869874304138616;0.43276104;DIFF;2.2695888e+07;DIFF;0.8367;0.84962153;0.820810991139;25.5123933445;SEEPAGE SLICK
15 S1B_IW_GRDH_1SDV_20200624T120031_NR_Orb_Cal_TC.tif;1;SP00282GXS1;SENTINEL-1;IW;IMG_15_WIN_001;IMG_15_WIN_001;800;600;800;600;1;1;800;600;0;0;0;0;0;1;1;1;1;2;2;19.387321942407723;-92.07037608544849;15Q;1.0796371640500853;32.68245775969084;989.3537206583453;0.5175067140218906;78.73026755456694;2.0213291488008602;4.059710712067054;6.3210706057279245;6.336874433552389;12.665847781195554;8.367553810121384;-15.375208567572047;0.012701595346502701;30.271705020868172;2.2698833319026788;5.152370340449606;-28.926208;-11.819481;-17.556114000608062;-17.308804;-0.12929303898482664;2.4949860607807093;6.224955443490041;-31.185568;14.006956;-14.902579266562633;-14.807978;-0.16741974769285642;2.6535347340454294;0.4469936;DIFF;9.680122e+07;DIFF;0.848854;0.85356337;1.07963716405;32.6824577597;OIL SPILL
16 S1B_IW_GRDH_1SDV_20200706T120032_NR_Orb_Cal_TC.tif;0;OS03026GXS1;SENTINEL-1;IW;IMG_16_WIN_001;IMG_16_WIN_001;800;600;800;600;1;1;800;600;0;0;0;0;0;1;1;1;2;1;1;19.386310646773047;-92.03307927234977;15Q;0.22358584026209116;5.268042597938608;124.12357053185511;0.7393980662880183;9.877439902180127;2.816461756597426;5.792749044935929;9.259386032321748;9.30492751189542;18.58710458515761;12.205306849938408;-20.601711233692306;0.10124080833731847;23.56161102046229;2.351594522389573;5.529996797732643;-24.818008;-10.648074;-17.372204671770135;-17.273174;-0.13536534750888116;2.3745293636040787;5.63838969861799;-24.520504;-7.565011;-14.731732780951116;-14.60012;-0.16118466163562692;2.6404718908190183;0.44668138;DIFF;885843.5;DIFF;0.84800595;0.85118806;0.223585840262;5.26804259793;SEEPAGE SLICK
16 S1B_IW_GRDH_1SDV_20200706T120032_NR_Orb_Cal_TC.tif;1;SP00283GXS1;SENTINEL-1;IW;IMG_16_WIN_002;IMG_16_WIN_002;800;600;800;600;1;1;800;600;0;0;0;0;0;2;1;1;2;3;3;19.268767549737884;-92.19961251827448;15Q;0.4684709308706904;9.503746072108624;192.79998704562308;1.2419441045398767;15.342535483182152;3.0579553056115234;7.003558806729679;10.787799677895721;10.915374859216646;21.8324996259985;14.434341028539317;22.059039564942186;0.0651782752007423;20.286735944202896;2.3056307310163864;5.315933067807156;-28.605282;-10.985083;-16.97247314453125;-16.730217;-0.13584530147035703;2.1865198005978153;4.78086883840631;-27.561113;-6.8754573;-14.995821220930232;-14.781296;-0.14580860683681712;1.9766519236010183;0.35113296;DIFF;1.1892835e+06;DIFF;0.88353777;0.88475424;0.468470930871;9.50374607211;OIL SPILL
16 S1B_IW_GRDH_1SDV_20200706T120032_NR_Orb_Cal_TC.tif;2;SP00284GXS1;SENTINEL-1;IW;IMG_16_WIN_002;IMG_16_WIN_002;800;600;800;600;1;1;800;600;0;0;0;0;0;2;1;1;2;3;3;19.300181973539654;-92.17386232120977;15Q;0.31113323708095436;7.497535286723485;180.67190732514902;1.0606088959436657;14.377413564319141;2.762822297690518;5.79331117741449;8.150018021794628;8.225952772451956;16.414345912567743;11.130031817926763;-17.77732591401054;0.06955353934324669;24.097506769335244;2.3982995214545957;5.751840594609343;-27.982985;-11.767573;-17.39403059974367;-17.164381;-0.1378806083904405;2.659666042965037;7.0738234601012975;-27.985495;10.864791;-14.623647569444444;-14.540402;-0.18187432583662014;2.770383030299225;0.44487038;DIFF;2.966322e+06;DIFF;0.84072804;0.8465111;0.311133237081;7.49753528672;OIL SPILL
16 S1B_IW_GRDH_1SDV_20200706T120032_NR_Orb_Cal_TC.tif;3;SP00285GXS1;SENTINEL-1;IW;IMG_16_WIN_002;IMG_16_WIN_002;800;600;800;600;1;1;800;600;0;0;0;0;0;2;1;1;2;3;3;19.303877512820954;-92.20408886967998;15Q;0.11108822847040534;3.8003238578289493;130.00892734761254;1.0472582119102494;10.345781716723813;2.7659823318059464;5.7408983643862;9.936150603723858;10.483793777281845;20.732390866692537;13.393320592753017;-21.087735707019434;0.09665775166931212;34.20996004847968;2.469357686434058;6.097727383550963;-26.27779;-11.195702;-16.90937104096284;-16.521053;-0.14603486318042555;2.349228797467779;5.518875942851908;-29.30505;-8.061486;-14.71803117433414;-14.4524555;-0.15961569653177887;2.1913398666286987;0.3886853;DIFF;183181.0;DIFF;0.8704068;0.8721737;0.11108822847;3.80032385782;OIL SPILL
17 S1B_IW_GRDH_1SDV_20200709T001514_NR_Orb_Cal_TC.tif;0;OS03027GXS1;SENTINEL-1;IW;IMG_17_WIN_006;IMG_17_WIN_006;800;600;800;600;1;1;800;600;0;0;0;0;0;6;1;1;7;3;3;19.39347430064821;-92.07212911928173;15Q;9.785877410053041;70.8268637055328;512.6208322626974;0.3227020317297439;40.79306969324482;2.3921417724608585;4.808801996718296;7.867663539655959;7.859309090913128;15.722795567712359;10.263712171933285;18.787066634598897;0.02451396787542067;7.237661043328858;4.3390709341065445;18.827536571208242;-60.64959;0.0;-24.975781100249186;-24.540035;-0.1737311404472252;3.3797555370844186;11.422747490452787;-52.857067;23.448853;-19.139653778475292;-19.03213;-0.17658394327306676;5.836127321773894;0.6329263;DIFF;2.4581745e+09;DIFF;0.7663286;0.76670015;9.78587741005;70.8268637055;SEEPAGE SLICK
17 S1B_IW_GRDH_1SDV_20200709T001514_NR_Orb_Cal_TC.tif;1;OS03028GXS1;SENTINEL-1;IW;IMG_17_WIN_005;IMG_17_WIN_005;800;600;800;600;1;1;800;600;0;0;0;0;0;5;1;1;7;2;2;19.393949052769475;-92.40743193750991;15Q;0.35706389289547125;12.47232596260904;435.6612864328755;0.825431882073008;34.668823624783116;2.3901964572646057;4.85762964749014;7.577570660032483;7.532636362522971;15.088009213235512;9.967076617969523;-16.54110171518912;0.028844359151694636;34.93023576668463;2.8565235192472302;8.15972661601258;-46.667923;-14.243493;-20.662039620535715;-20.313349;-0.13824983262582513;2.7311314388879686;7.459078936482267;-45.760384;-10.929607;-18.301165502039346;-17.96063;-0.14923265070651548;2.360874118496369;0.38334894;DIFF;5.943544e+06;DIFF;0.88573855;0.8871096;0.357063892896;12.4723259626;SEEPAGE SLICK
17 S1B_IW_GRDH_1SDV_20200709T001514_NR_Orb_Cal_TC.tif;2;OS03029GXS1;SENTINEL-1;IW;IMG_17_WIN_005;IMG_17_WIN_005;800;600;800;600;1;1;800;600;0;0;0;0;0;5;1;1;7;2;2;19.459060207806804;-92.45859186881137;15Q;0.49563723309854707;19.2949945706689;751.1477964532156;0.6320858948296663;59.77444239905706;1.9223008217544415;4.176094956505175;6.923797049947396;7.5728769921072425;-15.008485040653245;-9.667925296258282;-14.940303222182738;0.01672955798272365;38.92967130423895;3.027749220483444;9.167265342138101;-41.209255;-14.410936;-20.81197699981089;-20.32655;-0.1454810958377936;2.6013256752818497;6.766895268880572;-40.15255;-10.561214;-18.03754978365621;-17.740118;-0.1442172416144296;2.774427216154681;0.41922018;DIFF;2.0867792e+07;DIFF;0.8666908;0.8665354;0.495637233099;19.2949945707;SEEPAGE SLICK
17 S1B_IW_GRDH_1SDV_20200709T001514_NR_Orb_Cal_TC.tif;3;SP00286GXS1;SENTINEL-1;IW;IMG_17_WIN_006;IMG_17_WIN_006;800;600;800;600;1;1;800;600;0;0;0;0;0;6;1;1;7;3;3;19.4161879938165;-92.09484376171196;15Q;1.749934326283909;41.068286323690394;963.8099648837799;0.869923804968503;76.69756005623982;2.8818299216034013;7.024149686996273;9.859123964322242;9.50697423645027;20.508411905607364;13.371057417483375;-19.19052507694757;0.01303822441374579;23.468472906009776;3.3317580641729707;11.100611798181621;-42.590836;-15.563492;-22.96529897707798;-22.348547;-0.14507793116468679;2.8856069217263243;8.326727306714872;-46.073303;4.970739;-19.859345415201513;-19.610653;-0.1453022172381125;3.105953561876465;0.42873943;DIFF;5.3997816e+07;DIFF;0.86475444;0.86478204;1.74993432628;41.0682863237;OIL SPILL
17 S1B_IW_GRDH_1SDV_20200709T001514_NR_Orb_Cal_TC.tif;4;SP00287GXS1;SENTINEL-1;IW;IMG_17_WIN_006;IMG_17_WIN_006;800;600;800;600;1;1;800;600;0;0;0;0;0;6;1;1;7;3;3;19.407585974031736;-92.04570199965649;15Q;0.33045761442062405;14.49586885870708;635.876447686779;0.2503081381864975;50.60143992253293;1.5949722506655344;3.1979023770190342;5.081269353133019;5.083122685953437;10.165318794073782;6.683610659145272;-13.360035133574662;0.019762283475152607;43.86604582896966;2.840108129039951;8.066214184638811;-39.66895;-16.04553;-21.622377358825197;-21.188978;-0.1313504098974925;2.709860162472051;7.34334210015305;-47.034523;13.3343;-19.158800302258044;-18.938766;-0.14144205898699558;2.4635770565671535;0.39830378;DIFF;1.1232864e+07;DIFF;0.8860634;0.8872616;0.330457614421;14.4958688587;OIL SPILL
17 S1B_IW_GRDH_1SDV_20200709T001514_NR_Orb_Cal_TC.tif;5;SP00288GXS1;SENTINEL-1;IW;IMG_17_WIN_004;IMG_17_WIN_004;800;600;800;600;1;1;800;600;0;0;0;0;0;4;1;1;7;1;1;19.514811467671272;-92.04864448221377;15Q;0.7586985353617012;25.12327076229817;831.9229633082638;0.29818534143519304;66.20232594108383;1.237874242440768;2.495369325232603;4.494469802348948;4.700453069962475;9.301631399196626;6.005471855167236;-10.183057425477068;0.01510520945880272;33.1136407826607;3.092596139623484;9.564150882814074;-41.067574;-15.833374;-22.170765269886363;-21.669048;-0.13948982373756985;2.585501348572638;6.68481722347093;-46.662018;4.6740727;-18.979234346230076;-18.709995;-0.1362279057946406;3.1915309236562877;0.4595667;DIFF;1.3885363e+08;DIFF;0.856048;0.85567015;0.758698535362;25.1232707623;OIL SPILL
17 S1B_IW_GRDH_1SDV_20200709T001514_NR_Orb_Cal_TC.tif;6;SP00289GXS1;SENTINEL-1;IW;IMG_17_WIN_003;IMG_17_WIN_003;800;600;800;600;1;1;800;600;0;0;0;0;0;3;1;1;7;3;3;19.540410430865094;-92.18842116905161;15Q;0.10830783746546219;1.963950490898238;35.612395381169016;0.5444788866280188;2.8339443801280155;3.0659201309002757;6.540097056852884;11.575732730834861;12.045212845407246;24.002616455230026;15.327937150254739;-24.009844961244536;0.3528650763268783;18.1330413094483;3.816789474164137;14.567881890090147;-38.152035;-16.42308;-23.782545888300174;-23.401382;-0.16048700135345084;2.588299510945047;6.699294358358368;-29.021639;-13.818797;-19.325755049542682;-18.841764;-0.1339300588416749;4.456790838757492;0.53464425;DIFF;69960.0;DIFF;0.81260246;0.8094995;0.108307837466;1.9639504909;OIL SPILL
17 S1B_IW_GRDH_1SDV_20200709T001514_NR_Orb_Cal_TC.tif;7;SP00290GXS1;SENTINEL-1;IW;IMG_17_WIN_003;IMG_17_WIN_003;800;600;800;600;1;1;800;600;0;0;0;0;0;3;1;1;7;3;3;19.508137551279038;-92.2053862871993;15Q;0.07796633971408973;2.8348727073183633;103.0765750472473;0.6401716739974406;8.202573217876061;2.79278700665588;5.977953117189676;8.7349884839889;9.324148285413836;18.384195588056155;12.53774561048576;-18.79515529218618;0.1219129623641367;36.360212852291404;3.6301607545273433;13.17806710371053;-40.502872;-16.488537;-22.72459294245793;-22.085247;-0.1597459089242854;2.949143584689156;8.697447883113204;-33.586334;-12.466637;-19.191150531572166;-18.804976;-0.15367205732857947;3.5334424108857654;0.4846947;DIFF;81458.0;DIFF;0.8445103;0.84372604;0.0779663397141;2.83487270732;OIL SPILL
17 S1B_IW_GRDH_1SDV_20200709T001514_NR_Orb_Cal_TC.tif;8;SP00291GXS1;SENTINEL-1;IW;IMG_17_WIN_003;IMG_17_WIN_003;800;600;800;600;1;1;800;600;0;0;0;0;0;3;1;1;7;3;3;19.589412501100487;-92.20868598627973;15Q;0.09778448841298702;3.858045357544893;152.21753697794924;0.22489307729973165;12.113086717656993;2.3912609819483786;4.810779502058101;8.687451404967227;8.728379562612956;17.43630181754131;11.140501255281237;19.68934474887962;0.08255534062530247;39.454574239327876;3.9466536448745906;15.57607499260189;-50.128002;-15.893517;-22.276138948754788;-21.705542;-0.17716955590704844;2.6503756200461783;7.024490927335165;-37.349674;-12.763653;-19.090052898476113;-18.907787;-0.13883542566075066;3.186086050278675;0.42981938;DIFF;124078.0;DIFF;0.85697305;0.8519255;0.097784488413;3.85804535754;OIL SPILL
17 S1B_IW_GRDH_1SDV_20200709T001514_NR_Orb_Cal_TC.tif;9;SP00292GXS1;SENTINEL-1;IW;IMG_17_WIN_002;IMG_17_WIN_002;800;600;800;600;1;1;800;600;0;0;0;0;0;2;1;1;7;1;1;19.581542823653965;-92.49848130917668;15Q;0.5537073110757748;18.93954040224376;647.8263578483522;0.4634326987985795;51.552383558392165;2.483718438379383;5.099335139675843;8.145607050373865;8.848230877581345;17.66573147901545;12.037980702666191;-17.40147454960006;0.019397745186065424;34.20496717922492;2.772382720569564;7.6861059493126955;-39.144703;-14.346564;-20.658181981562922;-20.312126;-0.13420264779562252;2.638077688296446;6.95945388948752;-39.13338;-10.946864;-18.241453750617893;-17.970606;-0.14461992582181596;2.4167282309450293;0.36471677;DIFF;8.953222e+06;DIFF;0.8830135;0.8842723;0.553707311076;18.9395404022;OIL SPILL
17 S1B_IW_GRDH_1SDV_20200709T001514_NR_Orb_Cal_TC.tif;10;SP00293GXS1;SENTINEL-1;IW;IMG_17_WIN_001;IMG_17_WIN_001;800;600;800;600;1;1;800;600;0;0;0;0;0;1;1;1;7;1;1;19.600337927073134;-92.37638097343523;15Q;0.17793698803214286;3.803451200071667;81.29979714343258;0.25433733384432666;6.469632293872824;2.4750806821732843;4.992876559766609;7.296107018075871;7.31402434168567;14.61909133674957;9.810531494259285;-17.227974722314492;0.1545682899083874;21.37527021298464;3.6095706151531446;13.029000025777052;-40.72632;-14.507556;-22.047249177631578;-21.579765;-0.16371977229772944;2.6514220770380414;7.030039030604721;-40.810925;-11.442151;-18.20452476329206;-17.936611;-0.14564632208276143;3.842724414339518;0.49749222;DIFF;537022.5;DIFF;0.82570505;0.82345384;0.177936988032;3.80345120007;OIL SPILL
17 S1B_IW_GRDH_1SDV_20200709T001514_NR_Orb_Cal_TC.tif;11;SP00294GXS1;SENTINEL-1;IW;IMG_17_WIN_007;IMG_17_WIN_007;800;600;800;600;1;1;800;600;0;0;0;0;0;7;1;1;7;1;1;19.4043646242043;-92.3204128571296;15Q;0.3157962890506301;7.387267477410297;172.80671963201777;0.8711796465234446;13.751521814465452;1.9392058933290373;3.895568808103725;6.116227254101286;6.139599224099755;12.267519377776047;8.091121157552971;14.51601030828997;0.07271922435145203;23.392508821488814;3.840223989187197;14.747320287128828;-42.003353;-15.780111;-23.351822298099762;-22.784794;-0.16445071995514854;2.777044558827541;7.711976481713653;-47.71256;-10.44024;-18.4192428019547;-18.088802;-0.1507686601825366;4.932579496145063;0.6065312;DIFF;1.1153016e+07;DIFF;0.78877115;0.78711325;0.315796289051;7.38726747741;OIL SPILL
18 S1B_IW_GRDH_1SDV_20200718T120032_NR_Orb_Cal_TC.tif;0;OS03029GXS1;SENTINEL-1;IW;IMG_18_WIN_002;IMG_18_WIN_002;800;600;800;600;1;1;800;600;0;0;0;0;0;2;1;1;5;2;2;19.34252575559022;-92.16587509721069;15Q;17.609401472013417;218.44533538259972;2709.823194516586;0.2840228532015117;215.64087815619266;1.4799083288532815;2.979863882313026;4.573963112280695;4.555403793415417;9.12008916696076;6.048410978850038;11.646735902953521;0.004637339675808969;12.405040326315145;4.397762683738913;19.340316622486483;-72.13074;-16.225653;-26.16550094820055;-25.531612;-0.16807485140242864;3.2686080845199394;10.683798810189108;-70.7147;23.202963;-21.230322847327308;-20.870073;-0.15395941493802698;4.935178100873241;0.5279633;DIFF;5.4384787e+10;DIFF;0.8113861;0.80959064;17.609401472;218.445335383;SEEPAGE SLICK
18 S1B_IW_GRDH_1SDV_20200718T120032_NR_Orb_Cal_TC.tif;1;SP00295GXS1;SENTINEL-1;IW;IMG_18_WIN_003;IMG_18_WIN_003;800;600;800;600;1;1;800;600;0;0;0;0;0;3;1;1;5;2;2;19.293936194214933;-92.21050088875904;15Q;1.2396798044795483;18.730630250875237;283.0057473932096;0.1493233753503028;22.520881810522795;2.198476555528151;4.407842588768971;7.525807946316649;7.529135127822061;15.056607366457888;9.733119256070138;-17.801949760577095;0.04440323466964575;15.109248519813447;4.1759499267358215;17.43855779060491;-44.209698;-16.832022;-28.04278780653951;-28.020878;-0.1489135087261902;3.0261137022681983;9.15736413905534;-56.955467;-4.0728526;-22.085622828683096;-21.666084;-0.1370173585658683;5.957164977856415;0.6338532;DIFF;5.4344624e+07;DIFF;0.7875688;0.78625727;1.23967980448;18.7306302509;OIL SPILL
18 S1B_IW_GRDH_1SDV_20200718T120032_NR_Orb_Cal_TC.tif;2;SP00296GXS1;SENTINEL-1;IW;IMG_18_WIN_002;IMG_18_WIN_002;800;600;800;600;1;1;800;600;0;0;0;0;0;2;1;1;5;2;2;19.392007349967606;-92.05777469005349;15Q;0.041264066625155714;2.8970985775979248;203.40167256329516;0.4096306496188706;16.186190810803787;0.7598017598524153;1.5217618951564529;2.629246090087691;2.6334928676445815;5.264862365878883;3.394930457325614;8.789695276334346;0.06178105841508618;70.20875096764635;2.6650336612944616;7.102404415832563;-37.024345;-19.922062;-23.616011186079547;-23.16379;-0.11284859412945084;2.9524569996711527;8.717002334907185;-42.309597;12.097976;-19.490690181764005;-19.3249;-0.15148037202056333;4.125321004315541;0.65059054;DIFF;1.621904e+06;DIFF;0.8253167;0.8294672;0.0412640666251;2.8970985776;OIL SPILL
18 S1B_IW_GRDH_1SDV_20200718T120032_NR_Orb_Cal_TC.tif;3;SP00297GXS1;SENTINEL-1;IW;IMG_18_WIN_004;IMG_18_WIN_004;800;600;800;600;1;1;800;600;0;0;0;0;0;4;1;1;5;1;1;19.230393986146936;-92.30866805644575;15Q;0.9145884699833473;33.30075433510656;1212.5018800065452;0.299220068553423;96.48783385562892;1.4094163028473945;2.829187590980485;4.931896961855578;4.899272679068994;9.814859301206956;6.317406305575886;12.355397250361232;0.010364000931933678;36.41064306847526;4.078064656600637;16.63061134341527;-52.989716;-21.408758;-29.81845238095238;-28.861692;-0.13676312252897638;3.902828481125427;15.232070153083807;-68.17181;-1.4186321;-25.377202321918208;-24.778397;-0.15379270069319528;4.4412500590341715;0.54093915;DIFF;1.3685555e+08;DIFF;0.851057;0.85312134;0.914588469983;33.3007543351;OIL SPILL
18 S1B_IW_GRDH_1SDV_20200718T120032_NR_Orb_Cal_TC.tif;4;SP00298GXS1;SENTINEL-1;IW;IMG_18_WIN_001;IMG_18_WIN_001;800;600;800;600;1;1;800;600;0;0;0;0;0;1;1;1;5;1;1;19.57039087303466;-92.24718513138617;15Q;1.0075417710216796;10.33168401188993;105.94468397404553;0.5245294801541864;8.430810074389028;2.7980618041085776;5.71611671061298;9.660191121392343;10.428200253670564;20.713355331003807;13.618397141352549;-20.559252053791855;0.11861256405689688;10.25434806679357;4.1203361222332875;16.97716976018044;-49.50379;-17.287218;-26.142966716251394;-25.612251;-0.1576078249631837;3.233284274788438;10.454127201594195;-38.724438;2.9365778;-18.83679288321168;-18.662458;-0.17164728066156673;7.306173833039715;0.7340227;DIFF;1.4916906e+07;DIFF;0.72053;0.7221532;1.00754177102;10.3316840119;OIL SPILL
19 S1B_IW_GRDH_1SDV_20200721T001515_NR_Orb_Cal_TC.tif;0;OS03030GXS1;SENTINEL-1;IW;IMG_19_WIN_009;IMG_19_WIN_009;800;600;800;600;1;1;800;600;0;0;0;0;0;9;1;1;19;7;7;19.38541922787007;-92.1854988771665;15Q;39.511704416698606;437.85993267159347;4852.266523793549;0.33929850271955553;386.13110123053553;1.929420817196824;3.968419378882741;6.288994341282549;6.698862262172686;13.21394430139742;8.815055511041793;13.708965178359238;0.0025897939762250864;11.081777896843732;4.598181851504069;21.143276339501387;-62.813744;0.0;-25.364858065128644;-25.104584;-0.18128159202379313;8.239864326118925;67.89536411284729;-65.658516;19.99931;-15.11956654999901;-17.971714;-0.5449801949593234;10.245291515129633;0.6979171;DIFF;1.2315905e+11;DIFF;0.5960832;0.66796863;39.5117044167;437.859932672;SEEPAGE SLICK
19 S1B_IW_GRDH_1SDV_20200721T001515_NR_Orb_Cal_TC.tif;1;OS03031GXS1;SENTINEL-1;IW;IMG_19_WIN_001;IMG_19_WIN_001;800;600;800;600;1;1;800;600;0;0;0;0;0;1;1;1;19;1;1;19.915224116985865;-92.1144886733554;15Q;0.8304823540940746;14.126857265676191;240.3038369460427;1.3303754214780532;19.122771746955763;2.720779375840236;5.793021637924655;8.48417854329201;8.963970830178882;17.731072072466112;12.313031695333843;-18.060712550090955;0.05229367443342487;17.010424358849104;4.266935385699322;18.206737585733023;-40.91875;-16.390837;-25.233055915128322;-24.497627;-0.1691010157489925;2.638935045571742;6.963978174746733;-39.387314;-12.9711;-19.863710732984295;-19.61588;-0.13285206782586248;5.369345182144027;0.58732;DIFF;1.26768e+07;DIFF;0.78720987;0.78301024;0.830482354094;14.1268572657;SEEPAGE SLICK
19 S1B_IW_GRDH_1SDV_20200721T001515_NR_Orb_Cal_TC.tif;2;OS03032GXS1;SENTINEL-1;IW;IMG_19_WIN_015;IMG_19_WIN_015;800;600;800;600;1;1;800;600;0;0;0;0;0;15;1;1;19;1;1;19.28184254951689;-92.98806213562914;15Q;0.37866007181744127;6.655926228324608;116.99504979299192;0.30410029966784474;9.310170245918545;2.4804847993255836;4.987714124551307;7.659439316734958;7.67184102953954;15.337483693894505;10.167230884730495;-17.80765376437621;0.10740942148059932;17.577576099794193;3.8466714703890355;14.796881401104944;-38.933895;-12.265089;-20.891736093904857;-20.291702;-0.184124069588994;2.597714687852288;6.748121599483508;-37.142483;-8.585969;-15.441798057517659;-15.19007;-0.16822617924261876;5.4499380363871985;0.6386737;DIFF;4.504484e+06;DIFF;0.7391344;0.7371293;0.378660071817;6.65592622833;SEEPAGE SLICK
19 S1B_IW_GRDH_1SDV_20200721T001515_NR_Orb_Cal_TC.tif;3;OS03033GXS1;SENTINEL-1;IW;IMG_19_WIN_012;IMG_19_WIN_012;800;600;800;600;1;1;800;600;0;0;0;0;0;12;1;1;19;2;2;19.464162029564104;-92.96319312880999;15Q;0.21517712851047047;4.721795716846322;103.61396188323698;0.8021666764878524;8.245337103526198;2.633622535295225;5.3310637104440515;8.918956643868116;9.677634578104474;19.591856018036154;-12.850433910258957;-18.98905089806206;0.12128066899439931;21.943762097450616;3.3617219335758124;11.301174358684698;-34.90619;-13.591888;-19.925895239002614;-19.510574;-0.16871121188048976;2.487415001658836;6.187233390477428;-28.076017;-8.327501;-15.37387281232214;-15.187147;-0.1617949512152316;4.552022426680473;0.59155715;DIFF;1.774958e+06;DIFF;0.7715524;0.7706945;0.215177128511;4.72179571685;SEEPAGE SLICK
19 S1B_IW_GRDH_1SDV_20200721T001515_NR_Orb_Cal_TC.tif;4;OS03034GXS1;SENTINEL-1;IW;IMG_19_WIN_012;IMG_19_WIN_012;800;600;800;600;1;1;800;600;0;0;0;0;0;12;1;1;19;2;2;19.469395838826834;-92.9053049997028;15Q;0.18293264765544615;4.592207149608641;115.2794035137822;0.4260736405631582;9.173643452951824;2.360698600888126;4.7912213830169295;6.998874696794582;7.0565625680223345;14.08428184785025;9.466508736627565;16.847065808681705;0.10900794271421436;25.10326728697476;3.1562127758468623;9.961679086418956;-36.07376;-13.19379;-19.963394915471312;-19.500893;-0.15810000198918311;2.5785619223173772;6.648981587225087;-41.421;-9.920417;-15.911130147936563;-15.606349;-0.16206026211480512;4.05226476753475;0.5809356;DIFF;1.226327e+06;DIFF;0.79701525;0.79750806;0.182932647655;4.59220714961;SEEPAGE SLICK
19 S1B_IW_GRDH_1SDV_20200721T001515_NR_Orb_Cal_TC.tif;5;OS03035GXS1;SENTINEL-1;IW;IMG_19_WIN_008;IMG_19_WIN_008;800;600;800;600;1;1;800;600;0;0;0;0;0;8;1;1;19;1;1;19.547995420812196;-92.90067768167283;15Q;0.35070455333149936;9.068914215426812;234.51422077497008;0.6010447310292126;18.662048730840272;2.2956123090855285;4.67998979899228;7.152520020534963;7.281320179013275;14.501969830653858;9.70520290913791;-15.382651217943105;0.0535846848554968;25.85912880023125;3.9021144499543707;15.226497180542701;-42.11719;-13.903763;-20.874190371260685;-20.316242;-0.18693488851796386;2.436983283011787;5.938887521678907;-32.166763;-8.866414;-15.477259733377956;-15.237389;-0.15745573344331984;5.396930637882729;0.63542634;DIFF;7.571204e+06;DIFF;0.74145436;0.7378088;0.350704553331;9.06891421543;SEEPAGE SLICK
19 S1B_IW_GRDH_1SDV_20200721T001515_NR_Orb_Cal_TC.tif;6;SP00299GXS1;SENTINEL-1;IW;IMG_19_WIN_009;IMG_19_WIN_009;800;600;800;600;1;1;800;600;0;0;0;0;0;9;1;1;19;7;7;19.39391045602062;-92.05212955508303;15Q;0.3030398887043224;7.597459918899141;190.47458559357514;0.5778349554097302;15.157485915298901;2.4740974085176757;4.985161023766314;9.236850433543875;9.477754413151814;18.839625505783264;12.031053410157803;-19.675819463106606;0.06597400159815886;25.070824673883187;3.771847065252151;14.226830283651264;-40.661495;-15.880286;-24.00564424118193;-23.342724;-0.1571233426337923;2.670212038767688;7.130032331979893;-40.01142;-9.528156;-19.988614069506728;-19.708073;-0.13358665235531172;4.017030171675202;0.47624713;DIFF;2.668338e+06;DIFF;0.8326633;0.8298785;0.303039888704;7.5974599189;OIL SPILL
19 S1B_IW_GRDH_1SDV_20200721T001515_NR_Orb_Cal_TC.tif;7;SP00300GXS1;SENTINEL-1;IW;IMG_19_WIN_010;IMG_19_WIN_010;800;600;800;600;1;1;800;600;0;0;0;0;0;10;1;1;19;2;2;19.324120910784018;-92.4235567335109;15Q;0.9650706664360017;17.579815094195318;320.2355117552338;0.43192552163156905;25.483532324704107;2.0749512852861716;4.184311315540096;7.814897442674369;8.49122848896249;16.929929668371543;-11.502207639583945;16.71214379604923;0.039241027784463985;18.21609101343577;4.187204850302173;17.53268445839404;-41.05474;-15.394328;-24.89943076885692;-24.297857;-0.16816468172193474;2.8555944772240194;8.15441981835232;-41.132385;8.945286;-18.708380838368868;-18.384617;-0.15263717912816396;6.191049930488052;0.6599221;DIFF;6.143504e+07;DIFF;0.7513578;0.7495357;0.965070666436;17.5798150942;OIL SPILL
19 S1B_IW_GRDH_1SDV_20200721T001515_NR_Orb_Cal_TC.tif;8;SP00301GXS1;SENTINEL-1;IW;IMG_19_WIN_014;IMG_19_WIN_014;800;600;800;600;1;1;800;600;0;0;0;0;0;14;1;1;19;4;4;19.37289134492001;-92.33917831020943;15Q;0.1309179624713303;4.174810020108571;133.12946806528328;0.3386608362372462;10.594106456892229;2.6435168627101047;5.397397306759917;8.971060644920493;9.101259846008837;18.137437726982128;11.801101477810612;20.182612072156367;0.09439210414479345;31.88874881109467;3.3000229986094425;10.890151791351256;-37.471924;-17.547089;-23.33818303411533;-22.652311;-0.14140016786163384;2.7197207230827933;7.3968808115659925;-32.711967;-12.927248;-19.730236757624397;-19.492785;-0.13784531612535292;3.6079462764909316;0.492248;DIFF;176371.0;DIFF;0.8454059;0.8449944;0.130917962471;4.17481002011;OIL SPILL
19 S1B_IW_GRDH_1SDV_20200721T001515_NR_Orb_Cal_TC.tif;9;SP00302GXS1;SENTINEL-1;IW;IMG_19_WIN_014;IMG_19_WIN_014;800;600;800;600;1;1;800;600;0;0;0;0;0;14;1;1;19;4;4;19.38102535272427;-92.35104359882251;15Q;0.04051119886736102;1.78040031759192;78.24565501652602;1.514335498951235;6.226591385671637;2.2313923608773156;4.624518630950987;7.738757042489573;8.954078658373204;-17.892843338344626;-11.394074622459838;-17.3151741275698;0.16060151342211998;43.948349280434385;4.319179936076934;18.655315320209553;-39.699184;-16.664457;-24.053923430266202;-23.040806;-0.17956238817332654;3.0218565300989657;9.13161688850176;-33.212997;-13.119578;-19.27749147840366;-19.03286;-0.15675569269395423;4.776431951862541;0.5573838;DIFF;57357.0;DIFF;0.801428;0.7984449;0.0405111988674;1.78040031759;OIL SPILL
19 S1B_IW_GRDH_1SDV_20200721T001515_NR_Orb_Cal_TC.tif;10;SP00303GXS1;SENTINEL-1;IW;IMG_19_WIN_014;IMG_19_WIN_014;800;600;800;600;1;1;800;600;0;0;0;0;0;14;1;1;19;4;4;19.437235718683077;-92.3522790092329;15Q;0.24185985513555083;5.33625159350094;117.73587250840833;0.7598987815018027;9.369123044475186;1.9935878389946624;4.057653916492118;5.445131851170978;5.409929197683222;10.83747377041868;7.439331969188812;-12.93203188837129;0.10673357530400704;22.063403579358912;4.250207821405236;18.06426652513424;-46.3703;-15.7660265;-24.306801114341084;-23.391104;-0.17485673254213616;2.8173806961328562;7.937633986942058;-44.66224;-10.927601;-19.08743930189008;-18.702694;-0.1476039112199756;5.219361812451005;0.60330987;DIFF;6.477444e+06;DIFF;0.7852715;0.7819164;0.241859855136;5.3362515935;OIL SPILL
19 S1B_IW_GRDH_1SDV_20200721T001515_NR_Orb_Cal_TC.tif;11;SP00304GXS1;SENTINEL-1;IW;IMG_19_WIN_014;IMG_19_WIN_014;800;600;800;600;1;1;800;600;0;0;0;0;0;14;1;1;19;4;4;19.395652762170418;-92.38214178239492;15Q;0.043132677714615306;1.307228001063725;39.61833897889506;0.3519498039110827;3.152727242790731;2.9613773156399783;6.191094558719315;10.514419209264322;10.210813771536005;20.589538137195973;13.306428433548739;-21.1462924443652;0.31718570082035386;30.3071376582024;3.171259213366472;10.056884998361735;-33.36516;-17.963587;-24.393418817934784;-23.9581;-0.13000470483599724;2.6982938774739846;7.280789849213591;-30.759178;-14.540239;-19.727850222120097;-19.556477;-0.13677587000576927;4.665568595814687;0.6480392;DIFF;20578.0;DIFF;0.80873656;0.8094547;0.0431326777146;1.30722800107;OIL SPILL
19 S1B_IW_GRDH_1SDV_20200721T001515_NR_Orb_Cal_TC.tif;12;SP00305GXS1;SENTINEL-1;IW;IMG_19_WIN_006;IMG_19_WIN_006;800;600;800;600;1;1;800;600;0;0;0;0;0;6;1;1;19;5;5;19.497715179352348;-92.1421796373448;15Q;0.033738604031596446;1.9786701333981842;116.04319767158817;1.204735217667232;9.23442426081159;2.583523744770275;5.609012479567131;8.786191050855779;8.53935597640676;17.3708390469245;11.386026138207775;17.33585727289139;0.10829045447302338;58.64706588171654;4.85569830738255;23.57780605231776;-54.78096;-17.414654;-23.385563151041666;-22.748138;-0.2076365780041633;3.741218340631533;13.996714672277763;-34.69528;3.237995;-19.17098599137931;-19.178112;-0.19515002213834284;4.214577159662355;0.48275864;DIFF;31033.0;DIFF;0.8197787;0.81779987;0.0337386040316;1.9786701334;OIL SPILL
19 S1B_IW_GRDH_1SDV_20200721T001515_NR_Orb_Cal_TC.tif;13;SP00306GXS1;SENTINEL-1;IW;IMG_19_WIN_006;IMG_19_WIN_006;800;600;800;600;1;1;800;600;0;0;0;0;0;6;1;1;19;5;5;19.52165343311689;-92.16357116884217;15Q;0.3058485516091634;9.009526678796538;265.3979250477988;1.2380361047637778;21.119695828844762;1.8290393372800742;3.7143846724320406;5.680881361821375;5.736387391946226;11.445022770383424;7.5993871139266576;14.113062373330475;0.0473491667732366;29.457477014014433;3.669470308980566;13.46501234848993;-40.497913;-16.483921;-23.57781862745098;-23.021423;-0.15563230708324757;2.9631758354187654;8.780411031609699;-40.222866;11.442896;-18.576707778298413;-18.381132;-0.15951027872012885;5.0011108491525675;0.5980071;DIFF;1.0727816e+07;DIFF;0.787889;0.7883589;0.305848551609;9.00952667879;OIL SPILL
19 S1B_IW_GRDH_1SDV_20200721T001515_NR_Orb_Cal_TC.tif;14;SP00307GXS1;SENTINEL-1;IW;IMG_19_WIN_007;IMG_19_WIN_007;800;600;800;600;1;1;800;600;0;0;0;0;0;7;1;1;19;11;11;19.531812046219418;-92.1978215449729;15Q;0.21550180504560273;7.520339449007052;262.43634208225717;1.3746791065509012;20.884020544673408;1.6535845430031522;3.3483725023532807;5.597249315465557;5.493899253132558;11.039485883779337;7.168094299237718;-13.162087616293569;0.04788350010769626;34.89687451766661;3.6074457352688456;13.013664732909383;-56.250977;-16.166807;-23.268624320652172;-22.567593;-0.15503476636850597;3.4258816953475444;11.736665390517365;-39.579113;10.519573;-18.669183702175545;-18.500504;-0.18350463255382302;4.599440618476628;0.5723735;DIFF;6.601208e+06;DIFF;0.8023329;0.8060999;0.215501805046;7.520339449;OIL SPILL
19 S1B_IW_GRDH_1SDV_20200721T001515_NR_Orb_Cal_TC.tif;15;SP00308GXS1;SENTINEL-1;IW;IMG_19_WIN_006;IMG_19_WIN_006;800;600;800;600;1;1;800;600;0;0;0;0;0;6;1;1;19;5;5;19.556512276487663;-92.18742090553363;15Q;0.21284734731771252;5.2817371046088795;131.06457371329762;2.7483118074412256;10.429787385351702;2.127441271284373;4.344686576826183;7.893196556255324;8.22288064560828;16.33344815553797;10.661287035727817;16.614832468788933;0.09587923157517741;24.814671975803144;4.111501716830359;16.904446367498988;-53.686382;-17.040424;-23.941605688820424;-23.167917;-0.1717304081551319;3.0928693748096454;9.565840969635406;-38.37893;4.006099;-18.65830148381295;-18.447731;-0.16576371528206205;5.283304205007475;0.6039721;DIFF;1.394728e+06;DIFF;0.7793255;0.77856284;0.212847347318;5.2817371046;OIL SPILL
19 S1B_IW_GRDH_1SDV_20200721T001515_NR_Orb_Cal_TC.tif;16;SP00309GXS1;SENTINEL-1;IW;IMG_19_WIN_007;IMG_19_WIN_007;800;600;800;600;1;1;800;600;0;0;0;0;0;7;1;1;19;11;11;19.518046070420397;-92.20855731633563;15Q;0.11019561281859008;3.067198582214375;85.37279209314207;1.814155191092019;6.793750933590119;2.8142706905391344;5.9271734540189245;9.040646480324664;10.110737034890846;-19.884859610695337;-13.374945042088237;-19.79771336996284;0.14719409200825023;27.834126094146427;3.971802721953061;15.775216862113744;-42.187695;-15.81979;-23.724576158588434;-23.159313;-0.1674130106857671;3.020062178725226;9.120775563366559;-43.247177;-13.867372;-19.625939122404155;-19.377304;-0.15388115492917476;4.098637036184279;0.480396;DIFF;149820.5;DIFF;0.8272408;0.82548964;0.110195612819;3.06719858222;OIL SPILL
19 S1B_IW_GRDH_1SDV_20200721T001515_NR_Orb_Cal_TC.tif;17;SP00310GXS1;SENTINEL-1;IW;IMG_19_WIN_007;IMG_19_WIN_007;800;600;800;600;1;1;800;600;0;0;0;0;0;7;1;1;19;11;11;19.513086561684986;-92.22200013004839;15Q;0.1356863708029515;3.37092738133895;83.7457096318291;1.2334325171721177;6.664271825322077;2.7740210432366443;6.029896197430158;8.589036605676142;8.542758370904473;17.12519116660582;11.562246460380313;-17.676042072856557;0.15005390329372872;24.84352231834934;3.856783162359356;14.874776361458633;-42.050117;-17.169712;-24.297047651933703;-23.327965;-0.15873464206884452;2.974430532737193;8.84723699407926;-44.540874;-11.958389;-19.147977424983953;-18.860695;-0.15533914975563984;5.14907022694975;0.6345258;DIFF;498963.0;DIFF;0.78807837;0.78766835;0.135686370803;3.37092738134;OIL SPILL
19 S1B_IW_GRDH_1SDV_20200721T001515_NR_Orb_Cal_TC.tif;18;SP00311GXS1;SENTINEL-1;IW;IMG_19_WIN_007;IMG_19_WIN_007;800;600;800;600;1;1;800;600;0;0;0;0;0;7;1;1;19;11;11;19.526974496714708;-92.22934112719162;15Q;0.07083556695625558;1.478034979485975;30.84026138921421;1.6546803793335283;2.454190023169782;3.0755451310673094;6.783559277234683;9.584169889339906;10.381778178751267;20.390601823913364;13.805197555203266;-20.839698968278203;0.4074664107339252;20.865718211851593;3.80391325581769;14.469756057785537;-36.927925;-17.508408;-24.453104332010582;-23.909883;-0.1555595234114361;2.7027924948895463;7.305087270431258;-32.191372;-13.205312;-19.30628327950419;-19.033346;-0.13999548518791638;5.146821052506393;0.6110668;DIFF;29665.0;DIFF;0.78952265;0.7877477;0.0708355669563;1.47803497948;OIL SPILL
19 S1B_IW_GRDH_1SDV_20200721T001515_NR_Orb_Cal_TC.tif;19;SP00312GXS1;SENTINEL-1;IW;IMG_19_WIN_003;IMG_19_WIN_003;800;600;800;600;1;1;800;600;0;0;0;0;0;3;1;1;19;14;14;19.58763340468921;-92.20573046273698;15Q;0.3679136931660306;6.763276907805597;124.32783933109609;1.2796709928980563;9.893695096739453;2.994262742812106;6.736366841363308;9.76916335945028;11.570540048729752;-23.405123728374846;16.22603550049335;22.241411069856067;0.101074471188177;18.38278116154131;4.112018088998358;16.908692764249707;-50.872997;-16.556444;-24.493484279531568;-23.838818;-0.16788212089672525;2.984922835497658;8.909764333875376;-33.075417;-0.52742296;-19.067396251433486;-18.89822;-0.15654590674766364;5.426088028098082;0.6074303;DIFF;1.509509e+06;DIFF;0.7784681;0.7770746;0.367913693166;6.76327690781;OIL SPILL
19 S1B_IW_GRDH_1SDV_20200721T001515_NR_Orb_Cal_TC.tif;20;SP00313GXS1;SENTINEL-1;IW;IMG_19_WIN_007;IMG_19_WIN_007;800;600;800;600;1;1;800;600;0;0;0;0;0;7;1;1;19;11;11;19.561402777880893;-92.22130287334322;15Q;0.3705928344753065;9.629654672077274;250.22137633812915;1.068865770197473;19.911984455735336;2.2050686771695607;4.462656267571073;8.674518664251455;10.018288057848482;20.137876608590602;12.68186524822998;-19.370952216897027;0.05022101148295973;25.984459968609894;4.164738358938743;17.34504559841577;-45.210346;-15.91329;-24.67937349911527;-24.296124;-0.1687538121293089;3.313505272060001;10.97931718796942;-43.037605;10.093556;-19.17355209585747;-18.933535;-0.17281645338820126;5.505821403257798;0.5885987;DIFF;7.93856e+06;DIFF;0.7769059;0.7774298;0.370592834475;9.62965467207;OIL SPILL
19 S1B_IW_GRDH_1SDV_20200721T001515_NR_Orb_Cal_TC.tif;21;SP00314GXS1;SENTINEL-1;IW;IMG_19_WIN_007;IMG_19_WIN_007;800;600;800;600;1;1;800;600;0;0;0;0;0;7;1;1;19;11;11;19.582152398804542;-92.22928109833971;15Q;0.47020623978413867;14.165317465694343;426.74086799873623;1.9089908589883025;33.95895928066244;2.314494409907737;4.665147270702141;8.344678472058147;8.616755075205733;17.105080933632898;11.019812041478035;-17.828976227604258;0.029447309964220226;30.12575390789652;3.8024357366178303;14.458517531108381;-50.82939;-16.024168;-23.361656499003985;-22.62762;-0.16276396054277853;3.08097491684023;9.49240643819866;-45.542667;14.127676;-19.29289544235925;-18.989;-0.15969479159025962;4.068761056644735;0.50993633;DIFF;1.1242944e+07;DIFF;0.825836;0.8254377;0.470206239784;14.1653174657;OIL SPILL
19 S1B_IW_GRDH_1SDV_20200721T001515_NR_Orb_Cal_TC.tif;22;SP00315GXS1;SENTINEL-1;IW;IMG_19_WIN_007;IMG_19_WIN_007;800;600;800;600;1;1;800;600;0;0;0;0;0;7;1;1;19;11;11;19.56825475929851;-92.241114811596;15Q;0.3949295219326916;6.952014357487302;122.37754065634684;1.2545683530175655;9.738495259443495;2.7929067873705886;6.005102795588738;8.811294951777796;8.92657356067305;17.803205759194924;11.929395041702552;18.524535249718557;0.10268526844845893;17.603177203531885;3.959764658557485;15.679736151160874;-39.887295;-15.514653;-24.768849324003796;-24.338129;-0.1598687370074971;4.635852305884651;21.49112660197603;-49.336487;12.159328;-18.607133553317123;-18.7712;-0.24914381855759885;6.161715770686673;0.6044721;DIFF;2.6829555e+06;DIFF;0.7512313;0.764488;0.394929521933;6.95201435748;OIL SPILL
19 S1B_IW_GRDH_1SDV_20200721T001515_NR_Orb_Cal_TC.tif;23;SP00316GXS1;SENTINEL-1;IW;IMG_19_WIN_003;IMG_19_WIN_003;800;600;800;600;1;1;800;600;0;0;0;0;0;3;1;1;19;14;14;19.601688186356515;-92.279424311742;15Q;0.20903479623519683;6.350711466013459;192.94173434730712;1.2354343107042163;15.353815375048628;2.1062693858994095;4.291211853307576;7.1851811508215295;7.825549451711214;15.560756558319042;10.776568840745025;-15.423454685651954;0.06513039108344969;30.381121135774524;3.795172648461353;14.403335431629161;-43.169483;-16.402575;-23.7965827312948;-23.22107;-0.15948393478658324;3.161466151281766;9.994868225700342;-41.077465;-12.215625;-19.669195177941482;-19.15649;-0.16073185113477712;4.127387553353319;0.5012585;DIFF;2.212568e+06;DIFF;0.82655543;0.82671654;0.209034796235;6.35071146601;OIL SPILL
19 S1B_IW_GRDH_1SDV_20200721T001515_NR_Orb_Cal_TC.tif;24;SP00317GXS1;SENTINEL-1;IW;IMG_19_WIN_003;IMG_19_WIN_003;800;600;800;600;1;1;800;600;0;0;0;0;0;3;1;1;19;14;14;19.59546743710965;-92.27130134755775;15Q;0.16745945288312145;6.2900253686284655;236.26268005069684;1.8480759712630237;18.801186699103667;2.0701700002609993;4.171657632779144;6.799870019754492;6.904834241366858;13.757385522021599;9.005313226335419;-15.276072839243103;0.053188132004862984;37.56148285650137;4.134028847614633;17.09019451290997;-49.095257;-16.305696;-23.083202251118568;-22.314775;-0.17909251942781493;4.358043057295609;18.99253928924246;-45.97712;16.03196;-19.16773022402855;-18.89711;-0.2273635431195913;3.9154720270900185;0.4551668;DIFF;1.769552e+06;DIFF;0.8303757;0.8382313;0.167459452883;6.29002536863;OIL SPILL
19 S1B_IW_GRDH_1SDV_20200721T001515_NR_Orb_Cal_TC.tif;25;SP00318GXS1;SENTINEL-1;IW;IMG_19_WIN_007;IMG_19_WIN_007;800;600;800;600;1;1;800;600;0;0;0;0;0;7;1;1;19;11;11;19.57152885571435;-92.25704632291372;15Q;0.138634007674351;5.543227624962719;221.64383052625814;2.457256985907561;17.637855617038156;2.14962250567618;4.425901749710669;6.734649954890831;7.659566307882011;-15.427827785349056;-10.172736376749198;14.87291445442072;0.05669623460541318;39.984616458493136;3.90277116311447;15.231622751637873;-40.223885;-17.255337;-23.554006545608107;-22.742855;-0.16569457750457248;3.786911840639469;14.340701288775412;-43.481575;11.103829;-19.00190818200721;-18.853153;-0.19929113457275163;4.552098363600898;0.5098038;DIFF;1.110092e+06;DIFF;0.80673796;0.8115376;0.138634007674;5.54322762497;OIL SPILL
19 S1B_IW_GRDH_1SDV_20200721T001515_NR_Orb_Cal_TC.tif;26;SP00319GXS1;SENTINEL-1;IW;IMG_19_WIN_003;IMG_19_WIN_003;800;600;800;600;1;1;800;600;0;0;0;0;0;3;1;1;19;14;14;19.605237595529903;-92.24591465842217;15Q;0.08878313513212613;4.837372339512276;263.5654971662646;2.4506087789752757;20.97387585124197;1.8870337030283928;3.8802492180958112;6.820524053945422;6.872085155074351;13.72063842854494;8.86373452280173;14.711927519034608;0.04767835983642407;54.485261556863804;3.548977537143762;12.595241559151003;-44.804176;-17.116442;-23.479669369725737;-22.982641;-0.15115108655319268;3.081930831496295;9.498297650127444;-46.62063;-12.452219;-19.394331279809222;-18.94938;-0.1589088474891005;4.085338089916515;0.52965593;DIFF;621592.0;DIFF;0.8260053;0.82697606;0.0887831351322;4.83737233951;OIL SPILL
19 S1B_IW_GRDH_1SDV_20200721T001515_NR_Orb_Cal_TC.tif;27;SP00320GXS1;SENTINEL-1;IW;IMG_19_WIN_003;IMG_19_WIN_003;800;600;800;600;1;1;800;600;0;0;0;0;0;3;1;1;19;14;14;19.613955124764146;-92.25934128079717;15Q;0.13672519155019788;3.8408402032287343;107.89565038804142;1.3910215821415886;8.586063048685883;2.823509925423417;6.1248539240446345;8.92562052432406;9.874542457557432;20.22179059549101;-13.039160649550753;19.277411388187872;0.11646781468173033;28.09167908035873;3.892193310764537;15.149168768360209;-37.99245;-16.418127;-24.11898276969178;-23.739405;-0.16137468764460153;2.872482389001797;8.251155075125471;-36.642017;-12.483767;-19.54140465398366;-19.17257;-0.1469946730987028;4.577578115708121;0.5233381;DIFF;301782.0;DIFF;0.81020856;0.8084558;0.13672519155;3.84084020323;OIL SPILL
19 S1B_IW_GRDH_1SDV_20200721T001515_NR_Orb_Cal_TC.tif;28;SP00321GXS1;SENTINEL-1;IW;IMG_19_WIN_003;IMG_19_WIN_003;800;600;800;600;1;1;800;600;0;0;0;0;0;3;1;1;19;14;14;19.63191220305717;-92.26365497633478;15Q;0.37117704487692194;11.174454338590161;336.4120478049536;1.1302906142291855;26.770820161912685;1.9225282464750297;3.8644344709721667;6.665901330492789;6.739221972600927;13.441787664147014;8.682004895167596;15.806972160838647;0.03735410398157011;30.10545639290674;4.118267139433812;16.960124231740355;-45.717396;-16.008162;-24.072320809157418;-23.377638;-0.17107894050112404;2.9882794379035698;8.929813998997275;-50.85623;-11.344275;-19.269735846200422;-18.864388;-0.1550763052360572;4.802584962956995;0.5488603;DIFF;1.67824e+07;DIFF;0.8004935;0.7984614;0.371177044877;11.1744543386;OIL SPILL
19 S1B_IW_GRDH_1SDV_20200721T001515_NR_Orb_Cal_TC.tif;29;SP00322GXS1;SENTINEL-1;IW;IMG_19_WIN_003;IMG_19_WIN_003;800;600;800;600;1;1;800;600;0;0;0;0;0;3;1;1;19;14;14;19.64672266961277;-92.28634574668042;15Q;0.45727770704966153;13.478321363901019;397.275318669452;0.9782744886732908;31.614165367325615;1.9535059028833117;3.921513245505007;6.899827520970929;6.909209851636031;13.813739286500772;8.876721067906145;-15.966435902006394;0.031631390181615746;29.475133285772092;4.023483344996904;16.188418227467473;-48.883442;-15.800974;-23.796539081695332;-23.12393;-0.16907850890349974;3.052541102870521;9.318007184713979;-50.85623;-12.091984;-19.296633584223695;-18.85845;-0.15819034390362163;4.499905497471637;0.522925;DIFF;2.5777312e+07;DIFF;0.81090075;0.8094951;0.45727770705;13.4783213639;OIL SPILL
19 S1B_IW_GRDH_1SDV_20200721T001515_NR_Orb_Cal_TC.tif;30;SP00323GXS1;SENTINEL-1;IW;IMG_19_WIN_003;IMG_19_WIN_003;800;600;800;600;1;1;800;600;0;0;0;0;0;3;1;1;19;14;14;19.59980578475873;-92.29891683229643;15Q;0.06818020257814507;3.9100856733996725;224.24060644000102;1.2493239068381532;17.844500478425232;2.2590099206727325;4.930612895993766;6.795948306626625;7.3123264389391815;14.413790396129961;9.881117089087427;-14.720522072025574;0.05603967458820397;57.34928213095449;3.151819476293895;9.933966011145523;-35.11791;-16.777227;-23.130177927541208;-22.787735;-0.13626438526186213;4.24332185627939;18.005780375978375;-40.506058;16.19762;-19.019711167497626;-18.950077;-0.2231012773490857;4.1104667600435825;0.5137702;DIFF;315456.5;DIFF;0.8222898;0.8347912;0.0681802025783;3.9100856734;OIL SPILL
19 S1B_IW_GRDH_1SDV_20200721T001515_NR_Orb_Cal_TC.tif;31;SP00324GXS1;SENTINEL-1;IW;IMG_19_WIN_003;IMG_19_WIN_003;800;600;800;600;1;1;800;600;0;0;0;0;0;3;1;1;19;14;14;19.62561610172348;-92.31089020443224;15Q;0.08577323503316235;3.6920535679615747;158.9220640148126;1.9993993686955995;12.646616027162024;2.248543282883754;4.561885385777664;7.609798457730377;8.538384725307576;-16.616874905544183;-10.829195894777751;-17.461392378598212;0.07907253591413149;43.044354879865764;3.643547322683246;13.27543709263225;-36.794136;-16.760788;-23.38912817276201;-22.948376;-0.15577952695673228;3.1844089366476553;10.140460275801452;-48.1083;-11.00403;-19.557033361486486;-19.192757;-0.16282678859252175;3.8320948112755246;0.5167638;DIFF;345495.0;DIFF;0.83615905;0.837075;0.0857732350332;3.69205356796;OIL SPILL
19 S1B_IW_GRDH_1SDV_20200721T001515_NR_Orb_Cal_TC.tif;32;SP00325GXS1;SENTINEL-1;IW;IMG_19_WIN_003;IMG_19_WIN_003;800;600;800;600;1;1;800;600;0;0;0;0;0;3;1;1;19;14;14;19.59472392340879;-92.25899527908653;15Q;0.12999781254365075;5.122116621978915;201.81938584807432;1.254768979666615;16.060276434745766;1.7896628967159782;3.6297234740947415;5.420946379448962;5.46795284686135;10.91254888696596;7.288255059665003;12.498042319839891;0.06226542887123287;39.40156008593611;3.6336451215787156;13.203376869572798;-48.73564;-17.388844;-23.745491489553313;-23.458921;-0.15302463304148983;3.053564959736899;9.32425896333301;-52.389366;-11.873899;-19.140091860507777;-18.73574;-0.15953763346545868;4.605399629045536;0.57166547;DIFF;2.044412e+06;DIFF;0.8060516;0.8068529;0.129997812544;5.12211662198;OIL SPILL
19 S1B_IW_GRDH_1SDV_20200721T001515_NR_Orb_Cal_TC.tif;33;SP00326GXS1;SENTINEL-1;IW;IMG_19_WIN_003;IMG_19_WIN_003;800;600;800;600;1;1;800;600;0;0;0;0;0;3;1;1;19;14;14;19.627907837391636;-92.2321170276692;15Q;0.07641060075891701;2.2960304040962507;68.99246392745036;1.9069421267597055;5.4902458350715015;2.9142056453356555;6.15898927628525;9.544966103531777;9.904333041465788;19.639490170796;12.984090486599351;-20.29184149134018;0.1821412064305089;30.048584637365348;3.7801523005730497;14.289551415527722;-42.343918;-16.227167;-23.372570561427697;-22.817678;-0.16173455506907417;2.835963535558935;8.042689175019934;-33.597275;-14.254166;-19.604023558436534;-19.287933;-0.14466232031936557;3.7685470029911627;0.50722396;DIFF;53837.0;DIFF;0.83876204;0.83662146;0.076410600759;2.29603040409;OIL SPILL
19 S1B_IW_GRDH_1SDV_20200721T001515_NR_Orb_Cal_TC.tif;34;SP00327GXS1;SENTINEL-1;IW;IMG_19_WIN_003;IMG_19_WIN_003;800;600;800;600;1;1;800;600;0;0;0;0;0;3;1;1;19;14;14;19.6113571963239;-92.21668676446761;15Q;0.05506653980747208;2.559900024460054;119.00308532444566;1.1957925952469401;9.469964636286058;1.7323340718073879;3.542328922893562;6.099419987584815;6.218387092443754;12.380017092745728;8.088440453609197;-13.329230005877948;0.10559701523787117;46.48739567458161;3.7262143486022117;13.884673371729004;-43.281746;-17.587246;-23.72658907312925;-22.969688;-0.15704804163453104;2.994256184187615;8.965570096545775;-47.511734;-12.53734;-19.388499477842355;-18.973637;-0.15443465274914767;4.338089595286895;0.53956974;DIFF;341635.0;DIFF;0.8171634;0.8168387;0.0550665398075;2.55990002446;OIL SPILL
19 S1B_IW_GRDH_1SDV_20200721T001515_NR_Orb_Cal_TC.tif;35;SP00328GXS1;SENTINEL-1;IW;IMG_19_WIN_003;IMG_19_WIN_003;800;600;800;600;1;1;800;600;0;0;0;0;0;3;1;1;19;14;14;19.600027471597798;-92.21896449425594;15Q;0.04008514046377291;1.988470309307892;98.64039704619417;2.3036960679550202;7.849553389224496;2.3836238752688677;4.8609630642062065;7.331934779765346;7.364541610930271;14.712780169754994;9.853432953014083;17.600918728499234;0.12739578297190177;49.60617042380029;4.013472965388166;16.107965243901678;-37.21547;-17.45236;-24.618964935017523;-23.740696;-0.1630236273532151;2.81866828288964;7.944890888968032;-32.68398;-12.657158;-19.50578267443899;-19.235603;-0.14450423907282195;5.113182260578533;0.6087743;DIFF;66435.0;DIFF;0.79230714;0.7901064;0.0400851404639;1.98847030931;OIL SPILL
19 S1B_IW_GRDH_1SDV_20200721T001515_NR_Orb_Cal_TC.tif;36;SP00329GXS1;SENTINEL-1;IW;IMG_19_WIN_007;IMG_19_WIN_007;800;600;800;600;1;1;800;600;0;0;0;0;0;7;1;1;19;11;11;19.571624087610303;-92.32294931957034;15Q;0.12439255026328157;2.625141636351645;55.40017144371707;0.7665181285453845;4.4086055667030175;2.856419091341392;5.858070041980825;9.379874783512806;9.688351506300307;19.22250429488993;12.620286189484926;-21.091774632825008;0.226829092525928;21.103688531149434;3.784442728246916;14.322006763380962;-36.633766;-16.46586;-23.821617034544428;-23.48424;-0.15886590413904247;3.2425468322099493;10.514109959074778;-36.89585;-13.361862;-19.900013316761363;-19.500477;-0.16294194283170757;3.9216037177830643;0.48319414;DIFF;187809.0;DIFF;0.8353762;0.8359104;0.124392550263;2.62514163635;OIL SPILL
19 S1B_IW_GRDH_1SDV_20200721T001515_NR_Orb_Cal_TC.tif;37;SP00330GXS1;SENTINEL-1;IW;IMG_19_WIN_005;IMG_19_WIN_005;800;600;800;600;1;1;800;600;0;0;0;0;0;5;1;1;19;1;1;19.518825967783343;-92.35967391630922;15Q;1.351496487818162;18.679535853117333;258.1768157246164;1.3632005411983315;20.545058207149037;2.5227310149841657;5.160737070959538;8.2066094418606;8.922635337676876;18.381691246414423;-12.012553031822225;-17.49081766476671;0.04867350532265863;13.821372102322906;4.293235165231492;18.43186818398027;-57.595898;-15.88435;-24.653273190515808;-24.12328;-0.1741446311024985;2.9518326044079517;8.713315724445831;-43.378036;-11.15295;-19.184654456000814;-18.79543;-0.15386425703824136;5.468618734514994;0.595504;DIFF;6.207395e+07;DIFF;0.7781789;0.7756627;1.35149648782;18.6795358531;OIL SPILL
19 S1B_IW_GRDH_1SDV_20200721T001515_NR_Orb_Cal_TC.tif;38;SP00331GXS1;SENTINEL-1;IW;IMG_19_WIN_007;IMG_19_WIN_007;800;600;800;600;1;1;800;600;0;0;0;0;0;7;1;1;19;11;11;19.552759903838016;-92.30088645121896;15Q;0.08281369715835804;2.9454984739495944;104.76481014304964;0.6993239505032488;8.336918698175143;2.745555224809288;5.9001909649088855;8.757504359160206;10.294652165918444;-19.871220519781318;-13.569559395009515;20.16226061872539;0.11994839294989029;35.56776928238275;3.26710657724384;10.67398538706996;-40.732853;-16.825325;-22.80059786835407;-22.23775;-0.14329039072165722;2.9210217277155768;8.532367933786492;-41.146324;-13.043481;-19.591836808782528;-19.16582;-0.14909381678833483;3.2087610595715432;0.4774849;DIFF;94654.0;DIFF;0.8592685;0.85998255;0.0828136971583;2.94549847395;OIL SPILL
19 S1B_IW_GRDH_1SDV_20200721T001515_NR_Orb_Cal_TC.tif;39;SP00332GXS1;SENTINEL-1;IW;IMG_19_WIN_011;IMG_19_WIN_011;800;600;800;600;1;1;800;600;0;0;0;0;0;11;1;1;19;1;1;19.477576537759518;-92.49298619824091;15Q;0.38236634646591583;10.749520851729166;302.2028471118613;0.8492981886956019;24.048538467148514;2.406777683497361;4.919519597597363;8.99457359697696;9.245729305296443;18.385992887621853;11.926804767616435;18.892507322908205;0.04158256857754783;28.113145811819972;3.70911581773661;13.757540149383921;-39.16339;-16.222382;-23.70546875;-23.072083;-0.15646667260003497;2.8804677071260416;8.297094211795956;-35.18137;-10.440926;-19.02771969523373;-18.64513;-0.15138270655981823;4.67774905476627;0.5601041;DIFF;5.742756e+06;DIFF;0.80267215;0.8020589;0.382366346466;10.7495208517;OIL SPILL
19 S1B_IW_GRDH_1SDV_20200721T001515_NR_Orb_Cal_TC.tif;40;SP00333GXS1;SENTINEL-1;IW;IMG_19_WIN_017;IMG_19_WIN_017;800;600;800;600;1;1;800;600;0;0;0;0;0;17;1;1;19;4;4;19.62376660035089;-92.3413409063204;15Q;0.06255082357387158;2.7271531588740645;118.90114193577921;3.3544306238244688;9.461852239175156;2.32223490773433;4.683500268255438;8.711032046196692;9.435909639582524;18.770506948896568;12.36396362369821;18.58696570328078;0.1056875519424911;43.59899683260505;3.999764480302141;15.998115897886656;-42.06924;-18.085361;-24.540761250935628;-24.137995;-0.16298453171046795;3.1176802950360187;9.719930422055876;-42.213425;-11.926557;-19.56617626867311;-19.143074;-0.15934029481415102;4.974584982262517;0.5429422;DIFF;81654.0;DIFF;0.7972929;0.7968366;0.0625508235739;2.72715315888;OIL SPILL
19 S1B_IW_GRDH_1SDV_20200721T001515_NR_Orb_Cal_TC.tif;41;SP00334GXS1;SENTINEL-1;IW;IMG_19_WIN_017;IMG_19_WIN_017;800;600;800;600;1;1;800;600;0;0;0;0;0;17;1;1;19;4;4;19.66149420384052;-92.36222565703667;15Q;0.06777847382877403;2.2225453244090057;72.8801851090851;3.0392471896172766;5.79962085678162;2.043277255761212;4.113295247432095;5.854065526190756;5.846809362358187;11.697255151498306;7.903457996408394;-13.904918462423959;0.17242506444721792;32.79131557349212;4.492464983817786;20.182241630828944;-46.337517;-17.391788;-25.046489230835636;-24.182467;-0.17936505761002827;3.1899221061478373;10.175603043290655;-52.290806;-12.648728;-19.45035216968912;-19.012852;-0.1640033084397784;5.596137061146518;0.605892;DIFF;246085.0;DIFF;0.7765699;0.77458316;0.0677784738288;2.22254532441;OIL SPILL
19 S1B_IW_GRDH_1SDV_20200721T001515_NR_Orb_Cal_TC.tif;42;SP00335GXS1;SENTINEL-1;IW;IMG_19_WIN_017;IMG_19_WIN_017;800;600;800;600;1;1;800;600;0;0;0;0;0;17;1;1;19;4;4;19.669964039592415;-92.34991286615005;15Q;0.04418496661835923;1.15517676636907;30.201072076954617;0.7063211504479429;2.4033249538609707;3.0461566780181255;6.566322835486318;9.863859336112975;10.37228625345534;20.56381808635107;13.911221308237062;-20.7614086521965;0.4160902163452711;26.144113140261695;3.477254505433434;12.091298895557117;-39.199448;-17.99514;-23.82323391154661;-23.680145;-0.14596064154615396;3.0814454850122335;9.49530627710228;-28.084934;-13.774023;-19.75853007548564;-19.257092;-0.155955198754151;4.064703836060968;0.5128264;DIFF;14240.0;DIFF;0.8293806;0.8306049;0.0441849666183;1.15517676637;OIL SPILL
19 S1B_IW_GRDH_1SDV_20200721T001515_NR_Orb_Cal_TC.tif;43;SP00336GXS1;SENTINEL-1;IW;IMG_19_WIN_017;IMG_19_WIN_017;800;600;800;600;1;1;800;600;0;0;0;0;0;17;1;1;19;4;4;19.688959904904127;-92.35053857617007;15Q;0.12093304018138669;4.7461520009847105;186.26802718814173;2.319098937171652;14.822738633484155;1.5532262060227728;3.1123394746414146;5.195874682516045;5.195883940084673;10.391763373468292;6.752062516869116;-13.516812412731547;0.06746391640078088;39.24611498946845;3.807898375427143;14.500090037580675;-46.680374;-16.570547;-23.260383913022444;-22.58215;-0.16370746027520516;3.055494897867759;9.336049070895907;-69.81426;-11.885553;-19.211980048483916;-18.802532;-0.15904112382777946;4.048403864538528;0.51358974;DIFF;1.730544e+06;DIFF;0.82595295;0.82534695;0.120933040181;4.74615200099;OIL SPILL
19 S1B_IW_GRDH_1SDV_20200721T001515_NR_Orb_Cal_TC.tif;44;SP00337GXS1;SENTINEL-1;IW;IMG_19_WIN_009;IMG_19_WIN_009;800;600;800;600;1;1;800;600;0;0;0;0;0;9;1;1;19;7;7;19.428156052621397;-92.10082939148911;15Q;0.2989043832342022;11.420693701595194;436.36778830191275;0.42291865471759976;34.72504525716358;1.9350893756011667;3.9062365104183927;6.557496659303405;6.685781023348187;13.30928969847772;8.691445184966868;14.340829765073241;0.028797658652257786;38.20851865075085;3.4735798689995234;12.065757106318745;-43.43879;-16.049618;-23.202036935382687;-22.612808;-0.14971012582530532;2.8087931372450394;7.889318887834832;-49.19165;-2.5606167;-19.719644456513453;-19.384954;-0.1424362971370555;3.482392478869233;0.47656938;DIFF;8.45752e+06;DIFF;0.8499101;0.8490264;0.298904383234;11.4206937016;OIL SPILL
19 S1B_IW_GRDH_1SDV_20200721T001515_NR_Orb_Cal_TC.tif;45;SP00338GXS1;SENTINEL-1;IW;IMG_19_WIN_009;IMG_19_WIN_009;800;600;800;600;1;1;800;600;0;0;0;0;0;9;1;1;19;7;7;19.405847918306893;-92.05346411776583;15Q;0.15003852125714096;6.200822521370684;256.26885428736443;0.09101691280716019;20.393227460165356;2.019498313657222;4.046607685231893;6.970544765989432;7.0130692858430095;14.004899874369949;9.044940758783405;15.98715354664023;0.049035887132300525;41.32820338014069;3.3721281160536543;11.371248031079567;-40.678364;-17.17748;-23.2708056640625;-22.8302;-0.14490809492089432;2.528240316151609;6.391999096214388;-30.433483;-13.763844;-19.781221602382875;-19.54643;-0.1278101204754237;3.4895840616796256;0.47097737;DIFF;403427.5;DIFF;0.8500445;0.84810126;0.150038521257;6.20082252137;OIL SPILL
19 S1B_IW_GRDH_1SDV_20200721T001515_NR_Orb_Cal_TC.tif;46;SP00339GXS1;SENTINEL-1;IW;IMG_19_WIN_009;IMG_19_WIN_009;800;600;800;600;1;1;800;600;0;0;0;0;0;9;1;1;19;7;7;19.440336787705895;-92.03980097474383;15Q;0.1012556686143072;3.0118532925915127;89.58767820345604;0.6983168664120154;7.129160913103038;2.6182236055421666;5.631953942142719;8.345624566277078;8.939509252882695;17.583899860518688;12.369873494340483;-18.620888063540427;0.1402689618300031;29.745033871278437;3.3399529610451015;11.15528578199394;-35.733856;-17.370642;-23.75548321759259;-23.300436;-0.14059713837231624;3.028783870390111;9.1735317335353;-29.619698;-0.06887656;-19.508576871141976;-19.463022;-0.15525396293106514;4.246906346450615;0.5407407;DIFF;184487.5;DIFF;0.82122415;0.8229685;0.101255668614;3.01185329259;OIL SPILL
19 S1B_IW_GRDH_1SDV_20200721T001515_NR_Orb_Cal_TC.tif;47;SP00340GXS1;SENTINEL-1;IW;IMG_19_WIN_009;IMG_19_WIN_009;800;600;800;600;1;1;800;600;0;0;0;0;0;9;1;1;19;7;7;19.444660853741947;-92.05451971552742;15Q;0.051376145720689936;1.5354465556663477;45.88892553608223;0.429790876998967;3.6517246661216958;2.9482293552439907;6.179644436132095;9.78769464252828;10.168859324834973;20.174831856330965;13.259062117343243;20.608009098375003;0.27384320873841983;29.88637107995434;3.054632896435565;9.330782131986329;-36.765465;-17.618229;-23.468938897125913;-23.348135;-0.13015641268765013;2.481038090461322;6.155550006319961;-29.780018;-15.42739;-19.89379990363436;-19.563324;-0.12471413719246598;3.575138993491553;0.5388598;DIFF;25853.0;DIFF;0.8476652;0.8470869;0.0513761457208;1.53544655567;OIL SPILL
19 S1B_IW_GRDH_1SDV_20200721T001515_NR_Orb_Cal_TC.tif;48;SP00341GXS1;SENTINEL-1;IW;IMG_19_WIN_009;IMG_19_WIN_009;800;600;800;600;1;1;800;600;0;0;0;0;0;9;1;1;19;7;7;19.468186558020104;-92.08624354254816;15Q;0.20247247877293179;4.382827655819416;94.87303349586672;0.5849507747371184;7.549756123495074;2.7684295315644096;5.838902017291813;8.71207424648369;8.934319633605526;17.786003830726226;11.879864395217385;18.212656348058633;0.13245460961155675;21.64653528410968;3.579534863178526;12.813069836710511;-51.88519;-17.798222;-23.903739872685186;-23.303886;-0.1497479006316021;2.6825937717895783;7.196309344444235;-30.797253;-12.852545;-19.722234987745097;-19.36461;-0.13601875109268674;4.1815048849400895;0.54814816;DIFF;466161.0;DIFF;0.825069;0.82348454;0.202472478773;4.38282765582;OIL SPILL
19 S1B_IW_GRDH_1SDV_20200721T001515_NR_Orb_Cal_TC.tif;49;SP00342GXS1;SENTINEL-1;IW;IMG_19_WIN_006;IMG_19_WIN_006;800;600;800;600;1;1;800;600;0;0;0;0;0;6;1;1;19;5;5;19.484501710041847;-92.09595372426455;15Q;0.04198998220856576;1.0051579815696625;24.06151455113246;0.8257165337187227;1.9147544895451492;3.1478626208746587;7.162639562465189;10.945284229019384;12.350443476514382;-24.302089273001332;-16.171986653049206;24.059867077590628;0.5222601672747875;23.938042568749054;3.8068049829982025;14.491764178579944;-37.50302;-18.169744;-24.909223284040177;-24.104599;-0.152827125100978;2.3883681851101155;5.704302587646187;-28.542274;-15.300364;-20.14552179972331;-19.81994;-0.11855578668321805;4.763701484316869;0.6473214;DIFF;9420.0;DIFF;0.8087575;0.805074;0.0419899822085;1.00515798157;OIL SPILL
19 S1B_IW_GRDH_1SDV_20200721T001515_NR_Orb_Cal_TC.tif;50;SP00343GXS1;SENTINEL-1;IW;IMG_19_WIN_016;IMG_19_WIN_016;800;600;800;600;1;1;800;600;0;0;0;0;0;16;1;1;19;7;7;19.543797280932925;-92.00526146937219;15Q;0.06408976437134015;2.642117493185072;108.9219927124004;1.6321338399579524;8.66773677579896;2.785985057902676;5.8346426256603765;9.390920246470468;9.432148723855127;18.843712723678685;12.425439710640335;20.777056226073533;0.11537037012846107;41.22526458166512;3.847933336717425;14.806590963821296;-45.19796;-17.404243;-24.16627832602339;-23.579027;-0.15922738639378278;2.4883332174125656;6.19180220087877;-33.299076;-14.760194;-20.365033922697368;-20.027569;-0.1221865491046029;3.8012444033260238;0.49122804;DIFF;53305.0;DIFF;0.8427046;0.8384104;0.0640897643714;2.64211749319;OIL SPILL
19 S1B_IW_GRDH_1SDV_20200721T001515_NR_Orb_Cal_TC.tif;51;SP00344GXS1;SENTINEL-1;IW;IMG_19_WIN_016;IMG_19_WIN_016;800;600;800;600;1;1;800;600;0;0;0;0;0;16;1;1;19;7;7;19.511162080210337;-92.00654976644765;15Q;0.05735482017849733;2.5045047522546025;109.36385180085531;0.8853227300016336;8.702898804837801;2.1902543762834368;4.488134423991196;7.306269561328202;7.413564083770139;14.780016137556856;9.658207479424306;15.53748700521502;0.11490424310622986;43.66685737066536;3.7341760129225863;13.944070495486423;-40.64267;-17.427233;-23.13061683006536;-22.47427;-0.16143866980965568;2.7768824774972614;7.711076293831329;-40.160755;-13.781254;-20.008683340016038;-19.610376;-0.13878386849891722;3.1219334900493223;0.4165553;DIFF;147741.0;DIFF;0.8650303;0.86215854;0.0573548201785;2.50450475226;OIL SPILL
19 S1B_IW_GRDH_1SDV_20200721T001515_NR_Orb_Cal_TC.tif;52;SP00345GXS1;SENTINEL-1;IW;IMG_19_WIN_016;IMG_19_WIN_016;800;600;800;600;1;1;800;600;0;0;0;0;0;16;1;1;19;7;7;19.51718567832616;-91.98546065127755;15Q;0.0266149204578738;0.9296691653816475;32.47369303355244;1.0596338858511145;2.584174383369359;3.000902589526697;6.312945279505772;10.270834491068724;10.655531802838835;21.128257479457165;13.815504906085623;21.802014140615473;0.386970788982188;34.930375495697284;6.628157361052379;43.93247000287284;-53.27447;-18.476444;-25.199923663072184;-23.337887;-0.2630229142624444;2.6541469338158814;7.044495946284244;-28.91756;-15.425797;-19.656594817171392;-19.145258;-0.13502577422500975;5.543328845900792;0.57020473;DIFF;5934.0;DIFF;0.78002596;0.7612141;0.0266149204579;0.929669165381;OIL SPILL
19 S1B_IW_GRDH_1SDV_20200721T001515_NR_Orb_Cal_TC.tif;53;SP00346GXS1;SENTINEL-1;IW;IMG_19_WIN_016;IMG_19_WIN_016;800;600;800;600;1;1;800;600;0;0;0;0;0;16;1;1;19;7;7;19.52737092457149;-91.99717840904702;15Q;0.0847121766578299;3.1070469317963054;113.95930334051386;0.8991242008468782;9.06859321897576;2.6319662708961067;6.920010849824328;7.969255596539535;8.377097401131184;16.673760823507923;11.918239032671128;16.73166586536673;0.11027068651701455;36.67768972985211;3.1577543999354876;9.971412850311932;-33.456436;-17.516056;-23.43222180931969;-22.863026;-0.13476120299781197;2.517039463537585;6.335487661005573;-33.612305;-13.419939;-19.896794883950243;-19.58356;-0.12650477015109382;3.535426925369446;0.5111157;DIFF;152623.0;DIFF;0.84912115;0.8482212;0.0847121766579;3.1070469318;OIL SPILL
19 S1B_IW_GRDH_1SDV_20200721T001515_NR_Orb_Cal_TC.tif;54;SP00347GXS1;SENTINEL-1;IW;IMG_19_WIN_016;IMG_19_WIN_016;800;600;800;600;1;1;800;600;0;0;0;0;0;16;1;1;19;7;7;19.532220966291803;-92.0248327138314;15Q;0.044977929559225464;1.5137245698149395;50.944142954473556;1.1796841874297366;4.0540060863923095;2.8760276103967315;5.928448272662199;9.39930703645397;10.017961794947107;19.784696768209105;13.217046727972825;-20.04128615163966;0.24666958526692973;33.65482992768079;3.611506358295798;13.042978176010974;-39.871487;-16.091568;-23.480228678385416;-23.043373;-0.1538105274766914;2.65394152725524;7.043405630089875;-29.7497;-12.777331;-19.618129996366278;-19.253166;-0.1352800459445834;3.8620986820191376;0.5093024;DIFF;25300.0;DIFF;0.83551705;0.8333279;0.0449779295593;1.51372456982;OIL SPILL
19 S1B_IW_GRDH_1SDV_20200721T001515_NR_Orb_Cal_TC.tif;55;SP00348GXS1;SENTINEL-1;IW;IMG_19_WIN_016;IMG_19_WIN_016;800;600;800;600;1;1;800;600;0;0;0;0;0;16;1;1;19;7;7;19.485102912723296;-91.95938712715201;15Q;0.05549061298760223;2.242827197940921;90.65089695346117;0.7356444604881304;7.21376917292869;2.457396399744322;5.276418180008574;7.958589644981202;8.270011206297877;16.389900608983968;10.922242982811225;17.181811121550876;0.1386237868204499;40.4181369998925;3.352980571944796;11.242478715839253;-38.09192;-17.96454;-22.876679291596282;-22.189665;-0.146567625886879;2.468188969846123;6.091956790870067;-31.168945;-13.468356;-19.60611498338257;-19.417233;-0.12588873277230445;3.270564308213711;0.45668486;DIFF;80971.0;DIFF;0.85703504;0.85466814;0.0554906129876;2.24282719794;OIL SPILL
19 S1B_IW_GRDH_1SDV_20200721T001515_NR_Orb_Cal_TC.tif;56;SP00349GXS1;SENTINEL-1;IW;IMG_19_WIN_016;IMG_19_WIN_016;800;600;800;600;1;1;800;600;0;0;0;0;0;16;1;1;19;7;7;19.51113893975824;-91.9835899803442;15Q;0.05210728933574134;2.5504628983747333;124.83591219020181;1.4484738907584227;9.934126250228205;2.6944160116435047;5.805052173535062;8.576988525189984;9.032356271311784;17.857732597095772;11.989574262518532;-18.357649177170146;0.10066310562310682;48.94637450705624;2.859139827733968;8.174680554534625;-38.68865;-17.29184;-22.198486328125;-21.800875;-0.12879886427713316;2.8836102054884734;8.315207817197276;-38.8854;-13.482263;-20.227217166620267;-19.877243;-0.14256089612994902;1.9712691615047326;0.35142842;DIFF;44523.0;DIFF;0.911198;0.91287017;0.0521072893358;2.55046289837;OIL SPILL
19 S1B_IW_GRDH_1SDV_20200721T001515_NR_Orb_Cal_TC.tif;57;SP00350GXS1;SENTINEL-1;IW;IMG_19_WIN_018;IMG_19_WIN_018;800;600;800;600;1;1;800;600;0;0;0;0;0;18;1;1;19;2;2;19.683086559901486;-92.0897813364462;15Q;0.13106107199199796;3.612153988831862;99.5540189067778;1.0835204708488075;7.922257106838847;2.8297882990074426;7.321536775436718;8.758921154125158;9.332697144193975;18.74078779346405;-14.462597580971105;-18.423876626681924;0.12622665315125348;27.5608457487087;3.2568853117782415;10.607301934076853;-38.63301;-17.147356;-23.33318080357143;-22.57861;-0.13958171152043425;2.6097382206846875;6.810733580502479;-35.248814;-13.399744;-19.492007958074534;-19.10832;-0.13388760287282805;3.841172845496896;0.5442236;DIFF;235336.0;DIFF;0.8353773;0.8347391;0.131061071992;3.61215398883;OIL SPILL
19 S1B_IW_GRDH_1SDV_20200721T001515_NR_Orb_Cal_TC.tif;58;SP00351GXS1;SENTINEL-1;IW;IMG_19_WIN_018;IMG_19_WIN_018;800;600;800;600;1;1;800;600;0;0;0;0;0;18;1;1;19;2;2;19.705201417251665;-92.09545992398101;15Q;0.2523515258093644;7.451699772989318;220.04158416984103;0.9395828560788985;17.510352903200772;2.3415467374401238;4.7600226984015634;7.456138368242132;7.541264975240311;15.039968250066153;9.924632902977647;-17.605866382683956;0.05710907173191277;29.52904583829862;3.9512334708797443;15.61224594140039;-45.765675;-16.619976;-23.560128141227747;-22.78098;-0.16770848813701913;2.648106774539798;7.012469489363573;-43.457222;-12.547737;-19.44805286570979;-19.233452;-0.1361630798119054;4.112075275517956;0.50686884;DIFF;2.845861e+06;DIFF;0.8254646;0.8216075;0.252351525809;7.45169977299;OIL SPILL
19 S1B_IW_GRDH_1SDV_20200721T001515_NR_Orb_Cal_TC.tif;59;SP00352GXS1;SENTINEL-1;IW;IMG_19_WIN_002;IMG_19_WIN_002;800;600;800;600;1;1;800;600;0;0;0;0;0;2;1;1;19;1;1;19.9112977545545;-92.29880271755032;15Q;0.5556185470497828;10.023453058328185;180.8247974189866;0.7218787265291522;14.389580171411158;2.5755889114590977;5.235675344639845;8.81202526479058;9.105277014863061;18.0698228623396;11.723974703396259;18.850014863453925;0.06949473077656386;18.040170025911852;3.9111469292106467;15.29707030187387;-39.902245;-16.221378;-24.561884883916555;-24.099152;-0.159236432696243;3.005785384398688;9.034745777064769;-46.250126;-12.419792;-19.869792485844606;-19.476479;-0.15127412057977116;4.692092398071949;0.53700703;DIFF;8.017046e+06;DIFF;0.80896854;0.8079927;0.55561854705;10.0234530583;OIL SPILL
19 S1B_IW_GRDH_1SDV_20200721T001515_NR_Orb_Cal_TC.tif;60;SP00353GXS1;SENTINEL-1;IW;IMG_19_WIN_004;IMG_19_WIN_004;800;600;800;600;1;1;800;600;0;0;0;0;0;4;1;1;19;1;1;19.67878255222257;-91.93304921165215;15Q;1.3414653727441317;47.319874507541094;1669.1974082260058;1.4427641218985996;132.83050925767458;2.6007763888680153;6.217573944359954;8.419803827028547;9.638916667252449;-19.088077346376817;13.001872858500148;18.702211808782252;0.007528390921547437;35.27476405204742;2.793370605659668;7.802919340563461;-39.236404;-16.26893;-22.418644873673927;-22.062157;-0.1246003325089424;2.599031457338576;6.754964516235482;-39.095634;-12.631843;-20.060196344280406;-19.76846;-0.12956161608456118;2.3584485293935202;0.37302583;DIFF;5.338328e+07;DIFF;0.8947997;0.89535505;1.34146537274;47.3198745075;OIL SPILL
20 S1B_IW_GRDH_1SDV_20200730T120033_NR_Orb_Cal_TC.tif;0;OS03036GXS1;SENTINEL-1;IW;IMG_20_WIN_003;IMG_20_WIN_003;800;600;800;600;1;1;800;600;0;0;0;0;0;3;1;1;6;4;4;19.383818025485926;-92.0498665941239;15Q;1.212097908713536;37.04805907226881;1132.3826822530277;0.27565343182616214;90.11215067611421;2.1257072503084697;4.327237139000299;8.324126142149861;7.88462689314565;15.995127906148507;10.053044631384031;-16.76690046414443;0.011097282580617257;30.565236360806768;2.4024092661562517;5.771570282113419;-32.33349;-11.663405;-19.05541047663262;-18.789236;-0.12607491552608074;3.2836454995730033;10.782327766866038;-46.8928;12.683352;-15.666793679070995;-15.8023615;-0.20959269438516764;3.3886167975616246;0.49976394;DIFF;5.056317e+07;DIFF;0.82217026;0.8334372;1.21209790871;37.0480590723;SEEPAGE SLICK
20 S1B_IW_GRDH_1SDV_20200730T120033_NR_Orb_Cal_TC.tif;1;SP00354GXS1;SENTINEL-1;IW;IMG_20_WIN_006;IMG_20_WIN_006;800;600;800;600;1;1;800;600;0;0;0;0;0;6;1;1;6;3;3;19.608049119842025;-92.22821667404361;15Q;1.4085242580759525;28.19979490718602;564.5827029586545;0.568587999287383;44.92806398002656;1.9517064002061058;3.991122002614338;6.460338221988866;7.028584544400856;13.917439262527829;9.631890079388095;-13.929860184736008;0.022257803061457644;20.020808832719013;2.841105336490395;8.071879533034199;-43.88969;-12.89858;-19.258390126329786;-18.902248;-0.14752558847616642;2.564447925819398;6.576393164239413;-35.952976;10.971794;-16.148015391493168;-16.019691;-0.1588088606337568;3.1103747348366184;0.4733676;DIFF;1.4264218e+08;DIFF;0.83849233;0.8399093;1.40852425808;28.1997949072;OIL SPILL
20 S1B_IW_GRDH_1SDV_20200730T120033_NR_Orb_Cal_TC.tif;2;SP00355GXS1;SENTINEL-1;IW;IMG_20_WIN_006;IMG_20_WIN_006;800;600;800;600;1;1;800;600;0;0;0;0;0;6;1;1;6;3;3;19.59339228085036;-92.22772564433241;15Q;0.41173039747441276;8.065510467142461;157.9977079531208;0.625858190327966;12.57305810896442;2.8578236725885726;6.034183275939876;8.91877939085669;9.497055655376055;18.730195932501733;12.578860677531893;19.18494340190813;0.07953514501670947;19.589300466074278;2.463965741259128;6.071127174098644;-35.571407;-13.6004;-18.82602792311192;-18.639494;-0.13088080774777888;2.4502292284551124;6.003623271975736;-28.21666;-10.900265;-16.56323762127307;-16.419067;-0.1479317802763482;2.262790301838848;0.37845874;DIFF;1.749144e+06;DIFF;0.8798053;0.88185906;0.411730397474;8.06551046715;OIL SPILL
20 S1B_IW_GRDH_1SDV_20200730T120033_NR_Orb_Cal_TC.tif;3;SP00356GXS1;SENTINEL-1;IW;IMG_20_WIN_006;IMG_20_WIN_006;800;600;800;600;1;1;800;600;0;0;0;0;0;6;1;1;6;3;3;19.599323293546576;-92.24648882370124;15Q;0.09253238723675083;3.6193001417751054;141.56484996693862;0.47946923336417147;11.265372820150407;2.240062829989176;4.5153159010663;7.72847791203611;7.723616285457959;15.449669691065676;9.981329968523676;17.718137076698625;0.08876759038203307;39.11387407000387;2.415148592152582;5.832942722176599;-27.266315;-13.817675;-18.626959055541498;-18.38389;-0.12965876957967962;2.3376614505645814;5.464661057455702;-25.564865;-10.185457;-16.584731350468854;-16.425356;-0.14095262691719726;2.0422277050726443;0.3517413;DIFF;269585.0;DIFF;0.89036167;0.8916987;0.0925323872367;3.61930014178;OIL SPILL
20 S1B_IW_GRDH_1SDV_20200730T120033_NR_Orb_Cal_TC.tif;4;SP00357GXS1;SENTINEL-1;IW;IMG_20_WIN_001;IMG_20_WIN_001;800;600;800;600;1;1;800;600;0;0;0;0;0;1;1;1;6;3;3;19.540161426700248;-92.17782767302427;15Q;0.0670840070380812;3.5968941104091967;192.85740093241782;0.16590040897227276;15.347104335124902;1.966098317506756;3.95821768719166;7.383473402582234;7.341518000203654;14.704016981386287;9.330368004933225;17.114469501137663;0.06515887154759879;53.617758825398845;2.3926711800120306;5.7248753756601625;-29.916576;-14.148244;-19.086739481494412;-19.06814;-0.1253577742983211;2.405786527687818;5.787808816804208;-28.682928;-10.418042;-16.362420162000785;-16.239779;-0.14703121566789298;2.7243193194936275;0.4598636;DIFF;182118.5;DIFF;0.8572665;0.85975415;0.0670840070382;3.59689411041;OIL SPILL
20 S1B_IW_GRDH_1SDV_20200730T120033_NR_Orb_Cal_TC.tif;5;SP00358GXS1;SENTINEL-1;IW;IMG_20_WIN_001;IMG_20_WIN_001;800;600;800;600;1;1;800;600;0;0;0;0;0;1;1;1;6;3;3;19.523327098736445;-92.19716540148137;15Q;0.15554419984363188;6.467460988500857;268.9142486819187;0.1857686496905517;21.39951597278528;1.7783604897692662;3.5733630233530618;5.059980446837901;5.070868584652737;10.136294086998396;6.857899859080217;12.807600121159224;0.04673002890681007;41.57957027650389;2.3956631232902352;5.739201800292726;-30.107824;-12.919542;-18.74094032379518;-18.5114;-0.12783046538217116;2.388435438141469;5.704623842170031;-29.359194;-9.562887;-16.0178748200144;-15.841603;-0.1491106320269846;2.7230655037807807;0.47141308;DIFF;1.383272e+06;DIFF;0.8546997;0.85717416;0.155544199844;6.46746098851;OIL SPILL
20 S1B_IW_GRDH_1SDV_20200730T120033_NR_Orb_Cal_TC.tif;6;SP00359GXS1;SENTINEL-1;IW;IMG_20_WIN_001;IMG_20_WIN_001;800;600;800;600;1;1;800;600;0;0;0;0;0;1;1;1;6;3;3;19.510962651923936;-92.20834343368465;15Q;0.06934390879168163;4.18130925149894;252.1252026503573;0.25548328200190196;20.063486139925097;2.1301735215634965;4.302223902169887;8.033347965591952;8.184020489648947;16.29271265889318;10.383952609302414;18.511131191145015;0.04984178686724147;60.2981476579313;2.3582682983179253;5.561429366851324;-28.503872;-14.608937;-18.900649282094594;-18.636955;-0.12477181408535078;2.3932127783376553;5.72746740239864;-25.775606;-11.125083;-16.58583513495807;-16.324488;-0.1442925700674225;2.3148141471365236;0.42064703;DIFF;135110.5;DIFF;0.8775272;0.8797936;0.0693439087916;4.1813092515;OIL SPILL
20 S1B_IW_GRDH_1SDV_20200730T120033_NR_Orb_Cal_TC.tif;7;SP00360GXS1;SENTINEL-1;IW;IMG_20_WIN_005;IMG_20_WIN_005;800;600;800;600;1;1;800;600;0;0;0;0;0;5;1;1;6;1;1;19.410997952114965;-92.1712521673176;15Q;0.5235882615975538;18.820572128215233;676.5123689988526;0.2471281928636973;53.83514379448785;1.9953217915903978;4.002971031942219;6.477849001318104;6.458729867939592;12.927019474165137;8.460583403064293;15.97814208436314;0.018575226692389545;35.94536682466978;2.5154718052391387;6.327598402953051;-29.444061;-13.072825;-18.851576490866762;-18.48621;-0.13343562043513113;2.401481564777016;5.767113705963864;-36.505985;-9.142874;-16.555290719519068;-16.326942;-0.1450582539118817;2.2962857713476943;0.383871;DIFF;1.1221748e+07;DIFF;0.8781913;0.8795867;0.523588261597;18.8205721282;OIL SPILL
20 S1B_IW_GRDH_1SDV_20200730T120033_NR_Orb_Cal_TC.tif;8;SP00361GXS1;SENTINEL-1;IW;IMG_20_WIN_003;IMG_20_WIN_003;800;600;800;600;1;1;800;600;0;0;0;0;0;3;1;1;6;4;4;19.42718255376407;-92.08269366691788;15Q;0.2171497035700158;7.784783483374439;279.0832908665667;0.5891076206265154;22.20874263788365;2.499500158920194;5.5162470159638435;9.474862570626525;7.88429955833103;16.576997075333928;10.643845185056149;17.17987480042877;0.045027312725674125;35.84984623690441;2.355575687928808;5.548736821561277;-27.360384;-13.241689;-18.84408058074266;-18.497948;-0.12500348201312844;2.854738955561846;8.149534504402338;-27.83828;1.4774312;-16.228633757560484;-16.24828;-0.17590753468275785;2.6154468231821753;0.42115334;DIFF;1.3361705e+06;DIFF;0.86120594;0.8676759;0.21714970357;7.78478348339;OIL SPILL
20 S1B_IW_GRDH_1SDV_20200730T120033_NR_Orb_Cal_TC.tif;9;SP00362GXS1;SENTINEL-1;IW;IMG_20_WIN_003;IMG_20_WIN_003;800;600;800;600;1;1;800;600;0;0;0;0;0;3;1;1;6;4;4;19.43907632737408;-92.11039103045012;15Q;0.13725385461643627;4.402502343236395;141.2129876888786;0.3221688597802795;11.237372509729996;2.502386592821356;5.056649632175456;7.830211175656551;7.833944752076877;15.666022946769528;10.365074291555384;-18.652757685270352;0.08898877376665583;32.07561897288378;2.4790255488348;6.14556767177568;-30.351505;-13.647399;-18.99449416197063;-18.749039;-0.13051284902327756;2.321838103153357;5.39093217725478;-30.371847;-10.454316;-16.586761299651926;-16.434982;-0.13998140210784132;2.407732862318703;0.3754246;DIFF;342173.0;DIFF;0.8732404;0.87433916;0.137253854616;4.40250234324;OIL SPILL
20 S1B_IW_GRDH_1SDV_20200730T120033_NR_Orb_Cal_TC.tif;10;SP00363GXS1;SENTINEL-1;IW;IMG_20_WIN_003;IMG_20_WIN_003;800;600;800;600;1;1;800;600;0;0;0;0;0;3;1;1;6;4;4;19.44788125624877;-92.09150744616149;15Q;0.10012342932401953;3.3757560345573596;113.81680473579827;0.39073522215890344;9.057253540313669;2.39961804936448;4.858783695213691;7.1723401376999885;7.165253403479148;14.33406659339246;9.596958599714961;-16.39475790846209;0.11040874538280489;33.715944982594785;2.483667666923598;6.1686050797217105;-27.377012;-14.406405;-18.78315374824438;-18.364754;-0.13222846920239584;2.333172707954465;5.443694885143572;-24.780695;-9.392551;-16.485380517183287;-16.244986;-0.14152980609228388;2.297773231061093;0.4027479;DIFF;225197.5;DIFF;0.8776685;0.878766;0.100123429324;3.37575603455;OIL SPILL
20 S1B_IW_GRDH_1SDV_20200730T120033_NR_Orb_Cal_TC.tif;11;SP00364GXS1;SENTINEL-1;IW;IMG_20_WIN_004;IMG_20_WIN_004;800;600;800;600;1;1;800;600;0;0;0;0;0;4;1;1;6;4;4;19.29771060663135;-92.1849164120717;15Q;0.38132016011706343;8.812976744892557;203.6833276325415;0.13746296244018033;16.208604209062507;1.9376850024296854;3.883618056556969;8.307427118737003;8.277312455212803;16.569796080924164;10.238306778742086;18.209971283542796;0.061695627032516645;23.11175140120317;2.4607141461304285;6.0551141089664045;-40.522747;-13.4112425;-19.03078094242126;-18.88188;-0.12930179552670293;3.462512579823657;11.988993365437077;-29.269253;12.530421;-16.00903834292763;-16.223503;-0.2162848576943601;3.021742599493628;0.43238968;DIFF;2.4390655e+06;DIFF;0.8412182;0.8535632;0.381320160117;8.8129767449;OIL SPILL
20 S1B_IW_GRDH_1SDV_20200730T120033_NR_Orb_Cal_TC.tif;12;SP00365GXS1;SENTINEL-1;IW;IMG_20_WIN_004;IMG_20_WIN_004;800;600;800;600;1;1;800;600;0;0;0;0;0;4;1;1;6;4;4;19.30026579826405;-92.20665403881748;15Q;0.19853688412721;9.10326032265343;417.4002672918889;0.38168699333357575;33.215657893691244;2.3296224886909527;4.844469599244522;7.239061704868967;7.1931750370273475;14.412172375840369;9.616545094109167;15.349490050674518;0.030106283103004054;45.85173360946187;2.3013395883756846;5.296163901025166;-30.866575;-14.065482;-18.883550921550096;-18.61274;-0.12187006553674039;2.3715292551205014;5.6241510078924;-30.844385;-7.732569;-16.453809232026146;-16.220741;-0.1441325362217335;2.4297416895239508;0.4360175;DIFF;1.2633905e+06;DIFF;0.8713302;0.8738686;0.198536884127;9.10326032266;OIL SPILL
20 S1B_IW_GRDH_1SDV_20200730T120033_NR_Orb_Cal_TC.tif;13;SP00366GXS1;SENTINEL-1;IW;IMG_20_WIN_004;IMG_20_WIN_004;800;600;800;600;1;1;800;600;0;0;0;0;0;4;1;1;6;4;4;19.265445176237165;-92.21350838423632;15Q;0.13626396826215234;4.683257650559621;160.9589277433155;0.3310786815713529;12.808704492559938;2.3057205652837194;4.651121196270291;7.004029860004984;6.99624827129131;13.996388469329354;9.321881548082374;-16.637767068199675;0.078071908098189;34.36900972639887;2.337903074278047;5.465790784718744;-26.743055;-13.76282;-18.987998773243802;-18.747505;-0.12312530152321328;2.4384099938564234;5.9458432981388825;-28.156437;-9.666999;-16.29637503478019;-16.026464;-0.14962898120915227;2.691623738463612;0.45494094;DIFF;520208.0;DIFF;0.85824615;0.86129653;0.136263968262;4.68325765057;OIL SPILL
20 S1B_IW_GRDH_1SDV_20200730T120033_NR_Orb_Cal_TC.tif;14;SP00367GXS1;SENTINEL-1;IW;IMG_20_WIN_004;IMG_20_WIN_004;800;600;800;600;1;1;800;600;0;0;0;0;0;4;1;1;6;4;4;19.241861043008925;-92.26339293059695;15Q;0.19860147326259858;9.506345589727731;455.03492490130907;0.33546061281028333;36.21052878874636;1.7024707298421484;3.428134194655719;4.794836514700629;4.803912274977347;9.603286757881689;6.517985121822398;-12.79926133165215;0.02761627718374507;47.86644043248396;2.700411276474086;7.292221062108404;-42.326206;-12.854064;-18.748619151701323;-18.506016;-0.1440325420567861;2.479566532200179;6.148250187607221;-35.18693;0.735056;-16.03594763333656;-15.838339;-0.15462550694824526;2.7126715183647647;0.4260175;DIFF;4.29912e+06;DIFF;0.85531354;0.856638;0.198601473262;9.50634558972;OIL SPILL
20 S1B_IW_GRDH_1SDV_20200730T120033_NR_Orb_Cal_TC.tif;15;SP00368GXS1;SENTINEL-1;IW;IMG_20_WIN_002;IMG_20_WIN_002;800;600;800;600;1;1;800;600;0;0;0;0;0;2;1;1;6;1;1;19.485910638662148;-91.95869500165439;15Q;0.10573167426566013;5.0554493279883985;241.72101771170966;0.30496241783521183;19.23554740901109;2.2250304205970095;4.502056441901712;6.618460098712578;6.650295756918817;13.284755658559694;8.902669609956819;14.996254227560652;0.05198708301545605;47.813953227356805;2.6190517803972453;6.859432228401981;-30.176895;-14.033307;-19.16148603723404;-18.865683;-0.1366831244355464;2.4910823998028397;6.205491522607476;-27.286905;-1.9739639;-16.320719144321767;-16.232477;-0.15263312711741175;2.8407668929122742;0.45867732;DIFF;427505.0;DIFF;0.851746;0.85367304;0.105731674265;5.05544932799;OIL SPILL
21 S1B_IW_GRDH_1SDV_20200802T001516_NR_Orb_Cal_TC.tif;0;OS03037GXS1;SENTINEL-1;IW;IMG_21_WIN_014;IMG_21_WIN_014;800;600;800;600;1;1;800;600;0;0;0;0;0;14;1;1;18;4;4;19.353795414774844;-92.23851914922362;15Q;35.88854062607041;376.48518346067345;3949.4805554297845;0.21582405021717002;314.2896765209873;1.5269594036002514;3.059408416328961;5.132527876652991;5.1491350859529605;10.28996783657194;6.681318342265243;12.906559481955423;0.0031817780687849705;10.490401027540932;4.76681213228269;22.72249790447745;-41.12763;0.0;-25.386456296977745;-25.244242;-0.1877698910205982;10.236524279340081;104.78642932151895;-69.558014;15.489062;-11.389848957090882;-16.92728;-0.8987410033183288;13.996607339886863;0.7126924;DIFF;1.3592625e+11;DIFF;0.4486585;0.5928695;35.8885406261;376.485183461;SEEPAGE SLICK
21 S1B_IW_GRDH_1SDV_20200802T001516_NR_Orb_Cal_TC.tif;1;OS03038GXS1;SENTINEL-1;IW;IMG_21_WIN_005;IMG_21_WIN_005;800;600;800;600;1;1;800;600;0;0;0;0;0;5;1;1;18;7;7;19.551479768234586;-92.64744168600858;15Q;0.08730244108846243;4.12374377137166;194.7856495180398;1.6543155525792854;15.50054948208075;2.239100970553823;4.562723387313545;8.371662625545639;8.169681024802816;16.445961867230128;10.547912653533182;-17.2370850916978;0.06451384198708825;47.23514852457704;3.883098279129648;15.078452245379632;-39.326145;-17.936968;-24.98087111051502;-24.287703;-0.1554428691437891;3.3653200477894925;11.325379024053872;-39.023052;-12.738113;-20.059657668558078;-19.494558;-0.16776557722938437;4.921213441956944;0.56750345;DIFF;445123.5;DIFF;0.80300075;0.80456054;0.0873024410885;4.12374377137;SEEPAGE SLICK
21 S1B_IW_GRDH_1SDV_20200802T001516_NR_Orb_Cal_TC.tif;2;OS03039GXS1;SENTINEL-1;IW;IMG_21_WIN_006;IMG_21_WIN_006;800;600;800;600;1;1;800;600;0;0;0;0;0;6;1;1;18;3;3;19.59559267637809;-92.77887055174503;15Q;1.0398345668607152;18.051026358227716;313.3571079187615;0.42838371269066927;24.9361663391257;2.367216121307491;4.829744111191497;7.496264247458721;7.82647607474153;15.508750795773864;10.390405714248185;-16.00647131274373;0.04010239530809376;17.359517497792158;3.805981342256868;14.48549397760739;-40.67727;-13.764153;-22.01727699477666;-21.392408;-0.1728633991914528;2.75110739848521;7.568591918000059;-42.669373;-10.5447645;-18.304950074253558;-17.996593;-0.15029308396501567;3.7123269205231004;0.44531512;DIFF;2.8415216e+07;DIFF;0.8313903;0.82844096;1.03983456686;18.0510263582;SEEPAGE SLICK
21 S1B_IW_GRDH_1SDV_20200802T001516_NR_Orb_Cal_TC.tif;3;OS03040GXS1;SENTINEL-1;IW;IMG_21_WIN_006;IMG_21_WIN_006;800;600;800;600;1;1;800;600;0;0;0;0;0;6;1;1;18;3;3;19.602569949899724;-92.75322666592048;15Q;0.4247573983290171;11.733586837683076;324.13104661406004;1.2740752576659171;25.7935291390886;2.314974425512877;4.677705403420862;7.765402429918707;7.7890680979935105;15.56630351154162;10.128064765218697;-18.647226409373076;0.03876941362337881;27.6242082747532;3.481604824010619;12.121572150574016;-54.71751;-15.412241;-21.13141052138448;-20.479033;-0.16475969838773036;2.718386054611975;7.38962274190886;-48.074497;-11.432412;-18.14569728692608;-17.857618;-0.1498088506397913;2.9857132344584016;0.40670845;DIFF;6.473706e+06;DIFF;0.85870725;0.8567391;0.424757398329;11.7335868377;SEEPAGE SLICK
21 S1B_IW_GRDH_1SDV_20200802T001516_NR_Orb_Cal_TC.tif;4;OS03041GXS1;SENTINEL-1;IW;IMG_21_WIN_006;IMG_21_WIN_006;800;600;800;600;1;1;800;600;0;0;0;0;0;6;1;1;18;3;3;19.611184603317113;-92.76923431463;15Q;0.799653828593913;21.457375061188454;575.7728257564888;0.9328997945492822;45.818545658566876;2.494312040351893;5.092951773740662;8.137749091003457;8.336638103667092;16.573952579149893;10.88784301079756;-18.20109539720828;0.02182522351215279;26.833329990951775;3.208197713404518;10.292532568293977;-45.768017;-14.561915;-20.846746926229507;-20.358122;-0.15389440495235943;2.7521580811842616;7.574374103827838;-48.416965;-11.50999;-18.366412859039936;-18.025059;-0.14984733830752647;2.4803340671895704;0.3554204;DIFF;1.606794e+07;DIFF;0.88102067;0.88049144;0.799653828594;21.4573750612;SEEPAGE SLICK
21 S1B_IW_GRDH_1SDV_20200802T001516_NR_Orb_Cal_TC.tif;5;OS03042GXS1;SENTINEL-1;IW;IMG_21_WIN_007;IMG_21_WIN_007;800;600;800;600;1;1;800;600;0;0;0;0;0;7;1;1;18;1;1;19.559174522331872;-92.90401597074262;15Q;0.6773831411985793;12.445342223908806;228.65426322265284;0.31783912711344453;18.19572812546029;2.532019400786368;5.132453135209521;7.584386472964066;7.655109564891303;15.275010706545395;10.222667668348228;-16.850791471862287;0.05495795458719537;18.37267783471507;4.147838771786657;17.204566476736645;-51.59761;-14.790848;-22.483839186946902;-21.666216;-0.18448089480175184;2.7224359202241626;7.4116573397267835;-43.84215;-9.264363;-17.174695937538882;-16.88468;-0.1585143591551866;5.30914324940802;0.6044658;DIFF;1.2873164e+07;DIFF;0.7638683;0.76057154;0.677383141198;12.4453422239;SEEPAGE SLICK
21 S1B_IW_GRDH_1SDV_20200802T001516_NR_Orb_Cal_TC.tif;6;OS03043GXS1;SENTINEL-1;IW;IMG_21_WIN_015;IMG_21_WIN_015;800;600;800;600;1;1;800;600;0;0;0;0;0;15;1;1;18;1;1;19.289741838550537;-92.99043249310911;15Q;0.5812852362419405;11.29680752532426;219.54429995381162;0.34705344410366074;17.470780282649443;2.361613865669883;4.740964943629703;7.292622160879442;7.30727573825346;14.60722480815079;9.678104186803639;-17.735413360024413;0.05723842803936574;19.434189655940862;3.6990414285802866;13.682907490353289;-44.16207;-14.416258;-22.11119573111685;-21.550716;-0.16729269070576155;2.8639160287481595;8.202015019720628;-39.771973;-9.093491;-16.928759903791736;-16.563787;-0.16917459075704028;5.182435827325115;0.6226546;DIFF;1.2159696e+07;DIFF;0.7656194;0.7658552;0.581285236242;11.2968075253;SEEPAGE SLICK
21 S1B_IW_GRDH_1SDV_20200802T001516_NR_Orb_Cal_TC.tif;7;OS03044GXS1;SENTINEL-1;IW;IMG_21_WIN_011;IMG_21_WIN_011;800;600;800;600;1;1;800;600;0;0;0;0;0;11;1;1;18;1;1;19.467858914881692;-92.83605965924542;15Q;0.21892249449486745;5.820718789713503;154.76147075292047;1.1010186624821081;12.31552653524954;2.8116504890814418;5.970522625577077;8.747611722992117;8.81019966154461;17.589824677302907;11.829953709338604;18.829379952753538;0.08119831475640092;26.588034286490224;3.815372957733823;14.55707080660654;-42.33316;-15.378626;-21.598527464148116;-20.880527;-0.17664967966297918;2.8098443667212205;7.8952253651949755;-39.755566;-11.807903;-18.358552165911664;-18.01848;-0.15305370169323954;3.239975298236452;0.40583742;DIFF;792518.5;DIFF;0.8499908;0.84677845;0.218922494495;5.82071878972;SEEPAGE SLICK
21 S1B_IW_GRDH_1SDV_20200802T001516_NR_Orb_Cal_TC.tif;8;SP00369GXS1;SENTINEL-1;IW;IMG_21_WIN_017;IMG_21_WIN_017;800;600;800;600;1;1;800;600;0;0;0;0;0;17;1;1;18;4;4;19.47190376912801;-92.43806122780983;15Q;25.17187335013415;313.89362182357223;3914.2579676531973;0.29081809450595714;311.4867520444213;1.807301223061117;3.739382169813944;5.537392892481633;5.547607268444963;11.09017565881413;7.418436454324616;-12.841276817345339;0.0032104094104695325;12.470014347259513;4.7051633741666725;22.13856237759951;-77.78406;-15.316531;-26.44871174324224;-25.93076;-0.17789763901710118;3.160995042979501;9.991889661740979;-82.4398;12.360709;-20.24315843757438;-19.795843;-0.15615127712048205;6.205553305667859;0.6317527;DIFF;9.0770375e+10;DIFF;0.76537406;0.7626746;25.1718733501;313.893621824;OIL SPILL
21 S1B_IW_GRDH_1SDV_20200802T001516_NR_Orb_Cal_TC.tif;9;SP00370GXS1;SENTINEL-1;IW;IMG_21_WIN_009;IMG_21_WIN_009;800;600;800;600;1;1;800;600;0;0;0;0;0;9;1;1;18;3;3;19.47692174737292;-92.34081353064836;15Q;5.811144423904265;71.8337942191529;887.9651950644093;0.5577303753141146;70.6620250440299;2.8526665631954544;5.917758330350345;9.512267817634179;9.749435580096186;19.38666811306001;12.935528511020648;-20.149408314829955;0.014151872938496941;12.361385121261671;4.366796557738555;19.068912176677294;-66.150986;-16.164656;-25.99414957099542;-25.530628;-0.1679915146218547;3.1975847725942463;10.224548377926597;-60.725304;-11.878689;-20.765924479166667;-20.29031;-0.1539822980576767;5.228225091828751;0.55923843;DIFF;6.3782515e+08;DIFF;0.7988691;0.79711497;5.8111444239;71.8337942192;OIL SPILL
21 S1B_IW_GRDH_1SDV_20200802T001516_NR_Orb_Cal_TC.tif;10;SP00371GXS1;SENTINEL-1;IW;IMG_21_WIN_010;IMG_21_WIN_010;800;600;800;600;1;1;800;600;0;0;0;0;0;10;1;1;18;7;7;19.514636654324303;-92.16260750701787;15Q;0.15405530090514932;5.644978887698151;206.84641460132147;0.5283321107561014;16.460314672317953;2.481596123387154;5.282967098002716;8.299937934099551;8.863566663566644;18.12099283264041;11.522827461574355;17.455210424470092;0.06075218001037032;36.64254884143014;3.804865404843301;14.477000748973378;-44.421036;-17.808636;-24.10178585006083;-23.331202;-0.1578665343934959;2.833518339604917;8.028826180877404;-37.248722;-7.160574;-20.749789834454216;-20.443365;-0.1365564838107406;3.3519960156066126;0.40492257;DIFF;618050.0;DIFF;0.86092335;0.8582842;0.154055300905;5.6449788877;OIL SPILL
21 S1B_IW_GRDH_1SDV_20200802T001516_NR_Orb_Cal_TC.tif;11;SP00372GXS1;SENTINEL-1;IW;IMG_21_WIN_010;IMG_21_WIN_010;800;600;800;600;1;1;800;600;0;0;0;0;0;10;1;1;18;7;7;19.51739964423184;-92.17161189144394;15Q;0.1844126719582522;5.26169899094098;150.12784087601548;0.5863500060634783;11.94679398556568;2.3791096137901455;4.813519396647467;7.730322763239207;7.897915089158253;15.71508749536973;10.338956623850999;-16.639538583342233;0.08370446508144504;28.532198655698327;3.4362944590399187;11.808119609228449;-38.606277;-17.238876;-24.1942962398374;-23.633984;-0.14202911401001397;3.02721402577553;9.16402475785209;-54.67454;-13.741699;-20.723748347653668;-20.333942;-0.14607463741559426;3.470547892183731;0.46642783;DIFF;1.1836775e+06;DIFF;0.85655504;0.8570442;0.184412671958;5.26169899094;OIL SPILL
21 S1B_IW_GRDH_1SDV_20200802T001516_NR_Orb_Cal_TC.tif;12;SP00373GXS1;SENTINEL-1;IW;IMG_21_WIN_010;IMG_21_WIN_010;800;600;800;600;1;1;800;600;0;0;0;0;0;10;1;1;18;7;7;19.48039618087087;-92.14740831377699;15Q;2.2273432672820794;65.54239843088475;1928.6681380346056;0.7464059241409798;153.4785338760247;2.65706412997318;5.793476358231776;8.31222563107027;8.716587375533997;17.238991325004623;11.80569073284918;17.95188182451686;0.006515569146677995;29.4262673354624;3.815784107979213;14.560208358706717;-59.508667;-16.03739;-24.332958992593838;-23.680277;-0.15681545796138535;3.112500881930404;9.687661740017543;-54.822353;2.4720006;-20.943822981469776;-20.55433;-0.14861187877133109;3.3891360111240623;0.41368365;DIFF;1.3909782e+08;DIFF;0.86071837;0.8596652;2.22734326728;65.5423984309;OIL SPILL
21 S1B_IW_GRDH_1SDV_20200802T001516_NR_Orb_Cal_TC.tif;13;SP00374GXS1;SENTINEL-1;IW;IMG_21_WIN_010;IMG_21_WIN_010;800;600;800;600;1;1;800;600;0;0;0;0;0;10;1;1;18;7;7;19.46087491492538;-92.1084345001236;15Q;0.11248850003929192;3.94343507811568;138.24239997761026;0.45989496233273097;11.000980650661797;2.635778472852811;5.55613049308267;8.024857207086907;8.36783328970817;16.567492764077286;11.271355601967414;-17.474019643116296;0.09090098708062376;35.056339774628064;3.8392227657987963;14.739631445427758;-47.705612;-15.688655;-24.066007486979167;-23.199253;-0.15952886110735215;3.10058470573387;9.61362551743079;-43.962566;-14.507811;-21.126990383408636;-20.707788;-0.14675941293412093;2.9390171035705315;0.3931325;DIFF;226572.0;DIFF;0.877877;0.8762012;0.112488500039;3.94343507811;OIL SPILL
21 S1B_IW_GRDH_1SDV_20200802T001516_NR_Orb_Cal_TC.tif;14;SP00375GXS1;SENTINEL-1;IW;IMG_21_WIN_010;IMG_21_WIN_010;800;600;800;600;1;1;800;600;0;0;0;0;0;10;1;1;18;7;7;19.446522958634805;-92.17263052826482;15Q;0.08399630331879167;4.45436193159871;236.21682661880766;0.053312744770159626;18.797537798932222;0.7275510964915035;1.4561156871001621;2.609604815912789;2.6090872911979788;5.218433344821018;3.3372824022549423;9.97165900134178;0.05319845666472362;53.03045200326309;4.567970498627306;20.866354476329406;-48.939472;-18.481913;-25.057974679129465;-24.387327;-0.18229607768068834;3.220410024874631;10.371040728313021;-55.828568;-13.29887;-20.761329147821947;-20.28594;-0.15511579253645624;4.296645531307519;0.4977004;DIFF;769492.0;DIFF;0.82853174;0.8248465;0.0839963033187;4.45436193159;OIL SPILL
21 S1B_IW_GRDH_1SDV_20200802T001516_NR_Orb_Cal_TC.tif;15;SP00376GXS1;SENTINEL-1;IW;IMG_21_WIN_014;IMG_21_WIN_014;800;600;800;600;1;1;800;600;0;0;0;0;0;14;1;1;18;4;4;19.391416212168888;-92.08057186936861;15Q;1.3181834004410593;36.25247689968674;997.0100373912918;0.13284854248221284;79.33953788152975;1.7696186562511529;3.5467795030788736;7.6917866625969555;7.92178544930209;15.733153468097361;9.784919424013166;16.568709834432703;0.012604056271328498;27.501846015931317;3.840743621606851;14.75131156691371;-40.537502;0.0;-24.391843340922026;-23.93274;-0.15746016272428506;2.934497864409541;8.611277716224158;-40.46385;6.5621915;-20.697269665472525;-20.366602;-0.14178188291690047;3.694573675449501;0.48016104;DIFF;5.653275e+07;DIFF;0.8485324;0.8465879;1.31818340044;36.2524768997;OIL SPILL
21 S1B_IW_GRDH_1SDV_20200802T001516_NR_Orb_Cal_TC.tif;16;SP00377GXS1;SENTINEL-1;IW;IMG_21_WIN_014;IMG_21_WIN_014;800;600;800;600;1;1;800;600;0;0;0;0;0;14;1;1;18;4;4;19.41329163236529;-92.05225973083418;15Q;0.09376993584696394;2.4879756944988656;66.01287502765773;0.5547487403367334;5.253137684179632;2.8322243128121602;6.460262453631331;8.234558265072756;8.400070420131007;16.72163845479713;11.63033196341225;-17.573502271197253;0.1903624195900297;26.53276524108255;3.8254933455547517;14.634399336883686;-40.820885;0.0;-25.17258203125;-25.071905;-0.15197063776793615;2.937562022664782;8.629270637002405;-34.190567;0.0;-21.076134116871703;-20.84872;-0.1393785979143693;4.096447914378295;0.5463128;DIFF;119364.5;DIFF;0.83726543;0.835763;0.093769935847;2.4879756945;OIL SPILL
21 S1B_IW_GRDH_1SDV_20200802T001516_NR_Orb_Cal_TC.tif;17;SP00378GXS1;SENTINEL-1;IW;IMG_21_WIN_014;IMG_21_WIN_014;800;600;800;600;1;1;800;600;0;0;0;0;0;14;1;1;18;4;4;19.40378262288323;-92.0529307619672;15Q;0.10315296184337874;5.632871135145648;307.59404924632986;0.15036780674006575;24.477556701602637;1.6798840750114614;3.3663080169163604;6.4274940409086225;6.530366138153544;13.009800130931875;8.253868065794322;-14.326751709883128;0.04085375073135981;54.60697428832205;3.8434980782780133;14.772477477726781;-37.75443;0.0;-24.103188920454546;-23.63173;-0.15946014823857305;2.8734314381722945;8.2566082298769;-37.86856;0.0;-20.62397659537167;-20.339222;-0.13932480115484303;3.4792123250828766;0.46543923;DIFF;778855.0;DIFF;0.85565335;0.8531397;0.103152961843;5.63287113514;OIL SPILL
21 S1B_IW_GRDH_1SDV_20200802T001516_NR_Orb_Cal_TC.tif;18;SP00379GXS1;SENTINEL-1;IW;IMG_21_WIN_018;IMG_21_WIN_018;800;600;800;600;1;1;800;600;0;0;0;0;0;18;1;1;18;1;1;19.50282306904285;-92.03798467956881;15Q;0.16044879685510952;5.42117093508347;183.16805662265637;0.39520941697587975;14.576050814015968;1.9468067994510556;3.922008549448683;6.8366365335286385;6.761348233846814;13.56034400489067;8.722535396490377;15.963789039737533;0.0686056883829209;33.78754494481479;3.375368817634263;11.39311465505772;-42.712467;-18.084988;-23.945504161799064;-23.54006;-0.14096044062497057;2.776512247192089;7.709020258807663;-41.66397;-14.414852;-20.963371813585873;-20.649675;-0.13244588093374826;2.9821323482131916;0.3986097;DIFF;1.157236e+06;DIFF;0.8754617;0.87446207;0.160448796855;5.42117093508;OIL SPILL
21 S1B_IW_GRDH_1SDV_20200802T001516_NR_Orb_Cal_TC.tif;19;SP00380GXS1;SENTINEL-1;IW;IMG_21_WIN_010;IMG_21_WIN_010;800;600;800;600;1;1;800;600;0;0;0;0;0;10;1;1;18;7;7;19.519741227129266;-92.12360548927334;15Q;0.04985181796571238;1.321098002751372;35.0097549917651;1.196644970360748;2.7859877816877865;3.0612617574420473;7.330895175007163;9.40573938359861;10.939636995490062;21.596783637621783;15.244192797431344;-21.137001485786577;0.3589391190345377;26.50049800911997;3.8277939680455733;14.652006661806077;-38.86367;-17.947712;-24.947304173519736;-24.76427;-0.1534351744549849;2.4735661812230307;6.118529652890287;-30.024263;-16.038034;-20.755739977760037;-20.656023;-0.11917504188593031;4.1915641957597;0.5547994;DIFF;15321.0;DIFF;0.83198327;0.82817876;0.0498518179658;1.32109800275;OIL SPILL
21 S1B_IW_GRDH_1SDV_20200802T001516_NR_Orb_Cal_TC.tif;20;SP00381GXS1;SENTINEL-1;IW;IMG_21_WIN_004;IMG_21_WIN_004;800;600;800;600;1;1;800;600;0;0;0;0;0;4;1;1;18;10;10;19.54998419872607;-92.22034597300585;15Q;0.2566975010057721;6.755644493146427;177.79188476304415;0.812346372730281;14.148228650831554;2.020381239601804;4.066956671449679;6.729750539169431;6.712266825258592;13.433287625385631;8.750163117734472;15.559944808639857;0.07068022610316138;26.317531205707063;3.9957902271931616;15.96633953973238;-51.771385;-17.749088;-24.948483120437956;-24.346422;-0.16016165022553153;3.0060803655323127;9.036519164038882;-42.58174;-12.86002;-20.29873399565165;-19.894417;-0.14809201234797545;4.649749124786307;0.55308306;DIFF;4.804172e+06;DIFF;0.81362605;0.812149;0.256697501006;6.75564449315;OIL SPILL
21 S1B_IW_GRDH_1SDV_20200802T001516_NR_Orb_Cal_TC.tif;21;SP00382GXS1;SENTINEL-1;IW;IMG_21_WIN_004;IMG_21_WIN_004;800;600;800;600;1;1;800;600;0;0;0;0;0;4;1;1;18;10;10;19.575296818248276;-92.29269886940203;15Q;1.0131146924364336;33.09202230925089;1080.906188303718;0.1770607890372796;86.01578144357786;1.360696400111108;2.733414613903782;5.35479347603167;5.69078617491073;11.232607151933424;7.2772613412971845;11.75166670780797;0.01162577358732654;32.66364860395824;4.108859771858019;16.88272862479313;-47.450283;-16.038397;-24.982603897004438;-24.446693;-0.1644688355464298;3.399150995545943;11.554227490520976;-63.245724;10.759244;-20.73103377907954;-20.223873;-0.16396437494478222;4.251570117924899;0.4896565;DIFF;1.8391603e+08;DIFF;0.8298188;0.8297518;1.01311469244;33.0920223093;OIL SPILL
21 S1B_IW_GRDH_1SDV_20200802T001516_NR_Orb_Cal_TC.tif;22;SP00383GXS1;SENTINEL-1;IW;IMG_21_WIN_004;IMG_21_WIN_004;800;600;800;600;1;1;800;600;0;0;0;0;0;4;1;1;18;10;10;19.59229683222883;-92.21006558886998;15Q;0.5994340043448372;11.345525772513074;214.73749257092345;0.7994438707599331;17.08826670491081;2.757996472140132;5.871925488819734;9.121760834034207;10.082593179011067;-19.946800630877306;13.867473623219011;19.761968340343817;0.0585196858914088;18.927064014183486;4.4561752229990566;19.85749761807069;-61.849762;-17.20974;-25.1976025390625;-24.493925;-0.17684917507889433;3.2147172166911626;10.334406783290575;-45.789463;-0.8353391;-20.676815011160713;-20.285137;-0.15547448748542542;4.520787527901788;0.49303573;DIFF;7.41376e+06;DIFF;0.82058656;0.8177556;0.599434004345;11.3455257725;OIL SPILL
21 S1B_IW_GRDH_1SDV_20200802T001516_NR_Orb_Cal_TC.tif;23;SP00384GXS1;SENTINEL-1;IW;IMG_21_WIN_004;IMG_21_WIN_004;800;600;800;600;1;1;800;600;0;0;0;0;0;4;1;1;18;10;10;19.606315674077628;-92.26732591413683;15Q;1.6797310654150006;33.137003473868134;653.712383985622;0.3281478960571886;52.02077863584945;2.2593957975829393;4.537635356427289;7.186032413149601;7.193992806092016;14.38400610240348;9.463492310105568;-17.13400234763777;0.01922308789339925;19.727564820432242;4.182532580546276;17.49357878733109;-58.455887;-16.433632;-25.38103534790366;-24.993406;-0.16478967556742052;3.8962465952379715;15.180737530903485;-55.98285;22.809427;-20.268270366681335;-19.898048;-0.19223379818550995;5.112764981222323;0.54113925;DIFF;1.6384493e+08;DIFF;0.7985597;0.8023594;1.67973106542;33.1370034739;OIL SPILL
21 S1B_IW_GRDH_1SDV_20200802T001516_NR_Orb_Cal_TC.tif;24;SP00385GXS1;SENTINEL-1;IW;IMG_21_WIN_004;IMG_21_WIN_004;800;600;800;600;1;1;800;600;0;0;0;0;0;4;1;1;18;10;10;19.594633140581994;-92.28060610895338;15Q;0.11763405815520135;5.030059096141473;215.0864716177169;0.5249404061871328;17.116037575077147;2.1669302898691822;4.471174545096145;7.822987762491741;8.040102488648728;15.97584850831617;10.382654353994923;16.8304509662086;0.05842473736188281;42.760227565260294;3.717277683420143;13.818153375653424;-41.67064;-17.382063;-24.74906075835987;-24.409454;-0.15019873762944724;3.4174554082318718;11.679001467253268;-48.989414;-9.011728;-20.915041675958964;-20.471947;-0.16339701642383556;3.834019082400907;0.47887182;DIFF;567140.5;DIFF;0.84508425;0.84679276;0.117634058155;5.03005909614;OIL SPILL
21 S1B_IW_GRDH_1SDV_20200802T001516_NR_Orb_Cal_TC.tif;25;SP00386GXS1;SENTINEL-1;IW;IMG_21_WIN_004;IMG_21_WIN_004;800;600;800;600;1;1;800;600;0;0;0;0;0;4;1;1;18;10;10;19.603407053396413;-92.31265161432563;15Q;0.09927076214568965;4.826914537638494;234.70257959208675;0.2824665436395324;18.677037849249803;1.945878620097993;3.932215113080397;5.71984048200117;5.755909744449143;11.49378716633513;7.722397990964274;-13.980483102451316;0.05354168086349768;48.62372800719027;3.7772043332736773;14.267272575301446;-45.036724;-18.29718;-24.86192880306604;-24.539095;-0.1519272443901401;3.4238269885236328;11.722591247342809;-43.170853;-13.641388;-20.901807557524464;-20.49759;-0.1638053062684086;3.9601212455415755;0.49877092;DIFF;809650.0;DIFF;0.8407155;0.842255;0.0992707621456;4.82691453764;OIL SPILL
21 S1B_IW_GRDH_1SDV_20200802T001516_NR_Orb_Cal_TC.tif;26;SP00387GXS1;SENTINEL-1;IW;IMG_21_WIN_002;IMG_21_WIN_002;800;600;800;600;1;1;800;600;0;0;0;0;0;2;1;1;18;9;9;19.609900802307347;-92.3461915309669;15Q;0.26558188924397974;11.258883623163108;477.30084608095655;0.3861288239969268;37.98239449786407;2.192895466856402;4.514376027089813;7.969922613550625;8.34607288915345;16.51086427362815;10.61528568727023;-17.259784713979975;0.026327987300964785;42.39326580292533;3.919726948515969;15.364259350922312;-45.979534;-16.451483;-24.91707069816643;-24.267849;-0.15731090528247407;3.9652766026837933;15.723418535791525;-41.241474;11.040927;-20.48778193364672;-20.256191;-0.19354347950041825;4.429288764519711;0.51473945;DIFF;3.215842e+06;DIFF;0.8222388;0.8273232;0.265581889244;11.2588836232;OIL SPILL
21 S1B_IW_GRDH_1SDV_20200802T001516_NR_Orb_Cal_TC.tif;27;SP00388GXS1;SENTINEL-1;IW;IMG_21_WIN_002;IMG_21_WIN_002;800;600;800;600;1;1;800;600;0;0;0;0;0;2;1;1;18;9;9;19.603631974352666;-92.37944032830937;15Q;1.4313315710108836;29.950436552366533;626.7091901311192;0.9198065612402895;49.87193274524304;2.1530000510262166;4.3549690230892235;7.239610032661723;7.451327624253718;14.798289963908344;9.635483188531976;15.87881569668414;0.02005135844861323;20.92487663862114;4.108413025220629;16.879057585802517;-55.82477;-16.06128;-24.824407877518976;-24.147684;-0.1654989333679622;3.3068667689496034;10.935367827583189;-65.45476;-13.232707;-21.13119230389495;-20.579582;-0.1564921998433602;3.693215573624027;0.42681634;DIFF;1.2121939e+08;DIFF;0.8512265;0.85002416;1.43133157101;29.9504365524;OIL SPILL
21 S1B_IW_GRDH_1SDV_20200802T001516_NR_Orb_Cal_TC.tif;28;SP00389GXS1;SENTINEL-1;IW;IMG_21_WIN_002;IMG_21_WIN_002;800;600;800;600;1;1;800;600;0;0;0;0;0;2;1;1;18;9;9;19.668837519964598;-92.41759071538493;15Q;0.1422883332973179;3.526229293447615;87.38800112294554;0.9938926525090197;6.954116172818441;2.9588849878251575;6.410103170415026;10.457509704084325;10.185090266873543;20.506390575480733;13.820561385419099;23.420080104062908;0.14379972596786644;24.78227983793583;4.2795882381475945;18.31487548809123;-43.070934;-17.896305;-25.78569849917763;-25.487534;-0.165967512506364;3.6791981526587247;13.536499046527371;-44.237133;-14.0988655;-21.18639809590973;-20.440073;-0.1736585018370364;4.5993004032679;0.5208188;DIFF;223385.0;DIFF;0.82163364;0.8226773;0.142288333297;3.52622929345;OIL SPILL
21 S1B_IW_GRDH_1SDV_20200802T001516_NR_Orb_Cal_TC.tif;29;SP00390GXS1;SENTINEL-1;IW;IMG_21_WIN_002;IMG_21_WIN_002;800;600;800;600;1;1;800;600;0;0;0;0;0;2;1;1;18;9;9;19.670757126242197;-92.38645573488986;15Q;0.2579910189748408;10.220895078147473;404.9237706553142;0.7103081653171008;32.222809837601105;2.1053130448316435;4.73198751560436;6.502832600079123;7.003019295269016;-14.370520604940856;11.367113860976065;-13.76915034546852;0.031033916813582484;39.61725147937887;3.506605783462433;12.296284120612185;-46.54502;-17.543407;-24.748384207184326;-24.310156;-0.14169029194417;3.1679660597369543;10.036008955645283;-40.992;-12.547265;-20.73688703063576;-20.275537;-0.15276960592285338;4.011497176548566;0.52605605;DIFF;4.198748e+06;DIFF;0.8379087;0.8392475;0.257991018975;10.2208950782;OIL SPILL
21 S1B_IW_GRDH_1SDV_20200802T001516_NR_Orb_Cal_TC.tif;30;SP00391GXS1;SENTINEL-1;IW;IMG_21_WIN_002;IMG_21_WIN_002;800;600;800;600;1;1;800;600;0;0;0;0;0;2;1;1;18;9;9;19.666274404412768;-92.35329408858196;15Q;0.026960925829898716;0.8873248839974497;29.203205213670714;0.8146164089401808;2.3239172319413517;3.0457736942683025;6.552130579221681;9.689067503871973;10.818832434164099;-21.154346542130007;-14.14959836902934;-21.32491696441369;0.4303079241615765;32.91151385511538;3.8319361916290307;14.6837349767164;-36.88128;-19.081997;-24.76348876953125;-24.09279;-0.15474137054322518;4.663644335658005;21.749578489514995;-48.83248;-14.535341;-21.289017840129574;-20.492826;-0.2190633861402044;3.474470929401676;0.44512194;DIFF;4592.0;DIFF;0.8596938;0.8697288;0.0269609258299;0.887324883997;OIL SPILL
21 S1B_IW_GRDH_1SDV_20200802T001516_NR_Orb_Cal_TC.tif;31;SP00392GXS1;SENTINEL-1;IW;IMG_21_WIN_002;IMG_21_WIN_002;800;600;800;600;1;1;800;600;0;0;0;0;0;2;1;1;18;9;9;19.63890176397373;-92.37310220792014;15Q;0.11160596667500003;3.359153160845202;101.10489872710302;0.3832532959838316;8.04567220161196;2.5153093975502006;5.208261109993317;7.967819185002995;8.85980855259169;-17.939805249176178;-11.967631219956536;-17.28396649669071;0.12429042284368094;30.098329515187647;4.662392019551618;21.73789934397861;-43.81332;-17.289595;-25.49782731229027;-24.471165;-0.18285448255837417;3.328908480127536;11.081631669065022;-41.36731;0.65345895;-20.650949451133144;-20.396269;-0.16119881015663784;4.846877861157125;0.50759864;DIFF;261194.0;DIFF;0.8099102;0.8069854;0.111605966675;3.35915316085;OIL SPILL
21 S1B_IW_GRDH_1SDV_20200802T001516_NR_Orb_Cal_TC.tif;32;SP00393GXS1;SENTINEL-1;IW;IMG_21_WIN_002;IMG_21_WIN_002;800;600;800;600;1;1;800;600;0;0;0;0;0;2;1;1;18;9;9;19.649866503836982;-92.47446245942724;15Q;0.20746187382690748;5.223670703065006;131.5265070671535;0.5083422198348592;10.466546873674293;2.605625076711681;5.338528664843184;8.317421328992634;8.381986074771403;16.73191519415717;11.09389367542788;-18.223685815400376;0.09554249477592498;25.178943035207002;4.163841325996455;17.33757458807592;-44.148228;-16.691872;-25.10209308720668;-24.654234;-0.1658762602596898;3.12379316774198;9.758083754831475;-45.920986;-13.087718;-20.799547132554945;-20.395767;-0.15018563374645283;4.302545954651734;0.48206848;DIFF;987942.5;DIFF;0.8285981;0.8265961;0.207461873827;5.22367070306;OIL SPILL
21 S1B_IW_GRDH_1SDV_20200802T001516_NR_Orb_Cal_TC.tif;33;SP00394GXS1;SENTINEL-1;IW;IMG_21_WIN_005;IMG_21_WIN_005;800;600;800;600;1;1;800;600;0;0;0;0;0;5;1;1;18;7;7;19.541043625424386;-92.54887127852494;15Q;0.30801958275821795;7.617782522962085;188.39909478319797;1.0174539352766923;14.992323604392235;2.4296126911438423;4.896162673871129;7.988152947890232;8.03968343075743;16.053612610768806;10.489369343245004;-18.20147184249614;0.06670080144928531;24.731487702006646;4.352169079019824;18.94137569237627;-47.968384;-17.493547;-25.21183090024331;-24.701057;-0.172624078601837;3.0836489714367143;9.508890979042707;-47.46861;-13.229101;-20.265012582994217;-19.973318;-0.1521661513314045;4.946818317249093;0.5396684;DIFF;3.266241e+06;DIFF;0.80378985;0.8011925;0.308019582758;7.61778252296;OIL SPILL
21 S1B_IW_GRDH_1SDV_20200802T001516_NR_Orb_Cal_TC.tif;34;SP00395GXS1;SENTINEL-1;IW;IMG_21_WIN_005;IMG_21_WIN_005;800;600;800;600;1;1;800;600;0;0;0;0;0;5;1;1;18;7;7;19.552488544160543;-92.52596432059062;15Q;1.2979466318775743;21.836033748456437;367.35899470225877;0.9796134087604996;29.233499948066942;2.3318143539233507;4.687442077318478;7.309348757022814;7.321328072918376;14.636669311461546;9.667509858350293;-17.079645580045096;0.03420733069172324;16.82352202483782;4.064226879663777;16.51794012938156;-45.95086;-15.974982;-25.49096059468822;-25.001991;-0.15943796486471665;3.047326706733815;9.286200057573158;-51.37519;-12.237108;-20.011622619302376;-19.631826;-0.15227784196742203;5.479337975385846;0.60775054;DIFF;1.4248768e+08;DIFF;0.78504777;0.784193;1.29794663188;21.8360337484;OIL SPILL
21 S1B_IW_GRDH_1SDV_20200802T001516_NR_Orb_Cal_TC.tif;35;SP00396GXS1;SENTINEL-1;IW;IMG_21_WIN_005;IMG_21_WIN_005;800;600;800;600;1;1;800;600;0;0;0;0;0;5;1;1;18;7;7;19.52813613054357;-92.54180386859458;15Q;0.32041092338066185;7.813280043767308;190.52828910519264;0.598385658848238;15.16175950496656;2.5013163753381145;5.037036786510457;9.719433211930866;10.076873122815764;19.985064699602034;12.667262098524336;-20.647570865037874;0.06595540574775828;24.385186251858205;3.9433082552863072;15.549679996209141;-52.304523;-16.869904;-24.879525310672516;-24.210417;-0.1584961210491727;3.2267604561330927;10.411983041264245;-49.374256;-12.545642;-20.310640807625983;-19.843622;-0.15887044070621098;4.568884503046533;0.529797;DIFF;3.735164e+06;DIFF;0.8163596;0.81640685;0.320410923381;7.81328004376;OIL SPILL
21 S1B_IW_GRDH_1SDV_20200802T001516_NR_Orb_Cal_TC.tif;36;SP00397GXS1;SENTINEL-1;IW;IMG_21_WIN_005;IMG_21_WIN_005;800;600;800;600;1;1;800;600;0;0;0;0;0;5;1;1;18;7;7;19.528855655149005;-92.51567163341913;15Q;0.21735534076128118;6.220179179997131;178.00634157760697;0.7948874717402784;14.165294581890262;2.326420906124429;4.70157275473495;7.362238427932223;7.383963898304079;14.75706638878855;9.736245298783789;-17.36394748592999;0.07059507264172665;28.617558502179527;4.5512456177404825;20.71383667300195;-69.08178;-17.376682;-25.38042160560345;-24.807444;-0.1793211195804433;3.102060545877571;9.622779630290253;-38.95588;-13.080831;-20.450487326299537;-19.994228;-0.15168638753602165;4.929934279303911;0.53852296;DIFF;1.915469e+06;DIFF;0.8057584;0.80218;0.217355340761;6.22017918001;OIL SPILL
21 S1B_IW_GRDH_1SDV_20200802T001516_NR_Orb_Cal_TC.tif;37;SP00398GXS1;SENTINEL-1;IW;IMG_21_WIN_009;IMG_21_WIN_009;800;600;800;600;1;1;800;600;0;0;0;0;0;9;1;1;18;3;3;19.51923558435317;-92.47000468736204;15Q;0.42162407951511294;9.306606836405528;205.4269075595468;0.7347544187840567;16.347353891091856;2.618277834160766;5.408702300126604;8.78043690853284;9.711992060760867;19.25295437875117;-14.016696440785493;19.022811015374945;0.061171979677085764;22.073233689851286;4.144385053088472;17.175927468263136;-44.84779;-17.70835;-25.460048611111112;-24.901766;-0.1627799348065583;3.1795869825857928;10.109773379829027;-48.100475;-13.261061;-20.563322735385988;-20.019411;-0.15462418323641167;4.896725875725124;0.5532316;DIFF;4.301321e+06;DIFF;0.8076702;0.8066512;0.421624079515;9.3066068364;OIL SPILL
21 S1B_IW_GRDH_1SDV_20200802T001516_NR_Orb_Cal_TC.tif;38;SP00399GXS1;SENTINEL-1;IW;IMG_21_WIN_005;IMG_21_WIN_005;800;600;800;600;1;1;800;600;0;0;0;0;0;5;1;1;18;7;7;19.62111087206771;-92.58789813058;15Q;0.18427107466238682;4.663073413858978;118.00144815390733;0.7418672240309384;9.39025688284818;2.7040819101127735;6.173770724247496;7.923908705878196;8.134892733691634;16.169896723274196;11.228483081616798;-16.961245454642448;0.10649335928461713;25.30550940999531;5.1424976292382265;26.44528186672078;-54.216766;-16.988771;-25.37010924796748;-24.47904;-0.2026990731090453;3.413152384548775;11.649609200150987;-48.222946;-13.509301;-20.615282819116757;-20.170547;-0.1655641794728969;4.754826428850723;0.50602746;DIFF;672642.5;DIFF;0.81258154;0.807227;0.184271074663;4.66307341386;OIL SPILL
21 S1B_IW_GRDH_1SDV_20200802T001516_NR_Orb_Cal_TC.tif;39;SP00400GXS1;SENTINEL-1;IW;IMG_21_WIN_005;IMG_21_WIN_005;800;600;800;600;1;1;800;600;0;0;0;0;0;5;1;1;18;7;7;19.59244611353032;-92.52408585350955;15Q;0.06255923072985736;3.6735334974961367;215.7131441641205;0.30644884637194625;17.165906591807207;1.7199005018143425;3.4469036330920644;5.144469418302656;5.1465425650794145;10.292048560407881;6.870246613152234;-14.180028336771075;0.05825500649509949;58.72088666433818;4.173277263276143;17.416243116177615;-56.91604;-18.137783;-24.63101141467066;-23.962408;-0.16943182693628514;3.047284059946084;9.28594014200149;-55.76531;-13.330767;-20.453352996373145;-20.061916;-0.1489870174580392;4.177658418297515;0.52017015;DIFF;411656.5;DIFF;0.8303903;0.8277586;0.0625592307298;3.67353349749;OIL SPILL
21 S1B_IW_GRDH_1SDV_20200802T001516_NR_Orb_Cal_TC.tif;40;SP00401GXS1;SENTINEL-1;IW;IMG_21_WIN_001;IMG_21_WIN_001;800;600;800;600;1;1;800;600;0;0;0;0;0;1;1;1;18;1;1;19.74483913276614;-92.63084599207775;15Q;0.03929619580728512;1.9416224497841694;95.93543751649818;1.2014685408300638;7.634299549217174;2.3110964956788846;4.680294358132987;8.129716589106314;8.043362950067623;16.130313686956345;10.391387014689979;-17.491581694216674;0.1309877865746754;49.40993421618212;3.2414083710037755;10.506728227613351;-36.30088;-18.600204;-24.826874069940477;-25.0555;-0.1305604709587004;3.176943020979897;10.092966958552873;-41.40131;-13.126213;-20.111855526706233;-19.697666;-0.15796369543134803;4.715018543234244;0.5974566;DIFF;91665.0;DIFF;0.8100842;0.8132267;0.0392961958072;1.94162244978;OIL SPILL
21 S1B_IW_GRDH_1SDV_20200802T001516_NR_Orb_Cal_TC.tif;41;SP00402GXS1;SENTINEL-1;IW;IMG_21_WIN_008;IMG_21_WIN_008;800;600;800;600;1;1;800;600;0;0;0;0;0;8;1;1;18;4;4;19.51517262356772;-92.23460112911793;15Q;0.1225652999466517;3.9659280504177836;128.3282079669914;0.09299689320341056;10.212034318035714;1.679123733999556;3.3658594347561652;4.272652542934373;4.273616710023487;8.546751345117448;5.9565802439088;-12.247500073469899;0.09792368188910965;32.35767425318594;4.23652380197316;17.948133924685116;-48.8059;-16.485867;-24.40510769065367;-23.574947;-0.17359168644830875;3.08738574641497;9.531950747166322;-45.598804;-13.608935;-20.76279070458001;-20.297392;-0.14869801417079892;3.6423169860736593;0.47061676;DIFF;680907.0;DIFF;0.85075593;0.84743655;0.122565299947;3.96592805042;OIL SPILL
21 S1B_IW_GRDH_1SDV_20200802T001516_NR_Orb_Cal_TC.tif;42;SP00403GXS1;SENTINEL-1;IW;IMG_21_WIN_017;IMG_21_WIN_017;800;600;800;600;1;1;800;600;0;0;0;0;0;17;1;1;18;4;4;19.392825224484547;-92.34157642789086;15Q;0.061512810789521005;2.3727192888010054;91.52234715321138;0.5055234639324243;7.283116976403023;2.2924543302845564;4.80284785323793;6.668095071545474;6.730965211848585;13.43051870443669;9.13405286580607;15.41473245771055;0.13730384988185082;38.57276652370451;5.501961663295825;30.271582144376957;-46.205452;-17.421497;-25.726628001143293;-24.518078;-0.21386252652509755;3.332054784692281;11.102589088190722;-48.800446;-13.317566;-20.803940299636803;-20.427563;-0.160164600393054;4.92268770150649;0.50714576;DIFF;111661.0;DIFF;0.808654;0.80085087;0.0615128107895;2.3727192888;OIL SPILL
21 S1B_IW_GRDH_1SDV_20200802T001516_NR_Orb_Cal_TC.tif;43;SP00404GXS1;SENTINEL-1;IW;IMG_21_WIN_017;IMG_21_WIN_017;800;600;800;600;1;1;800;600;0;0;0;0;0;17;1;1;18;4;4;19.428270200358547;-92.37470342527693;15Q;0.07349880753611415;2.586604959488863;91.02903082019319;0.8210666567394691;7.243860109949117;2.762019455009691;5.837886160774802;9.543084874631717;8.80907922526072;18.168437220035578;11.747340408846481;18.10721617360547;0.13804794471756085;35.19247517339539;3.9195500533224257;15.36287262049983;-41.20154;-18.458809;-24.890659877232142;-24.277466;-0.157470716833333;2.8506469213637082;8.126187870280388;-33.757248;-14.009126;-21.193422807307403;-20.858135;-0.134506207292803;3.697237069924739;0.43913;DIFF;102507.5;DIFF;0.85146075;0.8486708;0.0734988075362;2.58660495948;OIL SPILL
21 S1B_IW_GRDH_1SDV_20200802T001516_NR_Orb_Cal_TC.tif;44;SP00405GXS1;SENTINEL-1;IW;IMG_21_WIN_004;IMG_21_WIN_004;800;600;800;600;1;1;800;600;0;0;0;0;0;4;1;1;18;10;10;19.62783339837925;-92.3040504393608;15Q;0.11236535475803615;3.3132897381141513;97.6981642814368;0.197677363947653;7.7745728881973575;2.5028430545029328;5.057087034541175;7.628392997012664;7.6742600247571096;15.325591456797897;10.203192504832568;17.647932592301043;0.12862442919766154;29.48675546167126;4.881093113165702;23.825069979393643;-61.74487;-18.43751;-25.230563151041668;-24.480602;-0.1934595388911952;3.646396257045241;13.296205663393541;-47.651978;-14.610174;-21.29671910837156;-20.59052;-0.17121868577455546;3.93384404267011;0.46235472;DIFF;129013.0;DIFF;0.8440842;0.8407781;0.112365354758;3.31328973811;OIL SPILL
21 S1B_IW_GRDH_1SDV_20200802T001516_NR_Orb_Cal_TC.tif;45;SP00406GXS1;SENTINEL-1;IW;IMG_21_WIN_002;IMG_21_WIN_002;800;600;800;600;1;1;800;600;0;0;0;0;0;2;1;1;18;9;9;19.607485798427152;-92.39271216733397;15Q;0.30154172982870764;12.129488780451105;487.9075879768418;0.5255588023688698;38.82645219927909;1.8381361548344426;3.6909543050906684;5.902787992797209;5.879036187876036;11.769948406346959;7.72529373668544;-14.884492799166631;0.0257556367722562;40.224909458937326;4.0363320927500235;16.29197676296378;-55.704876;-17.168747;-24.65563373447205;-24.0263;-0.16370830846285092;3.2467813345202465;10.541589034189073;-48.345295;-13.44514;-21.156534289713086;-20.700409;-0.15346470693448713;3.499099444758965;0.42509007;DIFF;8.03204e+06;DIFF;0.8580811;0.8567224;0.301541729829;12.1294887805;OIL SPILL
21 S1B_IW_GRDH_1SDV_20200802T001516_NR_Orb_Cal_TC.tif;46;SP00407GXS1;SENTINEL-1;IW;IMG_21_WIN_003;IMG_21_WIN_003;800;600;800;600;1;1;800;600;0;0;0;0;0;3;1;1;18;1;1;19.692744094654635;-92.1160212850035;15Q;0.4013931166611667;19.022428934182663;901.4922965445004;0.26681640914118443;71.738477577161;1.2077122545115346;2.4197093165295955;3.8696232190153754;3.8615507819816;7.727137789502279;5.0716902167994204;-11.472278627526794;0.013939520795160625;47.391019289053524;3.4284538629596195;11.754295890442737;-47.734444;-17.071833;-23.940005174323694;-23.28297;-0.14321023901184154;2.8628349473872077;8.195823935981517;-50.14787;-13.0398445;-20.711349800302454;-20.337109;-0.13822541625681012;3.2286553740212405;0.43759227;DIFF;4.356992e+07;DIFF;0.86513555;0.8645407;0.401393116661;19.0224289342;OIL SPILL
21 S1B_IW_GRDH_1SDV_20200802T001516_NR_Orb_Cal_TC.tif;47;SP00408GXS1;SENTINEL-1;IW;IMG_21_WIN_004;IMG_21_WIN_004;800;600;800;600;1;1;800;600;0;0;0;0;0;4;1;1;18;10;10;19.61307967339345;-92.2611784706261;15Q;0.12773555179801852;4.4562408858471265;155.46245781359383;0.6408214432913321;12.371309313124353;2.8160375128296296;6.025363028068616;8.903851389654053;9.302710290983633;18.408367810731317;12.452128281648116;19.387570241374394;0.08083218798346023;34.88645739671243;3.774423657201992;14.246273944046061;-42.984997;-17.198656;-24.38274949596774;-23.83718;-0.15479893511706633;3.333877843099233;11.114741472707992;-36.47558;-13.471816;-21.391757098563968;-20.887856;-0.15584871442482098;2.9909923974037724;0.37524408;DIFF;194213.0;DIFF;0.8773317;0.87747127;0.127735551798;4.45624088584;OIL SPILL
22 S1B_IW_GRDH_1SDV_20200811T120034_NR_Orb_Cal_TC.tif;0;OS03045GXS1;SENTINEL-1;IW;IMG_22_WIN_006;IMG_22_WIN_006;800;600;800;600;1;1;800;600;0;0;0;0;0;6;1;1;6;1;1;19.379613043091496;-92.08995402815064;15Q;5.600211968350463;130.59171155757105;3045.276718795187;0.09527792412626294;242.33542143946087;1.9878846653150002;3.987740579719706;6.529019669078503;6.557472204162815;13.10072285532085;8.556615667467405;-15.432378114339937;0.00412651189850847;23.31906583100938;2.923553513030408;8.547165143552439;-45.413654;-13.883916;-21.738545016077172;-21.27037;-0.13448708323709044;2.99986953204054;8.999217209265128;-40.315548;22.039831;-18.20000045530706;-18.111639;-0.16482799214248306;3.538544560770113;0.49548653;DIFF;6.7706944e+08;DIFF;0.8372226;0.8409484;5.60021196835;130.591711558;SEEPAGE SLICK
22 S1B_IW_GRDH_1SDV_20200811T120034_NR_Orb_Cal_TC.tif;1;OS03046GXS1;SENTINEL-1;IW;IMG_22_WIN_005;IMG_22_WIN_005;800;600;800;600;1;1;800;600;0;0;0;0;0;5;1;1;6;1;1;19.292822162010957;-92.99157065172527;15Q;0.9914312038764453;20.8442500988541;438.23793369098513;0.8375539892985251;34.87386669864927;2.295390136139959;4.617249587331924;6.785374325425691;6.806730883789151;13.60278707134429;9.115546126039767;15.994042202234777;0.028674766943429644;21.02440392974737;3.8121649322534776;14.532601470703161;-63.22794;-20.441013;-27.505615419190008;-26.84646;-0.1385958784835558;3.1267064207897324;9.776293041807739;-63.133995;-16.054726;-24.204801693067207;-23.81594;-0.1291771137164611;3.3008137261228008;0.41125184;DIFF;6.739021e+07;DIFF;0.87999487;0.87890553;0.991431203876;20.8442500989;SEEPAGE SLICK
22 S1B_IW_GRDH_1SDV_20200811T120034_NR_Orb_Cal_TC.tif;2;OS03047GXS1;SENTINEL-1;IW;IMG_22_WIN_002;IMG_22_WIN_002;800;600;800;600;1;1;800;600;0;0;0;0;0;2;1;1;6;1;1;19.557953014237786;-92.90102738515056;15Q;0.28661622769890943;9.855521081200878;338.8897291748304;0.278403379499553;26.96798778062398;2.3192305180992263;4.680565274426737;7.681422114288259;8.07537662488245;15.988380994475659;10.57835021213973;-16.369656494102;0.03708100167260096;34.38577487508527;3.2516574862258314;10.573276407728493;-45.064716;-18.838854;-25.3683797998366;-24.80904;-0.128177578224636;2.7472552534476558;7.547411427595744;-44.452435;-15.64802;-22.70367817040951;-22.290442;-0.12100485361126413;2.664701629427089;0.3688865;DIFF;2.170343e+06;DIFF;0.89495975;0.89417243;0.286616227699;9.85552108121;SEEPAGE SLICK
22 S1B_IW_GRDH_1SDV_20200811T120034_NR_Orb_Cal_TC.tif;3;SP00409GXS1;SENTINEL-1;IW;IMG_22_WIN_001;IMG_22_WIN_001;800;600;800;600;1;1;800;600;0;0;0;0;0;1;1;1;6;3;3;19.596134110072075;-92.25084574773868;15Q;0.18057221646686106;3.9564224242057966;86.68708124115645;0.28950526937853105;6.898338740869381;2.624049449237627;5.299792677878398;9.56037975959888;9.82599976941718;19.52418078439491;12.561430189284469;-20.34095285468537;0.14496243770626613;21.910471619712805;2.925763314546025;8.560090972743343;-31.895514;-15.626943;-21.784204000259336;-21.533875;-0.134306643222364;3.2851900970287344;10.792473973615666;-46.543137;8.882506;-18.573338933202216;-18.358952;-0.17687665684902984;3.210865067057121;0.47150567;DIFF;329771.0;DIFF;0.8526058;0.8581351;0.180572216467;3.9564224242;OIL SPILL
22 S1B_IW_GRDH_1SDV_20200811T120034_NR_Orb_Cal_TC.tif;4;SP00410GXS1;SENTINEL-1;IW;IMG_22_WIN_001;IMG_22_WIN_001;800;600;800;600;1;1;800;600;0;0;0;0;0;1;1;1;6;3;3;19.564035042371607;-92.27778171555308;15Q;0.127023458978265;5.497337825119397;237.91450340412734;0.2500430343433075;18.932634625010213;2.221955776203179;4.497327186906902;7.067036794436991;7.084281068667048;14.159993878200824;9.337858278730232;-15.962638437022422;0.052818850614641304;43.2781304283333;2.834064353082366;8.03192075741217;-35.16861;-15.739115;-21.25709088080752;-20.86957;-0.13332324582763908;2.608920526436398;6.806466313261171;-36.361576;-11.82949;-18.83772365805169;-18.532076;-0.1384944685352831;2.419367222755831;0.39389035;DIFF;384134.5;DIFF;0.88618535;0.88679713;0.127023458978;5.49733782512;OIL SPILL
22 S1B_IW_GRDH_1SDV_20200811T120034_NR_Orb_Cal_TC.tif;5;SP00411GXS1;SENTINEL-1;IW;IMG_22_WIN_001;IMG_22_WIN_001;800;600;800;600;1;1;800;600;0;0;0;0;0;1;1;1;6;3;3;19.590187104938977;-92.20695920769111;15Q;0.08167428284023871;4.220082218490797;218.0502027260917;0.47088644167389;17.351883803023686;2.3186524336274323;4.965381129296145;7.2661967402981595;7.119534472272884;14.320979353049951;9.625647247772756;-15.018327468935153;0.05763063027345441;51.669657470339935;2.546452989110055;6.484422825747534;-38.169853;-15.813224;-21.077905497419724;-20.732597;-0.12081148145491885;2.421496194123759;5.86364381815585;-32.226803;-12.902072;-18.739694928444372;-18.532143;-0.12921748210789968;2.3382105689753523;0.4200719;DIFF;257489.0;DIFF;0.88906825;0.8899886;0.0816742828403;4.22008221848;OIL SPILL
22 S1B_IW_GRDH_1SDV_20200811T120034_NR_Orb_Cal_TC.tif;6;SP00412GXS1;SENTINEL-1;IW;IMG_22_WIN_004;IMG_22_WIN_004;800;600;800;600;1;1;800;600;0;0;0;0;0;4;1;1;6;1;1;19.34053749549317;-92.33221563703364;15Q;0.34105384303508307;5.824475691341799;99.4696813181543;0.5056013995094167;7.915545734779906;2.8867896675552207;6.00947566877904;9.582560531718112;9.752503595701317;19.439839930491093;12.998355495205736;-19.949860268920013;0.12633367723543387;17.077877321390144;3.7727425957264535;14.233586693608778;-55.740776;-15.540002;-22.41255199738724;-21.813015;-0.16833168289654224;2.606646902196709;6.794608072731698;-46.237766;-12.121888;-18.417894704023944;-18.24828;-0.14152795116301803;3.9946572933632964;0.5359819;DIFF;2.289255e+06;DIFF;0.821767;0.81844175;0.341053843035;5.82447569134;OIL SPILL
23 S1B_IW_GRDH_1SDV_20200823T120035_NR_Orb_Cal_TC.tif;0;OS03048GXS1;SENTINEL-1;IW;IMG_23_WIN_006;IMG_23_WIN_006;800;600;800;600;1;1;800;600;0;0;0;0;0;6;1;1;11;1;1;19.35583238257203;-92.11507385998279;15Q;12.00856152559546;158.70038221209498;2097.3212537224485;0.5410241024044545;166.89952239080947;1.625800522978261;3.258724284172947;4.797022762669668;4.805581356555606;9.60688382772432;6.435658576928861;12.46804627100326;0.005991628889496848;13.215603040700215;4.361523316600546;19.022885641250227;-75.3621;-18.904392;-28.050373367493595;-27.490564;-0.1554889576498448;3.3152282209502717;10.990738156985104;-73.69446;25.861078;-22.037608911794266;-21.689241;-0.15043502379135157;6.01276445569933;0.6451399;DIFF;2.658376e+10;DIFF;0.78564405;0.7850508;12.0085615256;158.700382212;SEEPAGE SLICK
23 S1B_IW_GRDH_1SDV_20200823T120035_NR_Orb_Cal_TC.tif;1;OS03049GXS1;SENTINEL-1;IW;IMG_23_WIN_005;IMG_23_WIN_005;800;600;800;600;1;1;800;600;0;0;0;0;0;5;1;1;11;1;1;19.258822741415546;-92.47075478889981;15Q;11.725577191327815;59.18060306193834;298.6926546665032;1.1243277900860198;23.769206227707233;3.066844244743309;6.601962827851123;10.57015875579916;11.099172368561167;22.21566261278209;14.604678232963437;22.003106032220952;0.042071240849192615;5.047137731156472;4.405295949806684;19.40663240538317;-76.056274;-18.72522;-29.022406604135988;-28.349585;-0.15178947803656243;3.5657872516244677;12.714838723847576;-61.0525;-13.276608;-22.64923691228477;-22.237648;-0.1574352047900745;6.373169691851217;0.6508547;DIFF;9.6584435e+08;DIFF;0.7804053;0.7810707;11.7255771913;59.1806030619;SEEPAGE SLICK
23 S1B_IW_GRDH_1SDV_20200823T120035_NR_Orb_Cal_TC.tif;2;OS03050GXS1;SENTINEL-1;IW;IMG_23_WIN_010;IMG_23_WIN_010;800;600;800;600;1;1;800;600;0;0;0;0;0;10;1;1;11;2;2;19.31042651168656;-92.33982048189192;15Q;1.3952282886192842;26.21648040973933;492.6103137963185;0.6346091064624232;39.200683229366895;2.00961626721588;4.0501402763414935;6.81427825648174;6.830100891394742;13.652366478662683;8.861981229886684;15.380260750276;0.025509759463856935;18.79010096310699;4.111024658488733;16.900523742702404;-57.156784;-18.296099;-27.270863451452392;-26.740768;-0.1507478729379868;3.518107148436207;12.37707790787794;-62.14322;3.1693916;-23.403377860875832;-22.856102;-0.1503247595005308;3.8674855905765604;0.45499903;DIFF;1.3088595e+08;DIFF;0.8581825;0.858129;1.39522828862;26.2164804097;SEEPAGE SLICK
23 S1B_IW_GRDH_1SDV_20200823T120035_NR_Orb_Cal_TC.tif;3;OS03051GXS1;SENTINEL-1;IW;IMG_23_WIN_002;IMG_23_WIN_002;800;600;800;600;1;1;800;600;0;0;0;0;0;2;1;1;11;2;2;19.55976015752976;-92.94396573609873;15Q;1.2337447827669772;26.487409951721176;568.6612788562843;0.08762238444598432;45.25262673746818;1.732050027555935;3.4678981805363205;7.099742645234594;8.04637397048078;-15.64186222192502;-9.790488857665515;16.123513789551115;0.02209816472757419;21.469116077894668;4.193428879351079;17.584845766175647;-53.945248;-21.050074;-29.33302649559672;-28.766756;-0.1429592981133593;3.2075417705928215;10.288324210097732;-67.42394;-16.787086;-24.828928593114338;-24.347404;-0.1291856697949645;4.504097902482382;0.5118207;DIFF;4.496747e+07;DIFF;0.84644955;0.8448936;1.23374478277;26.4874099517;SEEPAGE SLICK
23 S1B_IW_GRDH_1SDV_20200823T120035_NR_Orb_Cal_TC.tif;4;OS03052GXS1;SENTINEL-1;IW;IMG_23_WIN_002;IMG_23_WIN_002;800;600;800;600;1;1;800;600;0;0;0;0;0;2;1;1;11;2;2;19.503604492352157;-92.94553209673794;15Q;9.385717251393498;123.5734296715936;1626.9819462687408;0.19571083772350836;129.47110953497128;2.2802622032406994;4.584216793095388;7.536541729029983;7.5365885266107755;15.073153795032026;9.828697369200125;18.167536878195214;0.007723730827609006;13.166114678475601;4.133020654128585;17.08185972745348;-68.44761;-20.057999;-29.216819570339016;-28.750343;-0.1414603202849785;3.1586288782791927;9.97693639069927;-63.373783;-16.345232;-24.66710923083847;-24.229816;-0.12805022464206384;4.549710339500546;0.5189346;DIFF;1.3957914e+09;DIFF;0.8442777;0.84278065;9.38571725139;123.573429672;SEEPAGE SLICK
23 S1B_IW_GRDH_1SDV_20200823T120035_NR_Orb_Cal_TC.tif;5;OS03053GXS1;SENTINEL-1;IW;IMG_23_WIN_008;IMG_23_WIN_008;800;600;800;600;1;1;800;600;0;0;0;0;0;8;1;1;11;1;1;19.300167620957215;-92.99017693926405;15Q;1.5756387968506382;26.015435258564423;429.5418931327026;1.333748423303926;34.18185777856014;2.1770692593412693;4.3864060043687045;6.762166434202893;6.78430221734137;13.557545088348368;8.98054901198183;15.760055971595031;0.029255285259165438;16.511040036944802;4.169442848152158;17.384253664007183;-47.466736;-20.62858;-29.391562723267445;-29.000383;-0.14185849481393767;3.170628180841344;10.05288306114529;-59.987053;-15.8602705;-24.198670629385635;-23.702414;-0.13102489097029546;5.1928920938818095;0.5710033;DIFF;1.6888218e+08;DIFF;0.8233203;0.82212645;1.57563879685;26.0154352585;SEEPAGE SLICK
23 S1B_IW_GRDH_1SDV_20200823T120035_NR_Orb_Cal_TC.tif;6;SP00413GXS1;SENTINEL-1;IW;IMG_23_WIN_009;IMG_23_WIN_009;800;600;800;600;1;1;800;600;0;0;0;0;0;9;1;1;11;1;1;19.46111360554778;-92.38594050965371;15Q;7.23819090221839;158.00193181728773;3449.012439053464;0.4158093739013003;274.4636892303966;1.12038264984306;2.24751305782122;4.7760615179636785;4.8677028684650745;9.689775772619065;6.00134165730051;-11.217869765048196;0.003643469206451412;21.828925756691863;3.680778783863367;13.548132455738688;-63.471443;-17.762777;-25.439890772298767;-24.791744;-0.1446853218360249;3.2795915120905508;10.755720486176386;-79.274826;25.245335;-22.473221496744152;-22.01501;-0.14593330611571143;2.966669275554615;0.37396407;DIFF;1.975255e+10;DIFF;0.8833852;0.883542;7.23819090222;158.001931817;OIL SPILL
23 S1B_IW_GRDH_1SDV_20200823T120035_NR_Orb_Cal_TC.tif;7;SP00414GXS1;SENTINEL-1;IW;IMG_23_WIN_011;IMG_23_WIN_011;800;600;800;600;1;1;800;600;0;0;0;0;0;11;1;1;11;1;1;19.49732562549785;-92.48929535304235;15Q;5.032393216393775;28.176360522568977;157.75939163726548;0.8787251835645404;12.554093499120508;2.8279474346802975;5.753572101324721;9.989112148674462;10.119176683954935;20.173609461720652;13.00301289451872;-21.611873821756145;0.07965529331688155;5.598998192506154;4.158323447609811;17.291653894941543;-61.213192;-18.621998;-28.372611909727393;-27.88769;-0.14656117881710257;3.0453428729508207;9.274113213832358;-53.612732;-15.209654;-23.19101540593145;-22.749327;-0.1313156332159535;5.181596503795944;0.5771837;DIFF;3.528361e+08;DIFF;0.8173733;0.8156765;5.03239321639;28.1763605226;OIL SPILL
23 S1B_IW_GRDH_1SDV_20200823T120035_NR_Orb_Cal_TC.tif;8;SP00415GXS1;SENTINEL-1;IW;IMG_23_WIN_001;IMG_23_WIN_001;800;600;800;600;1;1;800;600;0;0;0;0;0;1;1;1;11;5;5;19.564714614301074;-92.24856910631377;15Q;0.2986382618195265;7.172394418055362;172.25937954072327;0.14993371352824236;13.707965873924508;2.257830287533195;4.551763815681065;6.636022957181912;6.652537531160588;13.296818615591057;8.928419443695674;16.002988710094787;0.07295028373992488;24.016997602235552;3.894246788666264;15.16515805103751;-43.858597;-18.41411;-26.342968259880802;-25.742588;-0.14782870139190174;4.18609620525984;17.523401439690836;-41.41103;10.181021;-21.937640859766276;-21.853794;-0.19081797500556033;4.405327400114526;0.4642958;DIFF;1.929051e+06;DIFF;0.8327703;0.8386814;0.29863826182;7.17239441805;OIL SPILL
23 S1B_IW_GRDH_1SDV_20200823T120035_NR_Orb_Cal_TC.tif;9;SP00416GXS1;SENTINEL-1;IW;IMG_23_WIN_001;IMG_23_WIN_001;800;600;800;600;1;1;800;600;0;0;0;0;0;1;1;1;11;5;5;19.59112220779391;-92.27987008392829;15Q;0.10115232936477243;4.299523330900723;182.75309119473022;0.3969255048381603;14.543028914482623;2.4316881831656314;4.963350685811942;9.074213083609083;8.602997841666534;17.444637831938483;11.088232098401637;18.37045041063453;0.06876146680862015;42.505430748865045;4.430851857644916;19.632448184395397;-51.356678;-18.981844;-25.98662109375;-24.831697;-0.17050511652361655;3.4387163574404553;11.824770186928554;-48.299633;-16.441032;-22.84871597475669;-22.353512;-0.15049932614329647;3.1379051189933094;0.4207083;DIFF;166453.5;DIFF;0.8792492;0.8765014;0.101152329365;4.2995233309;OIL SPILL
23 S1B_IW_GRDH_1SDV_20200823T120035_NR_Orb_Cal_TC.tif;10;SP00417GXS1;SENTINEL-1;IW;IMG_23_WIN_001;IMG_23_WIN_001;800;600;800;600;1;1;800;600;0;0;0;0;0;1;1;1;11;5;5;19.592195747580956;-92.25753515597002;15Q;0.21129645835337899;5.647638273168392;150.95292326770976;0.3399672926669232;12.012451956113795;2.4688487615358956;5.001699963573185;7.507019537283848;7.447644157712574;14.924978702290064;9.94952916918276;17.377907655294297;0.08324695105157487;26.728504193492444;4.211620175194639;17.737744500106523;-69.21116;-18.671503;-26.197727933843087;-25.73965;-0.16076280301216236;3.167341537602691;10.032052415823381;-56.817467;-15.937542;-22.432906639542935;-21.876772;-0.14119175854008836;3.7648212943001518;0.44376832;DIFF;970555.0;DIFF;0.8562921;0.8538222;0.211296458354;5.64763827317;OIL SPILL
23 S1B_IW_GRDH_1SDV_20200823T120035_NR_Orb_Cal_TC.tif;11;SP00418GXS1;SENTINEL-1;IW;IMG_23_WIN_001;IMG_23_WIN_001;800;600;800;600;1;1;800;600;0;0;0;0;0;1;1;1;11;5;5;19.585873407452183;-92.2308350949385;15Q;0.22217203486250417;8.607883786989312;333.50580479748106;0.35050020662985476;26.539548691679926;2.1068265683930463;4.251577674530055;7.922784253049542;8.922504469190322;-17.424366431917864;-11.109547061772053;17.602521134471868;0.03767961586752593;38.744227158546224;3.692636207051895;13.635562157630606;-43.653076;-17.999853;-25.50840206049747;-24.921751;-0.14476156516171365;3.2653077238625734;10.66223453151658;-43.320625;-15.109385;-22.69968280971763;-22.22229;-0.14384816524681615;2.8087192507798413;0.3529484;DIFF;1.717848e+06;DIFF;0.88989043;0.8897755;0.222172034863;8.60788378699;OIL SPILL
23 S1B_IW_GRDH_1SDV_20200823T120035_NR_Orb_Cal_TC.tif;12;SP00419GXS1;SENTINEL-1;IW;IMG_23_WIN_001;IMG_23_WIN_001;800;600;800;600;1;1;800;600;0;0;0;0;0;1;1;1;11;5;5;19.590709815721834;-92.20800258920816;15Q;0.11576698537110401;3.3912435619924737;99.34207805350685;0.2988324173698421;7.905391389618254;2.5876195461143414;5.239671358111436;9.307867630048467;9.10407713625079;18.310679732751836;11.72983664961559;19.578997907832658;0.12649595076510048;29.293701923060908;3.996818537065905;15.97455841823364;-48.99881;-19.196127;-25.640078251415858;-24.775402;-0.1558816824923379;3.0320660227634746;9.193424366396716;-45.717148;-15.739618;-22.22863103693182;-21.760212;-0.13640363267201835;3.4114472144840384;0.4458223;DIFF;160680.0;DIFF;0.8669486;0.864536;0.115766985371;3.39124356199;OIL SPILL
23 S1B_IW_GRDH_1SDV_20200823T120035_NR_Orb_Cal_TC.tif;13;SP00420GXS1;SENTINEL-1;IW;IMG_23_WIN_010;IMG_23_WIN_010;800;600;800;600;1;1;800;600;0;0;0;0;0;10;1;1;11;2;2;19.34391951470924;-92.43503381920962;15Q;0.0750354358985976;4.137394045647534;228.1326054011716;0.18221599322062912;18.15421591501464;1.8885106160809022;3.7924389777769614;6.579665139689999;6.591548886356342;13.17716361844646;8.49203922564946;15.401754512912374;0.05508362380844767;55.13920184642869;3.8370773029007856;14.723162228436367;-39.160797;-19.334394;-25.472080078125;-25.026976;-0.15063855370790877;3.2719017754818385;10.705341228401208;-36.62637;-15.347932;-22.409156472860538;-21.920774;-0.14600735995772085;3.062923605264462;0.40085578;DIFF;188740.0;DIFF;0.8797535;0.87916243;0.0750354358986;4.13739404565;OIL SPILL
25 S1B_IW_GRDH_1SDV_20200904T120035_NR_Orb_Cal_TC.tif;0;OS03056GXS1;SENTINEL-1;IW;IMG_25_WIN_003;IMG_25_WIN_003;800;600;800;600;1;1;800;600;0;0;0;0;0;3;1;1;3;1;1;19.39363937385851;-92.05325098237158;15Q;2.2072266927350763;49.71364873456827;1119.7068604863405;0.5191972116544388;89.10344083015416;2.090395035234457;4.194708846452475;6.368177958532277;6.376764728562765;12.74923655463301;8.474456535984404;15.575854585644127;0.011222911154532908;22.523127732279185;2.677108772219023;7.166911378292044;-36.462147;-14.199114;-20.355305436352822;-20.06437;-0.13151896838835625;2.9271880522489417;8.568429893228954;-40.74151;22.345537;-16.51703178736855;-16.4646;-0.17722240230157563;3.8382736489842735;0.5544008;DIFF;5.075456e+08;DIFF;0.8114363;0.8170444;2.20722669273;49.7136487346;SEEPAGE SLICK
25 S1B_IW_GRDH_1SDV_20200904T120035_NR_Orb_Cal_TC.tif;1;SP00443GXS1;SENTINEL-1;IW;IMG_25_WIN_001;IMG_25_WIN_001;800;600;800;600;1;1;800;600;0;0;0;0;0;1;1;1;3;1;1;19.541799315622768;-92.17987813151511;15Q;0.21886328816395753;6.260040390264084;179.05289652040977;0.3671821521123522;14.248576778072422;2.2376265841452883;4.499463727747634;8.30590066525463;8.712909618322538;17.25406313998021;11.120942254054773;17.655511948907918;0.07018244808414348;28.60251457784225;2.5484699152870687;6.4946989091232785;-34.161655;-14.142917;-19.83425861515411;-19.483398;-0.12848828709634466;2.5697462999937324;6.603596046331477;-41.65678;1.9907128;-17.097266725352114;-16.950745;-0.15030158570219118;2.7369918898019954;0.43940482;DIFF;1.6330445e+06;DIFF;0.8620068;0.8645815;0.218863288164;6.26004039026;OIL SPILL
25 S1B_IW_GRDH_1SDV_20200904T120035_NR_Orb_Cal_TC.tif;2;SP00444GXS1;SENTINEL-1;IW;IMG_25_WIN_002;IMG_25_WIN_002;800;600;800;600;1;1;800;600;0;0;0;0;0;2;1;1;3;2;2;19.49141013938524;-91.98246488497567;15Q;0.28718657491951094;11.161009933592512;433.75336320182487;0.38428629735797604;34.516995918152325;2.409375261228562;4.958846073675379;7.709890765095047;7.893168689791137;15.695377709612075;10.436656370521424;-16.947386761940898;0.028971234993080748;38.863271852873275;2.432009485508877;5.914670137605153;-29.82392;-13.7191;-19.57920610313316;-19.24604;-0.12421389675854605;2.536591661748704;6.434297258453052;-33.95093;6.9563107;-17.11316292360848;-17.028212;-0.14822459606513452;2.4660431795246787;0.40169775;DIFF;3.105151e+06;DIFF;0.87404776;0.87685865;0.28718657492;11.1610099336;OIL SPILL
25 S1B_IW_GRDH_1SDV_20200904T120035_NR_Orb_Cal_TC.tif;3;SP00445GXS1;SENTINEL-1;IW;IMG_25_WIN_002;IMG_25_WIN_002;800;600;800;600;1;1;800;600;0;0;0;0;0;2;1;1;3;2;2;19.486204790115526;-91.95895962882196;15Q;0.04086783695782533;1.8513110470788567;83.86430132265532;0.2637906927511607;6.673709052224385;2.1807180018290055;4.410902540609665;6.236893697552389;6.250118236145544;12.493625952808639;8.457258476190674;-15.040506276114934;0.14984171353210166;45.29995186653424;2.4157083914493014;5.835647032518571;-28.669256;-14.889319;-20.018044008027523;-19.852087;-0.12067654514499856;2.689323055357577;7.232458496077815;-27.622284;-3.1049287;-17.249318457189016;-17.154299;-0.1559089457378964;2.768725550838507;0.46190214;DIFF;53539.0;DIFF;0.86168844;0.8658168;0.0408678369578;1.85131104708;OIL SPILL
26 S1B_IW_GRDH_1SDV_20200907T001518_NR_Orb_Cal_TC.tif;0;OS03057GXS1;SENTINEL-1;IW;IMG_26_WIN_003;IMG_26_WIN_003;800;600;800;600;1;1;800;600;0;0;0;0;0;3;1;1;3;1;1;19.28717276749829;-92.9735540090332;15Q;0.1320953632227101;3.4861108697957555;92.00148059715359;0.42127680545321705;7.321245204405047;2.8974180875210025;6.08558921129605;9.224215576475647;9.626330503213318;19.053149949397717;12.736937728979042;-20.12609163441787;0.1365887867542423;26.390864786966393;2.868531811099965;8.228474751292445;-32.96371;-9.746174;-18.224252874200996;-17.787071;-0.15740188807195366;2.547000709203102;6.487212612681105;-25.653864;-7.8959074;-14.943427998310812;-14.712095;-0.17044286689044924;3.2808248758901843;0.5201167;DIFF;212199.0;DIFF;0.8199748;0.82168347;0.132095363223;3.48611086979;SEEPAGE SLICK
26 S1B_IW_GRDH_1SDV_20200907T001518_NR_Orb_Cal_TC.tif;1;OS03058GXS1;SENTINEL-1;IW;IMG_26_WIN_001;IMG_26_WIN_001;800;600;800;600;1;1;800;600;0;0;0;0;0;1;1;1;3;1;1;19.559309662759876;-92.88809345192854;15Q;0.1547341167411782;4.0966768609857915;108.46193235722352;0.9914212348369662;8.631126335975456;2.5887301871646833;5.246873519811615;8.116668647292922;8.209773184721493;16.373024954988686;10.85385265002104;18.296729118156936;0.11585973383704203;26.475588882820528;2.6904621930675154;7.238586812325665;-28.722141;-12.668982;-17.82259666313559;-17.460068;-0.15095792402868488;2.5205303393453793;6.353073191560533;-34.549343;-8.126917;-15.091388924703455;-14.83171;-0.16701778424247374;2.7312077384321363;0.43178818;DIFF;626483.0;DIFF;0.8467559;0.8488673;0.154734116741;4.09667686098;SEEPAGE SLICK
26 S1B_IW_GRDH_1SDV_20200907T001518_NR_Orb_Cal_TC.tif;2;SP00446GXS1;SENTINEL-1;IW;IMG_26_WIN_002;IMG_26_WIN_002;800;600;800;600;1;1;800;600;0;0;0;0;0;2;1;1;3;3;3;19.51807815960139;-92.19303712666536;15Q;0.08489615045476474;2.3135622852666593;63.04844706310094;0.8406529378535595;5.017236002180103;2.7888239332922224;5.878750435710404;9.002139898597033;9.78422054168254;-19.443680329406046;-13.406935172794386;19.252809949935724;0.199312928386362;27.251674815330947;3.1927765968865587;10.193822397626514;-36.63891;-15.431367;-21.63783665707237;-21.201683;-0.14755525921964077;2.4207302085162437;5.859934742423096;-32.52037;-12.325994;-18.79913979388298;-18.625954;-0.12876813700294526;2.8386968631893907;0.39387363;DIFF;132597.0;DIFF;0.86880875;0.8665988;0.0848961504548;2.31356228527;OIL SPILL
26 S1B_IW_GRDH_1SDV_20200907T001518_NR_Orb_Cal_TC.tif;3;SP00447GXS1;SENTINEL-1;IW;IMG_26_WIN_002;IMG_26_WIN_002;800;600;800;600;1;1;800;600;0;0;0;0;0;2;1;1;3;3;3;19.50967726417526;-92.17526424975807;15Q;0.061286338587303674;2.843325901820129;131.91361028110214;1.1580418271619195;10.497351568667636;2.3057945821710657;4.749567434024563;8.004542084775506;8.236479028483972;16.36841140853504;10.659974834637419;-17.002184901760653;0.09526212335164497;46.39412252976659;3.064012335903157;9.38817159456672;-33.228695;-16.617212;-21.448864965381738;-20.854038;-0.14285195700790895;2.8001790126276958;7.841002502760618;-35.0182;-12.559175;-18.729038958159432;-18.319176;-0.14951002125006413;2.7198260072223057;0.42132598;DIFF;152608.0;DIFF;0.8731948;0.8740273;0.0612863385873;2.84332590182;OIL SPILL
26 S1B_IW_GRDH_1SDV_20200907T001518_NR_Orb_Cal_TC.tif;4;SP00448GXS1;SENTINEL-1;IW;IMG_26_WIN_002;IMG_26_WIN_002;800;600;800;600;1;1;800;600;0;0;0;0;0;2;1;1;3;3;3;19.498513076213467;-92.178245847326;15Q;0.06728816587604566;2.205137860205968;72.26579769571093;1.0599381014156557;5.750729459875647;2.5657189157949563;5.250461512677074;8.392247399140933;8.134135931413645;16.40049694301066;10.760080142443156;17.316802651333262;0.17389098321826182;32.7715554659068;3.345967432816405;11.195498061468003;-39.550064;-16.434921;-21.466876019488325;-20.886005;-0.1558665280303863;2.807217716875275;7.880471309938433;-33.54042;-12.444432;-18.866158179437708;-18.464676;-0.14879646879749325;2.600717840050617;0.40828353;DIFF;123491.0;DIFF;0.87884974;0.87792516;0.067288165876;2.2051378602;OIL SPILL
