IMG_FNAME;IDX_POLY;ID_POLY;SATELITE;BEAM_MODE;RESULT_BASENAME;COMPOSITE_BASENAME;TARGET_TILE_WIDTH;TARGET_TILE_HEIGHT;CLIPPED_WIDTH;CLIPPED_HEIGHT;GRID_COLS;GRID_ROWS;COMPOSITE_WIDTH;COMPOSITE_HEIGHT;PAD_LEFT;PAD_RIGHT;PAD_TOP;PAD_BOTTOM;IS_COMPOSITE;PANEL_INDEX;PANEL_ROW;PANEL_COL;PANEL_COUNT;POLYS_IN_PANEL;POLYS_IN_GROUP;CENTR_KM_LAT;CENTR_KM_LON;UTM_ZONE;AREA_KM2;PERIM_KM;COMPLEX_MEAS;SPREAD;SHP_FACT;HU_MOM1;HU_MOM2;HU_MOM3;HU_MOM4;HU_MOM5;HU_MOM6;HU_MOM7;CIRCULARITY;PERI_AREA_RATIO;FG_STD;FG_VAR;FG_MIN;FG_MAX;FG_MEAN;FG_MEDIAN;FG_VAR_COEF;BG_STD;BG_VAR;BG_MIN;BG_MAX;BG_MEAN;BG_MEDIAN;BG_VAR_COEF;FG_DARK_INTENS;FG_BG_KS_STAT;FG_BG_KS_RES;FG_BG_MW_STAT;FG_BG_MW_RES;FG_BG_RAT_ARI;FG_BG_RAT_QUA;AREA_KM_DS;PERIM_KM_DS;CLASSE
01 S1A_IW_GRDH_1SDV_20200117T001541_8b.tif;0;OS03000GXS1;SENTINEL-1;IW;IMG_01_WIN_001;IMG_01_WIN_001;800;600;800;600;1;1;800;600;0;0;0;0;0;1;1;1;2;1;1;19.378354518621073;-92.03514190820677;15Q;1.3408266240441802;29.890669524289763;666.3442600173679;1.3618420730654393;53.02599139133764;2.789984914943119;6.021730151320097;8.619279173703035;8.640628060812503;17.270753508929175;11.654389708469756;18.82149416518056;0.01885867616542782;22.29271778191128;5.06432559267773;25.647393708650647;4;37;18.181869054280916;18.0;0.27853712825444293;20.689995991078817;428.0759341108576;15;255;44.01531856249338;41.0;0.4700635293983607;25.83344950821246;0.9067227050779774;DIFF;66743705.0;DIFF;2.4208357474739364;2.576858910318829;1.34082662404;29.8906695243;SEEPAGE SLICK
01 S1A_IW_GRDH_1SDV_20200117T001541_8b.tif;1;SP00100GXS1;SENTINEL-1;IW;IMG_01_WIN_002;IMG_01_WIN_002;800;600;800;600;1;1;800;600;0;0;0;0;0;2;1;1;2;1;1;19.295759963650884;-92.20346495316124;15Q;0.09457973672169068;2.717161303613173;78.06075387562005;0.9191274374272502;6.211877420392379;2.751366107069917;5.644126242352653;9.806323126499;10.748793069363439;-21.02834753771804;-13.573147017248653;22.04560518203797;0.16098192741492218;28.728789038699304;4.461743544263218;19.907155454774504;12;35;22.46031746031746;22.0;0.19865006592832704;44.00115200478911;1936.101377748557;15;255;54.65982905982906;43.0;0.8049998099450097;32.199511599511595;0.839133089133089;DIFF;143143.0;DIFF;2.4336178309323184;3.064290672098974;0.0945797367217;2.71716130361;OIL SPILL
02 S1A_IW_GRDH_1SDV_20200210T001540_8b.tif;0;OS03001GXS1;SENTINEL-1;IW;IMG_02_WIN_006;IMG_02_WIN_006;800;600;800;600;1;1;800;600;0;0;0;0;0;6;1;1;9;2;2;19.408238947841863;-92.09811868995673;15Q;11.725072387852121;138.68753857842475;1640.4362140117678;0.5258813751313831;130.54176614346358;1.8319745550639566;4.016107035472987;5.849382671701325;6.345339049160085;12.445711721471875;8.643678987267128;-13.373167311699195;0.007660383565678237;11.828288473691076;7.461295099064634;55.67092455532592;2;45;15.476071657069738;15.0;0.482118154037894;22.688533792950246;514.7695656738452;7;255;47.424082063474174;44.0;0.47841798524604146;31.948010406404435;0.9043287736110912;DIFF;15113070336.0;DIFF;3.0643488292334204;3.059927103020041;11.7250723879;138.687538578;SEEPAGE SLICK
02 S1A_IW_GRDH_1SDV_20200210T001540_8b.tif;1;OS03002GXS1;SENTINEL-1;IW;IMG_02_WIN_003;IMG_02_WIN_003;800;600;800;600;1;1;800;600;0;0;0;0;0;3;1;1;9;1;1;19.54447328230484;-92.8980755424068;15Q;0.12065092166218506;3.878978478448782;124.71080891033722;1.6748340359873142;9.924170847534478;2.625549778727128;5.340055571141625;8.74469025571676;9.354083633991191;18.542564336076314;12.612446226087147;-18.566041050406334;0.10076408552039752;32.15042558323488;13.428222368352438;180.31715597392076;30;93;62.75155279503105;65.0;0.21399028024396147;26.004218432276613;676.2193762735546;47;200;116.59735682819384;113.0;0.2230257969792044;53.845804033162786;0.8811256737899144;DIFF;359545.0;DIFF;1.858079228876493;1.8615837608248416;0.120650921662;3.87897847845;SEEPAGE SLICK
02 S1A_IW_GRDH_1SDV_20200210T001540_8b.tif;2;OS03003GXS1;SENTINEL-1;IW;IMG_02_WIN_009;IMG_02_WIN_009;800;600;800;600;1;1;800;600;0;0;0;0;0;9;1;1;9;1;1;19.283619499530186;-92.98353218604805;15Q;0.09607133466250674;2.8242629997456343;83.02644612727694;1.0530450339282063;6.607034654254537;2.9925967554761392;6.409999246950998;10.460116170539463;10.550643277119496;21.057574537744646;13.909121332241607;22.1297944254498;0.1513538300205614;29.39756181869559;15.60623042571735;243.55442810058594;16;99;56.41015625;56.0;0.2766563942236439;26.571935567830213;706.0677598209203;61;216;112.4226618705036;108.0;0.23635746677513875;56.0125056205036;0.8820537320143885;DIFF;140368.5;DIFF;1.9929507263242796;1.9737215928931406;0.0960713346626;2.82426299975;SEEPAGE SLICK
02 S1A_IW_GRDH_1SDV_20200210T001540_8b.tif;3;SP00101GXS1;SENTINEL-1;IW;IMG_02_WIN_007;IMG_02_WIN_007;800;600;800;600;1;1;800;600;0;0;0;0;0;7;1;1;9;7;7;19.394136501783272;-92.04909251351864;15Q;0.6815985680057243;9.492618641207917;132.2036355373494;0.645822402590602;10.520431045244258;2.9194282742774282;6.233288840911827;10.74425477157842;10.027899287653742;-20.604116100810295;13.159266685745312;-20.53099352165907;0.09505313952435894;13.926993228554135;6.760517638699951;45.70459874317316;3;40;15.523390203632362;15.0;0.4355052311393962;52.34785294124691;2740.297707558413;13;255;59.034813925570226;43.0;0.8867285159439295;43.51142372193787;0.89795037442605;DIFF;4493122.0;DIFF;3.802958835097536;4.659990080379287;0.681598568006;9.49261864122;OIL SPILL
02 S1A_IW_GRDH_1SDV_20200210T001540_8b.tif;4;SP00102GXS1;SENTINEL-1;IW;IMG_02_WIN_007;IMG_02_WIN_007;800;600;800;600;1;1;800;600;0;0;0;0;0;7;1;1;9;7;7;19.34728609391036;-92.05198983656707;15Q;0.06528965537083373;1.5818752868015442;38.32658341938976;0.7070335916038974;3.0499326015098784;2.9291981522730746;6.074080161281883;10.224567356187961;10.939738384244464;21.967172160310348;-14.587227025035267;21.55179703315893;0.32787609782096394;24.228574615944463;5.374912240770413;28.88968159598362;7;32;19.563218390804597;20.0;0.2747458078419659;9.515388920455061;90.54262630751893;20;72;40.18725099601593;39.0;0.2367763080236166;20.624032605211337;0.8880569675321701;DIFF;43126.0;DIFF;2.05422493340387;2.0355917534102077;0.0652896553708;1.5818752868;OIL SPILL
02 S1A_IW_GRDH_1SDV_20200210T001540_8b.tif;5;SP00103GXS1;SENTINEL-1;IW;IMG_02_WIN_007;IMG_02_WIN_007;800;600;800;600;1;1;800;600;0;0;0;0;0;7;1;1;9;7;7;19.36411511888792;-92.00920344388186;15Q;0.1508298680663965;3.6765073090802156;89.6155792417062;0.6217622650800123;7.131381207180493;2.854497523143132;6.127770737292662;9.733505968770126;10.147482651970138;20.09694594930197;-13.692442391109946;-20.784451482001465;0.1402252902976373;24.375194092603646;6.3427553189456995;40.230545036013964;6;36;18.20149253731343;18.0;0.34847446196749643;17.583339414316118;309.17382495904263;15;255;39.07180020811654;36.0;0.45002634433679;20.87030767080311;0.8002754179156247;DIFF;374218.5;DIFF;2.14662616969562;2.222881425783123;0.150829868066;3.67650730908;OIL SPILL
02 S1A_IW_GRDH_1SDV_20200210T001540_8b.tif;6;SP00104GXS1;SENTINEL-1;IW;IMG_02_WIN_007;IMG_02_WIN_007;800;600;800;600;1;1;800;600;0;0;0;0;0;7;1;1;9;7;7;19.361711997081365;-92.0371409455546;15Q;0.05853093109529504;1.4685794396327103;36.84762108090387;0.5506076951849187;2.9322405181014894;3.0679182604793893;6.683318538745831;9.734455756650156;10.101057489595913;20.021164235841912;13.442949337230754;21.002819964540794;0.34103614414531747;25.09065569522028;7.255422035635651;52.64114891518737;4;32;16.78846153846154;17.0;0.4321671773803595;6.856183920188581;47.00725794745246;19;61;34.45783132530121;33.5;0.1989731697117665;17.669369786839667;0.8459221501390176;DIFF;25229.0;DIFF;2.0524710525952607;1.9209902254203193;0.0585309310952;1.46857943963;OIL SPILL
02 S1A_IW_GRDH_1SDV_20200210T001540_8b.tif;7;SP00105GXS1;SENTINEL-1;IW;IMG_02_WIN_007;IMG_02_WIN_007;800;600;800;600;1;1;800;600;0;0;0;0;0;7;1;1;9;7;7;19.337615266544102;-92.01420861422702;15Q;0.11257717481113018;4.766008738996285;201.77126791729725;0.746759034454011;16.05644733147851;1.8119726520465016;3.6437670553330124;6.5865768894746015;6.591068033019498;13.179891824502942;8.418161038779436;-15.786303904490792;0.062280277782215857;42.335480056167505;4.633112704579216;21.465733333333336;11;39;22.26;23.0;0.20813624009789827;9.33828705725189;87.20360516363816;15;91;38.726933647428346;38.0;0.24113158925176087;16.466933647428345;0.8151511582253632;DIFF;1468422.5;DIFF;1.7397544316005544;1.7520702619769553;0.112577174811;4.76600873899;OIL SPILL
02 S1A_IW_GRDH_1SDV_20200210T001540_8b.tif;8;SP00106GXS1;SENTINEL-1;IW;IMG_02_WIN_008;IMG_02_WIN_008;800;600;800;600;1;1;800;600;0;0;0;0;0;8;1;1;9;3;3;19.296416075087706;-92.19723245192002;15Q;8.470879214592985;44.31324455211464;231.81343907639098;0.46558726184866495;18.447127352069778;2.6846489592374114;5.521581475734512;8.428398465802381;9.007806971183502;17.900285238492184;12.640863585335918;-17.854928338114163;0.05420898229380953;5.231245001790978;6.127771548775334;37.549584153980454;2;68;11.750686752326096;10.0;0.5214819931747663;28.631327735048323;819.7529278717473;5;255;53.01024041339761;49.0;0.5401093734298957;41.259553661071514;0.9522565227848973;DIFF;1429242984.0;DIFF;4.511246153583663;4.546178653020139;8.47087921459;44.3132445521;OIL SPILL
02 S1A_IW_GRDH_1SDV_20200210T001540_8b.tif;9;SP00107GXS1;SENTINEL-1;IW;IMG_02_WIN_008;IMG_02_WIN_008;800;600;800;600;1;1;800;600;0;0;0;0;0;8;1;1;9;3;3;19.26076912101369;-92.21578622037246;15Q;0.02852989476668061;1.6638120112781667;97.03051593819742;0.19108411862574726;7.721443121160528;1.759694893148337;3.5433748238692835;5.123821961466872;5.167563799857237;10.31329274024144;6.951540209797828;-12.203140679926348;0.12950946918970513;58.31819657537936;4.254295531684903;18.09903047091413;13;35;21.92105263157895;23.0;0.19407350564709042;12.028977523529859;144.69630026158652;17;94;45.222591362126245;44.0;0.26599487471220157;23.301538730547296;0.9016873579297079;DIFF;89968.5;DIFF;2.0629753562554587;2.0956090267282534;0.0285298947667;1.66381201127;OIL SPILL
02 S1A_IW_GRDH_1SDV_20200210T001540_8b.tif;10;SP00108GXS1;SENTINEL-1;IW;IMG_02_WIN_008;IMG_02_WIN_008;800;600;800;600;1;1;800;600;0;0;0;0;0;8;1;1;9;3;3;19.236584365804934;-92.27087561950259;15Q;0.15055085029024207;5.027530077840382;167.8905076581157;0.5871917189956622;13.36030209599841;2.617524428705128;5.723960371305177;8.303021085222369;8.2396587634858;16.577540502928958;11.338898990128786;-16.800250477451666;0.07484860692629948;33.394232368319216;4.924293615107501;24.248667607788505;10;36;21.64588528678304;22.0;0.22749328797904472;13.453457177958972;180.99551003917577;13;94;47.01908200103146;46.0;0.28612760193114456;25.373196714248415;0.875004340618284;DIFF;762977.0;DIFF;2.1721949173287576;2.203074644722049;0.15055085029;5.02753007785;OIL SPILL
02 S1A_IW_GRDH_1SDV_20200210T001540_8b.tif;11;SP00109GXS1;SENTINEL-1;IW;IMG_02_WIN_005;IMG_02_WIN_005;800;600;800;600;1;1;800;600;0;0;0;0;0;5;1;1;9;1;1;19.491499479165267;-92.36605870313598;15Q;1.104314780585973;27.805573055753758;700.1173094401667;0.14810462780898706;55.713565270800295;1.991164716897737;3.9915143188379703;7.6630428383379625;8.57683718759693;-16.870995256781697;-10.693456190780005;16.8259237375723;0.017948950047253644;25.179028248629912;6.628539131924893;43.93753102345961;7;53;26.280040733197556;26.0;0.25222712549115534;12.83183673391711;164.65603396590453;19;132;52.18179023940439;51.0;0.24590641055138265;25.901749506206837;0.8555261396854734;DIFF;84502960.0;DIFF;1.9856053789706325;1.982664272144992;1.10431478059;27.8055730558;OIL SPILL
02 S1A_IW_GRDH_1SDV_20200210T001540_8b.tif;12;SP00110GXS1;SENTINEL-1;IW;IMG_02_WIN_002;IMG_02_WIN_002;800;600;800;600;1;1;800;600;0;0;0;0;0;2;1;1;9;7;7;19.522481529084782;-92.19281844516972;15Q;0.13905356566422183;3.1761548816965304;72.54729344290601;1.139387844097187;5.773130179688369;2.7600955769445408;5.802815581902468;8.326805911191695;8.571234986232309;17.036065791903166;11.475650339048979;17.597018971425364;0.1732162568442168;22.841232920025348;6.7983192482266785;46.217144600809355;4;38;16.2911051212938;16.0;0.4173025216896257;22.717888829522217;516.1024728705303;19;255;49.79607109448082;46.0;0.4562184993755495;33.504965973187026;0.9120824812972298;DIFF;393761.0;DIFF;3.056641690280011;3.100574157421691;0.139053565664;3.1761548817;OIL SPILL
02 S1A_IW_GRDH_1SDV_20200210T001540_8b.tif;13;SP00111GXS1;SENTINEL-1;IW;IMG_02_WIN_002;IMG_02_WIN_002;800;600;800;600;1;1;800;600;0;0;0;0;0;2;1;1;9;7;7;19.55757797818057;-92.19590875340836;15Q;0.24057497935197908;7.191283330239431;214.96232099896505;0.5810453542371989;17.106157982746012;2.2855301766992517;4.623094082063453;7.660510860953506;7.905975926625857;15.695859590031107;10.32525978774131;16.44981529570046;0.05845848033255872;29.892066704568013;4.859664557599352;23.616339612387304;6;45;20.95482866043614;21.0;0.23191144324528237;12.011587236590197;144.27822794221652;14;106;42.450139609094535;41.0;0.28295754377252574;21.495310948658396;0.836310666582168;DIFF;3129490.0;DIFF;2.025792732404571;2.050899467794387;0.240574979352;7.19128333024;OIL SPILL
02 S1A_IW_GRDH_1SDV_20200210T001540_8b.tif;14;SP00112GXS1;SENTINEL-1;IW;IMG_02_WIN_002;IMG_02_WIN_002;800;600;800;600;1;1;800;600;0;0;0;0;0;2;1;1;9;7;7;19.559995699263784;-92.28492976310727;15Q;0.17611293611584708;6.106703949536257;211.7495395270178;0.2052999675037524;16.85049295657878;2.4040206898747525;4.9086953759018614;7.668145175286765;7.691429227315102;15.371366342008466;10.146311966372895;16.951748322799524;0.059345444823296956;34.67493123571154;5.356142000537611;28.68825712992304;7;34;20.493617021276595;21.0;0.26135659678703044;9.988664832956864;99.77342514514919;13;94;39.13589918256131;38.0;0.2552302372397705;18.642282161284715;0.8337381877210274;DIFF;1337473.5;DIFF;1.909662854630795;1.906832125356117;0.176112936116;6.10670394953;OIL SPILL
02 S1A_IW_GRDH_1SDV_20200210T001540_8b.tif;15;SP00113GXS1;SENTINEL-1;IW;IMG_02_WIN_002;IMG_02_WIN_002;800;600;800;600;1;1;800;600;0;0;0;0;0;2;1;1;9;7;7;19.567750030125815;-92.2499054753053;15Q;0.3091240492534988;8.547487994085571;236.34379526752417;0.3719188815796598;18.80764164296269;2.5763206974458273;5.30768809225766;8.037037385949228;8.343285293142017;16.541509940540585;11.077096338938485;-17.252586348362723;0.05316987738195092;27.65067297328316;5.849480210478737;34.21641873278237;5;36;19.345454545454544;20.0;0.3023697477221152;30.475630862223472;928.7640764505077;15;255;48.7661996497373;42.0;0.6249334801791888;29.42074510428276;0.8609011303932494;DIFF;2766480.5;DIFF;2.5208091924206313;2.845342609704002;0.309124049253;8.54748799409;OIL SPILL
02 S1A_IW_GRDH_1SDV_20200210T001540_8b.tif;16;SP00114GXS1;SENTINEL-1;IW;IMG_02_WIN_002;IMG_02_WIN_002;800;600;800;600;1;1;800;600;0;0;0;0;0;2;1;1;9;7;7;19.524377031656336;-92.18212390907757;15Q;0.03335764377961964;1.122240576819128;37.75518200805277;0.9914945720929528;3.004461921957895;2.906391428100157;5.962269000212754;10.327414370809244;10.808736698823726;21.40295035679641;13.887653376771185;21.84949017477378;0.33283830049286744;33.64268124671257;4.911256391033496;24.120439338467364;10;34;20.0561797752809;20.0;0.24487496851651605;10.807642671990644;116.80514012543308;22;67;41.94701986754967;41.0;0.2576498331971246;21.89084009226877;0.8862266537688815;DIFF;13203.0;DIFF;2.0914760606229246;2.097800027831653;0.0333576437796;1.12224057682;OIL SPILL
02 S1A_IW_GRDH_1SDV_20200210T001540_8b.tif;17;SP00115GXS1;SENTINEL-1;IW;IMG_02_WIN_002;IMG_02_WIN_002;800;600;800;600;1;1;800;600;0;0;0;0;0;2;1;1;9;7;7;19.58881812995478;-92.22015885776236;15Q;0.41286722798352155;12.02845844636966;350.43666047966457;0.24304650848218326;27.88686337797743;1.9784179948454876;3.97261844386446;6.87219844517791;6.938494952016297;13.84393084579315;8.962449155530834;15.537092711974177;0.035859178081308035;29.13396276356849;5.261723942590253;27.685738848027512;8;37;20.736842105263158;21.0;0.2537379566223726;21.72289747587561;471.88427474740286;14;255;43.57321906802357;40.0;0.498537816128831;22.83637696276041;0.8522549933558013;DIFF;10033422.0;DIFF;2.1012466048031673;2.275774843154966;0.412867227983;12.0284584464;OIL SPILL
02 S1A_IW_GRDH_1SDV_20200210T001540_8b.tif;18;SP00116GXS1;SENTINEL-1;IW;IMG_02_WIN_002;IMG_02_WIN_002;800;600;800;600;1;1;800;600;0;0;0;0;0;2;1;1;9;7;7;19.58919385033845;-92.25800509311271;15Q;0.14985842028174706;6.25898355405206;261.4125723215414;0.41436508344345674;20.80255153567045;1.4970677949100226;3.020894081825958;5.0936234061605745;5.128264040143812;10.239208818563956;6.6525419949828;-12.89590407477741;0.04807102620490015;41.765978463436475;5.163815812942983;26.664993749999997;8;40;21.4975;22.0;0.2402054105334566;14.010845691763707;196.30379699841362;15;122;49.51120744343413;48.0;0.2829833166111108;28.013707443434132;0.8891229646859802;DIFF;3725246.5;DIFF;2.303114661864595;2.3273540759936875;0.149858420282;6.25898355404;OIL SPILL
02 S1A_IW_GRDH_1SDV_20200210T001540_8b.tif;19;SP00117GXS1;SENTINEL-1;IW;IMG_02_WIN_001;IMG_02_WIN_001;800;600;800;600;1;1;800;600;0;0;0;0;0;1;1;1;9;3;3;19.60783301390306;-92.33902120091804;15Q;0.0820356605585747;1.7414874670553881;36.969027582164;1.1017520548739919;2.941901740501011;3.0804882019612903;7.458154270501918;9.66308491275406;10.048935990491625;19.90919582946026;13.824778898236689;-20.76128166860539;0.33991617946753666;21.228420118735315;6.781905729536943;45.994245324326016;4;32;15.506849315068493;15.0;0.4373490443959336;25.136787939110516;631.8581078958118;20;255;43.79611650485437;39.0;0.5739501568894665;28.289267189785875;0.8850467704038657;DIFF;66965.5;DIFF;2.8243078664791246;2.983575795232845;0.0820356605586;1.74148746706;OIL SPILL
02 S1A_IW_GRDH_1SDV_20200210T001540_8b.tif;20;SP00118GXS1;SENTINEL-1;IW;IMG_02_WIN_001;IMG_02_WIN_001;800;600;800;600;1;1;800;600;0;0;0;0;0;1;1;1;9;3;3;19.637080428516835;-92.36737793202903;15Q;0.06291966511698263;2.6287305394964613;109.82614475829783;0.23262909150001237;8.739686909504575;1.7990405610421762;3.621603545484069;6.0003555643340105;6.009245268739002;12.014045724350373;7.821364649883631;15.386474114560595;0.11442057482774136;41.77915655795411;4.86174720490008;23.636585884353742;8;32;21.017857142857142;21.0;0.2313150751694176;17.447438365207912;304.413105507729;18;255;40.511168384879724;38.0;0.4306821812554768;19.493311242022582;0.8270127638684339;DIFF;190742.5;DIFF;1.9274642562049826;2.044636518511117;0.062919665117;2.6287305395;OIL SPILL
02 S1A_IW_GRDH_1SDV_20200210T001540_8b.tif;21;SP00119GXS1;SENTINEL-1;IW;IMG_02_WIN_006;IMG_02_WIN_006;800;600;800;600;1;1;800;600;0;0;0;0;0;6;1;1;9;2;2;19.450313563702863;-92.08808817069034;15Q;0.04349875616608636;1.7026390592908607;66.64511865934792;0.6856744501685593;5.303450033790565;2.9448002131561144;6.606116859879728;9.686824532365522;10.32635043160513;20.3355745297063;13.632950024872754;-21.292108594404432;0.18855650446946218;39.14224702862462;4.803789873241175;23.076397146254457;10;34;21.46551724137931;21.0;0.22379101417509087;11.886530608118594;141.28960989774018;19;85;38.57303370786517;36.5;0.30815648823843717;17.107516466485862;0.7598798915149166;DIFF;19482.0;DIFF;1.7969766707278554;1.834974173399657;0.0434987561661;1.70263905929;OIL SPILL
02 S1A_IW_GRDH_1SDV_20200210T001540_8b.tif;22;SP00120GXS1;SENTINEL-1;IW;IMG_02_WIN_007;IMG_02_WIN_007;800;600;800;600;1;1;800;600;0;0;0;0;0;7;1;1;9;7;7;19.41467574512882;-92.05447190356804;15Q;0.0405082250828155;1.4326272974297076;50.66677123336691;0.7786896409727416;4.031933546148295;2.951371371339759;6.434132333056163;9.870305612034329;10.359765578355562;-20.499484104565177;13.93578723629139;-20.959204541143485;0.24801996078415028;35.36633102291762;5.727942723732919;32.80932784636489;9;35;20.925925925925927;20.5;0.2737246965323695;11.587563248481107;134.27162203755003;17;81;38.01754385964912;36.0;0.30479515697435305;17.091617933723196;0.6807992202729044;DIFF;22881.0;DIFF;1.8167675826734977;1.8318945824081125;0.0405082250829;1.43262729743;OIL SPILL
02 S1A_IW_GRDH_1SDV_20200210T001540_8b.tif;23;SP00121GXS1;SENTINEL-1;IW;IMG_02_WIN_004;IMG_02_WIN_004;800;600;800;600;1;1;800;600;0;0;0;0;0;4;1;1;9;1;1;19.509174391498945;-91.9784763274931;15Q;0.3227696052227279;4.725935522550635;69.19631279374649;0.7182170057293984;5.506467612428856;3.101914357957042;7.32944402708745;11.142352278412693;12.188901027066333;23.919439900383377;16.153023735318463;24.148389802383537;0.18160462757337612;14.64182328843973;7.153698655026398;51.1754044469265;3;37;17.46225319396051;18.0;0.4096664144980199;7.204913510808082;51.91077869822485;16;61;33.824615384615385;33.0;0.21300799517989874;16.362362190654874;0.7862556955239882;DIFF;805241.5;DIFF;1.9370132255506383;1.8326474456559365;0.322769605223;4.72593552255;OIL SPILL
04 S1A_IW_GRDH_1SDV_20200609T001544_8b.tif;0;OS03004GXS1;SENTINEL-1;IW;IMG_04_WIN_004;IMG_04_WIN_004;800;600;800;600;1;1;800;600;0;0;0;0;0;4;1;1;13;3;3;19.443380978645155;-91.96512500793612;15Q;21.117891408983773;199.4325685361298;1883.3958666914114;0.9473401458442854;149.87588099139126;2.3101908406683735;6.204525091401348;7.11802883046982;7.716705434758415;15.459355960164942;11.88241108910735;15.189024248200685;0.006672187635430408;9.443772802586203;2.261117714984618;5.112653321017261;1;18;4.681157876043332;4.0;0.4830253058877367;13.114369267193258;171.98668127630302;2;255;25.07791796787136;24.0;0.5229448985356266;20.39676009182803;0.9550037299183041;DIFF;21427272328.0;DIFF;5.357204057614062;5.4437233745817215;21.117891409;199.432568536;SEEPAGE SLICK
04 S1A_IW_GRDH_1SDV_20200609T001544_8b.tif;1;OS03005GXS1;SENTINEL-1;IW;IMG_04_WIN_003;IMG_04_WIN_003;800;600;800;600;1;1;800;600;0;0;0;0;0;3;1;1;13;1;1;19.57041557216132;-92.89768755342118;15Q;0.3723856980411332;10.878068580854972;317.76831567981776;2.174054414443915;25.287199099214416;2.0891095202409256;4.19154897206483;6.495822658025375;6.518936300788308;13.026318761866136;8.621063672542563;15.457464569169028;0.03954570041848037;29.211832350375058;19.357407527405158;374.7092261820419;26;129;76.22434607645876;78.0;0.25395308092231084;31.57567998945353;997.023566796376;54;255;137.1901523840734;134.0;0.23015996003164435;60.96580630761464;0.8088463601533831;DIFF;11724647.5;DIFF;1.7998206537116284;1.7900565002169029;0.372385698041;10.8780685808;SEEPAGE SLICK
04 S1A_IW_GRDH_1SDV_20200609T001544_8b.tif;2;OS03006GXS1;SENTINEL-1;IW;IMG_04_WIN_009;IMG_04_WIN_009;800;600;800;600;1;1;800;600;0;0;0;0;0;9;1;1;13;1;1;19.292583685347125;-92.97920522667205;15Q;0.36062348415008977;8.196571188573367;186.2989577833191;3.68499275177012;14.825200012041782;2.448479260686312;4.926463665655079;7.39587539869684;7.412350868763384;14.816466299491116;9.876516120965848;-17.304262036212627;0.0674527155915434;22.728889129034073;22.64770163860885;512.918389511446;14;129;68.82206035379812;71.0;0.3290761933336827;36.526895204266644;1334.2140732634775;63;255;144.79756300193853;140.0;0.2522618091561225;75.9755026481404;0.8516658112813462;DIFF;3399425.0;DIFF;2.1039411237845558;2.0611194888782682;0.36062348415;8.19657118858;SEEPAGE SLICK
04 S1A_IW_GRDH_1SDV_20200609T001544_8b.tif;3;OS03007GXS1;SENTINEL-1;IW;IMG_04_WIN_010;IMG_04_WIN_010;800;600;800;600;1;1;800;600;0;0;0;0;0;10;1;1;13;1;1;19.214223444054007;-92.7263167120462;15Q;0.6893106291927201;24.002621690912957;835.8000350463327;0.6124281647993732;66.5108535070016;2.316839934151818;5.121432954195077;8.112380168874093;8.017231692377774;16.170348975300342;10.632941660103171;-16.320067778334643;0.015035140090252036;34.82119769286513;13.099766674223103;171.60388691908622;21;113;63.4880174291939;64.0;0.20633447388450651;27.935366081140597;780.3846780873406;47;255;114.02453337680332;110.0;0.2449943468641605;50.536515947609416;0.8369663095130917;DIFF;21905944.5;DIFF;1.7960008517193207;1.810967253841988;0.689310629193;24.0026216909;SEEPAGE SLICK
04 S1A_IW_GRDH_1SDV_20200609T001544_8b.tif;4;SP00122GXS1;SENTINEL-1;IW;IMG_04_WIN_006;IMG_04_WIN_006;800;600;800;600;1;1;800;600;0;0;0;0;0;6;1;1;13;7;7;19.40985484537889;-92.05769605866674;15Q;0.8495698204551064;9.460550282251006;105.34980114412988;2.2295338344483366;8.383470802918241;3.0128127097340824;6.357073083343716;10.997813529595694;11.696923891972368;23.108242126841468;15.44039243397553;23.340941720787843;0.11928233824729315;11.135694859291352;4.032602153940185;16.26188013196302;2;24;10.569977924944812;11.0;0.38151471862806563;7.582636653026072;57.496378611814436;8;76;25.658149438637242;24.0;0.29552546925335865;15.08817151369243;0.8510408093674124;DIFF;5740349.5;DIFF;2.4274553476677396;2.3649682229555347;0.849569820455;9.46055028226;OIL SPILL
04 S1A_IW_GRDH_1SDV_20200609T001544_8b.tif;5;SP00123GXS1;SENTINEL-1;IW;IMG_04_WIN_007;IMG_04_WIN_007;800;600;800;600;1;1;800;600;0;0;0;0;0;7;1;1;13;2;2;19.37893857698346;-91.99964945201381;15Q;0.20821782874096242;4.002593606357008;76.94228527174272;1.6354756336658318;6.122872516892294;2.7710446242940434;5.888813293630493;8.073844629931054;8.2774912787239;16.453734758896513;11.235383677082659;17.741791674603363;0.1633220350809389;19.223107024790444;4.361594643264832;19.02350783215648;2;24;9.174774774774775;9.0;0.47538983248467825;6.483102005646592;42.03061161561887;9;52;25.097365406643757;24.0;0.25831803062206643;15.922590631868982;0.8972756261416055;DIFF;958176.5;DIFF;2.7354748233871335;2.551615163297921;0.208217828741;4.00259360635;OIL SPILL
04 S1A_IW_GRDH_1SDV_20200609T001544_8b.tif;6;SP00124GXS1;SENTINEL-1;IW;IMG_04_WIN_006;IMG_04_WIN_006;800;600;800;600;1;1;800;600;0;0;0;0;0;6;1;1;13;7;7;19.396352365863045;-92.05173921334355;15Q;0.24907816625179313;10.031004254295754;403.97377202456875;1.1638626870848794;32.147211348594276;2.494501991858121;5.106426540672892;8.29976056846413;8.361809461772559;16.69349931770753;10.921766415571115;17.883137806502962;0.031106897240831058;40.27251527199462;3.1202664105461726;9.736062472782695;4;25;13.019578313253012;13.0;0.23965956004657704;7.097109227336;50.368959384737806;8;76;25.024498305968205;24.0;0.2836064539860677;12.004919992715193;0.8122281934618851;DIFF;2452939.0;DIFF;1.92206672934215;1.9428537711785603;0.249078166252;10.0310042543;OIL SPILL
04 S1A_IW_GRDH_1SDV_20200609T001544_8b.tif;7;SP00125GXS1;SENTINEL-1;IW;IMG_04_WIN_006;IMG_04_WIN_006;800;600;800;600;1;1;800;600;0;0;0;0;0;6;1;1;13;7;7;19.421698416123228;-92.03032720281367;15Q;2.4859285603888854;38.04723768885787;582.314519740661;1.3538847201938617;46.33911712545464;2.2731603005373278;4.598277225430003;7.505890139599895;8.446684487497965;-16.43568271839808;-10.758720211411692;-17.045584969099508;0.021580039975571477;15.305040657687268;4.437178673168847;19.68855457762445;2;29;7.977821363910682;7.0;0.5561892740844435;35.97397538686921;1294.1269051350719;2;255;34.045142625539825;28.0;1.056655152911077;26.067321261629143;0.8530304869162162;DIFF;463577388.0;DIFF;4.267473671389791;5.425687207920399;2.48592856039;38.0472376889;OIL SPILL
04 S1A_IW_GRDH_1SDV_20200609T001544_8b.tif;8;SP00126GXS1;SENTINEL-1;IW;IMG_04_WIN_013;IMG_04_WIN_013;800;600;800;600;1;1;800;600;0;0;0;0;0;13;1;1;13;6;6;19.486224968725182;-92.06326099756255;15Q;0.23994406355357337;5.384913173650374;120.85020757881342;6.017584212815413;9.616953954924895;1.6105573437470635;3.2266612799494725;4.697471851723553;4.699286201159706;9.397665228881367;6.312660662860153;13.512431879687295;0.10398302879342523;22.442368833384624;3.9940568641889667;15.952490234375;3;25;10.203125;10.0;0.3914542715284745;8.690703465979873;75.52832673359457;10;66;32.88392282958199;32.0;0.2642842677565773;22.68079782958199;0.932435691318328;DIFF;3962460.5;DIFF;3.222926586666535;3.104215780786709;0.239944063554;5.38491317365;OIL SPILL
04 S1A_IW_GRDH_1SDV_20200609T001544_8b.tif;9;SP00127GXS1;SENTINEL-1;IW;IMG_04_WIN_013;IMG_04_WIN_013;800;600;800;600;1;1;800;600;0;0;0;0;0;13;1;1;13;6;6;19.45133532853852;-92.02455646854557;15Q;0.298874479139193;10.623853852546231;377.63769929548545;1.0397931484178702;30.051453270363634;2.4036819733413193;5.333897218666226;7.629666897622322;8.748040135344548;16.940018534390333;11.467829770125462;-17.85941452693991;0.03327626091834259;35.54620616368669;3.5558786519390653;12.644272987315984;3;20;11.452948557089083;12.0;0.31047713470589783;9.203905226128203;84.71187141155005;6;71;30.172367717797968;29.0;0.30504418188894855;18.719419160708885;0.9126918689607675;DIFF;5887359.0;DIFF;2.6344628693125527;2.630442136698103;0.298874479139;10.6238538525;OIL SPILL
04 S1A_IW_GRDH_1SDV_20200609T001544_8b.tif;10;SP00128GXS1;SENTINEL-1;IW;IMG_04_WIN_013;IMG_04_WIN_013;800;600;800;600;1;1;800;600;0;0;0;0;0;13;1;1;13;6;6;19.43495941421987;-92.06452008900825;15Q;0.027377090372176192;1.1582633821031818;49.00352974268464;0.7276936743556545;3.8995769937494877;2.463812172950411;4.988789014029645;6.481668662917205;6.480779296791541;12.96200362049455;8.975445796338793;-15.862196953045821;0.2564380704888939;42.30776047992101;2.7589734860888506;7.611934696941265;6;19;12.58904109589041;13.0;0.21915676222468564;9.62048769501928;92.55378349001737;11;75;33.32227074235808;33.0;0.28871044741828056;20.73322964646767;0.9336244541484716;DIFF;82811.0;DIFF;2.646926838076322;2.691164746832355;0.0273770903722;1.1582633821;OIL SPILL
04 S1A_IW_GRDH_1SDV_20200609T001544_8b.tif;11;SP00129GXS1;SENTINEL-1;IW;IMG_04_WIN_013;IMG_04_WIN_013;800;600;800;600;1;1;800;600;0;0;0;0;0;13;1;1;13;6;6;19.468134156293054;-92.0095787710246;15Q;0.07461789051238958;2.7996390835227265;105.04155161940086;2.303598041349769;8.358941085135065;2.763765745325571;5.73532459821321;9.32668630918585;9.790849681203426;19.660742104586415;12.953907131904375;-19.40882388685801;0.11963237805065136;37.5196761031173;4.272556733607277;18.25474104189288;3;21;10.42713567839196;11.0;0.40975363372908347;26.589953737337922;707.025639753771;10;255;28.739420935412028;25.0;0.925208402670856;18.31228525702007;0.8517531980615773;DIFF;86859.0;DIFF;2.7562143451310814;3.4745674643475275;0.0746178905123;2.79963908352;OIL SPILL
04 S1A_IW_GRDH_1SDV_20200609T001544_8b.tif;12;SP00130GXS1;SENTINEL-1;IW;IMG_04_WIN_004;IMG_04_WIN_004;800;600;800;600;1;1;800;600;0;0;0;0;0;4;1;1;13;3;3;19.5188071021398;-91.99456228155306;15Q;0.6147579750643929;13.472715467105644;295.26101233347146;1.99179723849585;23.496124807594526;2.506857158565544;5.134003726142693;8.254409093008633;8.293696756980657;16.569295462059124;10.90617782455762;-17.642325417620732;0.04256020974474801;21.915478958519316;4.4020435941592;19.37798780487805;2;25;9.45;9.0;0.4658247189586455;9.365143555849665;87.7059138216725;9;255;27.02446743761412;26.0;0.3465431308672063;17.57446743761412;0.9020344996511438;DIFF;13331940.5;DIFF;2.8597320039803305;2.743520627386667;0.614757975065;13.4727154671;OIL SPILL
04 S1A_IW_GRDH_1SDV_20200609T001544_8b.tif;13;SP00131GXS1;SENTINEL-1;IW;IMG_04_WIN_002;IMG_04_WIN_002;800;600;800;600;1;1;800;600;0;0;0;0;0;2;1;1;13;4;4;19.627490143889414;-92.18850313127544;15Q;3.8917785348236755;28.71665905487414;211.89451041341104;3.3350834950958608;16.86202937316573;2.4303917296158137;4.888264315296265;8.604575605703587;9.043158683937621;17.91089422297207;11.716098912779213;-18.235892175630735;0.05930484272500452;7.378800925570962;7.552748349396374;57.04400762930966;2;42;12.267372473532243;10.0;0.6156777554192623;14.08295814565342;198.32971013222598;11;255;45.10066327214257;44.0;0.3122561205070364;32.83329079861033;0.9102110675740454;DIFF;308005767.5;DIFF;3.6764729667620806;3.2797668432124376;3.89177853482;28.7166590549;OIL SPILL
04 S1A_IW_GRDH_1SDV_20200609T001544_8b.tif;14;SP00132GXS1;SENTINEL-1;IW;IMG_04_WIN_002;IMG_04_WIN_002;800;600;800;600;1;1;800;600;0;0;0;0;0;2;1;1;13;4;4;19.631208831928358;-92.23149566168144;15Q;0.4794299559946855;14.031665390033217;410.6702786424103;2.6336473591038336;32.680102413432806;2.244126369167484;4.666941124317322;5.973861242416671;6.048749756084033;12.060601467275205;8.389216700626454;13.360024866833763;0.03059965930795127;29.267393942711326;6.482330956070003;42.02061462402344;4;46;20.08203125;21.0;0.3227925938054699;13.68677623772828;187.3278437816435;7;255;47.97281180513443;47.0;0.2853027730232693;27.890780555134427;0.895570231958763;DIFF;24933105.0;DIFF;2.3888426030177814;2.3640537755409063;0.479429955995;14.03166539;OIL SPILL
04 S1A_IW_GRDH_1SDV_20200609T001544_8b.tif;15;SP00133GXS1;SENTINEL-1;IW;IMG_04_WIN_002;IMG_04_WIN_002;800;600;800;600;1;1;800;600;0;0;0;0;0;2;1;1;13;4;4;19.551881770823794;-92.17916442524854;15Q;0.294173294972654;4.727175739256267;75.96267523838392;0.7251154958734904;6.0449176273365595;2.816805441348397;5.910863114498357;9.803551419663568;10.719974166238408;21.087952856735328;-13.902653307412484;-21.187966825389083;0.16542822609819552;16.069357144385588;6.675182817092591;44.55806564160818;5;38;18.714649681528662;19.0;0.356682221184241;9.15884771244067;83.88449141967969;12;80;40.426819923371646;40.0;0.22655375144028422;21.712170241842983;0.8632110696244234;DIFF;1005256.5;DIFF;2.1601697392857355;2.0861807651294426;0.294173294973;4.72717573926;OIL SPILL
04 S1A_IW_GRDH_1SDV_20200609T001544_8b.tif;16;SP00134GXS1;SENTINEL-1;IW;IMG_04_WIN_002;IMG_04_WIN_002;800;600;800;600;1;1;800;600;0;0;0;0;0;2;1;1;13;4;4;19.578351862347777;-92.23264096637912;15Q;0.03109807265330063;2.1372451412280773;146.8842408540136;2.54222101409832;11.688676497108393;1.3231317421953133;2.6651386295623785;5.484577883826391;5.671845624749719;11.252148819492751;7.066736498764932;12.25925666558182;0.0855528853285815;68.72596784551014;4.936848981208588;24.372477863260272;12;40;21.19277108433735;21.0;0.23294966767499306;12.799393735476297;163.8244799957499;16;101;47.605864944847994;47.0;0.2688616990848619;26.413093860510646;0.9077796253618187;DIFF;304246.0;DIFF;2.246325634123015;2.2654430440914126;0.0310980726534;2.13724514123;OIL SPILL
04 S1A_IW_GRDH_1SDV_20200609T001544_8b.tif;17;SP00135GXS1;SENTINEL-1;IW;IMG_04_WIN_005;IMG_04_WIN_005;800;600;800;600;1;1;800;600;0;0;0;0;0;5;1;1;13;1;1;19.458013227923125;-92.32912773657513;15Q;0.04686664151984049;1.90540739391244;77.46612983222258;4.896570042100442;6.16455874249838;0.6959482359750471;1.3931391083047073;2.1602490020585408;2.161477322193859;4.322340484373859;2.85820363838648;9.12532661974251;0.16221761228520937;40.65594060342059;5.471964912168206;29.942400000000003;8;32;18.64;18.0;0.29356034936524705;14.340571523589803;205.6519916231948;17;154;59.84986845455317;59.0;0.23960907340137727;41.20986845455317;0.9856573028939998;DIFF;1471655.5;DIFF;3.2108298527120795;3.1680284789217565;0.0468666415198;1.90540739392;OIL SPILL
04 S1A_IW_GRDH_1SDV_20200609T001544_8b.tif;18;SP00136GXS1;SENTINEL-1;IW;IMG_04_WIN_008;IMG_04_WIN_008;800;600;800;600;1;1;800;600;0;0;0;0;0;8;1;1;13;4;4;19.33455301360493;-92.19971218014435;15Q;0.405999062877877;12.337437882140282;374.9081892375081;6.550231228206853;29.83424576139057;2.1057905271917723;4.24912543106069;6.174696880213814;6.187882441466299;12.369202631028397;8.313149448121898;14.295210211934956;0.03351852793591086;30.387848175529747;5.92262653145332;35.077505031074786;5;38;19.204251386321626;19.0;0.30840184354552636;13.13388584234566;172.49895731976773;10;127;48.246599131693195;47.0;0.2722240754523568;29.04234774537157;0.9072623725694231;DIFF;7402843.0;DIFF;2.5122874180899966;2.4880761892591097;0.405999062878;12.3374378821;OIL SPILL
04 S1A_IW_GRDH_1SDV_20200609T001544_8b.tif;19;SP00137GXS1;SENTINEL-1;IW;IMG_04_WIN_008;IMG_04_WIN_008;800;600;800;600;1;1;800;600;0;0;0;0;0;8;1;1;13;4;4;19.2838699131551;-92.21200025781187;15Q;0.12273675480975821;4.2042034644897965;144.01005467534756;5.193538869396983;11.459956028257839;1.2775824928761246;2.558751525190345;5.65415286957699;5.886622534303785;11.662293326986708;7.253125943598656;12.466579548726425;0.08726036971993702;34.25382617461498;6.412329957126052;41.1179754790562;6;40;18.522935779816514;19.0;0.3461832418656462;12.14504921075993;147.5022203317804;14;122;47.71099174636447;47.0;0.25455453274423645;29.188055966547957;0.9036895565729204;DIFF;2472176.0;DIFF;2.5757791482683148;2.511676489315444;0.12273675481;4.20420346449;OIL SPILL
04 S1A_IW_GRDH_1SDV_20200609T001544_8b.tif;20;SP00138GXS1;SENTINEL-1;IW;IMG_04_WIN_008;IMG_04_WIN_008;800;600;800;600;1;1;800;600;0;0;0;0;0;8;1;1;13;4;4;19.322155205318534;-92.17154889375226;15Q;0.08593528246419889;4.319134607922369;217.08107806737544;6.077713987862564;17.274763313070213;0.9788902646419881;1.9657106023546476;4.184230031856214;4.146406716637302;8.311726395469924;5.1301880052950475;10.922366566905607;0.05788791324529422;50.2603178120901;6.105262647425618;37.27423199405047;6;30;19.74235807860262;21.0;0.30924688039382137;11.777721554830844;138.71472502312707;17;102;45.917235837685816;45.0;0.2564989233338056;26.174877759083195;0.9270121869559395;DIFF;1694349.0;DIFF;2.325823270698972;2.293930206150344;0.0859352824641;4.31913460792;OIL SPILL
04 S1A_IW_GRDH_1SDV_20200609T001544_8b.tif;21;SP00139GXS1;SENTINEL-1;IW;IMG_04_WIN_008;IMG_04_WIN_008;800;600;800;600;1;1;800;600;0;0;0;0;0;8;1;1;13;4;4;19.361858863520087;-92.21757672489392;15Q;0.04014276094176877;1.4429182357986812;51.86521769692309;2.4295162305095275;4.12730288550128;2.8349028137646695;5.8158281315159615;9.275473026450692;9.611331124974233;19.055622824997297;12.541323074135658;20.2489516976555;0.24228897847862832;35.94466852670606;7.271040049962448;52.86802340815792;4;39;18.19626168224299;18.0;0.399589771620946;9.467732406183005;89.63795691508784;24;77;40.10828025477707;38.0;0.23605430963486293;21.91201857253408;0.8619560688136197;DIFF;16466.5;DIFF;2.2042044105090635;2.1030955059576413;0.0401427609417;1.4429182358;OIL SPILL
04 S1A_IW_GRDH_1SDV_20200609T001544_8b.tif;22;SP00140GXS1;SENTINEL-1;IW;IMG_04_WIN_006;IMG_04_WIN_006;800;600;800;600;1;1;800;600;0;0;0;0;0;6;1;1;13;7;7;19.418907086623655;-92.14740803866891;15Q;0.1061390585070282;4.540391874428185;194.22782398252016;2.734692706932744;15.45615913640033;1.651822432630797;3.3460498598042245;4.4420738106800925;4.4527502559677705;8.900172197784972;6.125982924062475;-11.070540591985562;0.06469912681249058;42.77776662327878;5.909976125391244;34.927817802694506;6;36;20.03886925795053;20.0;0.2949256292515821;11.117329288066987;123.59501049931202;17;122;44.03343598768148;43.0;0.2524747169668318;23.99456672973095;0.8839093843485543;DIFF;1902347.0;DIFF;2.1974012316194425;2.1737861530435114;0.106139058507;4.54039187443;OIL SPILL
04 S1A_IW_GRDH_1SDV_20200609T001544_8b.tif;23;SP00141GXS1;SENTINEL-1;IW;IMG_04_WIN_006;IMG_04_WIN_006;800;600;800;600;1;1;800;600;0;0;0;0;0;6;1;1;13;7;7;19.3693044065048;-92.06774177347538;15Q;0.031514752125201106;0.9677917107226867;29.72007495481983;0.8964588995662323;2.365048419060607;3.097873861308078;6.927160129895613;9.897579547562962;10.867147377720604;21.372678497373236;14.753969911244102;21.43132034784931;0.42282432441581824;30.709164612111348;2.42214368800686;5.866780045351474;4;15;10.547619047619047;10.0;0.22963890495776101;6.826980553184013;46.60766347355269;10;44;25.3265306122449;24.0;0.2695584585866371;14.77891156462585;0.9591836734693877;DIFF;8176.5;DIFF;2.4011609158336022;2.423780767966383;0.0315147521252;0.967791710721;OIL SPILL
04 S1A_IW_GRDH_1SDV_20200609T001544_8b.tif;24;SP00142GXS1;SENTINEL-1;IW;IMG_04_WIN_006;IMG_04_WIN_006;800;600;800;600;1;1;800;600;0;0;0;0;0;6;1;1;13;7;7;19.36916876279134;-92.04319661326895;15Q;0.047647993031527544;1.7846432866447504;66.84335389443937;4.3124032214843435;5.319225092570459;1.576983110125612;3.1627996376208425;5.918786482441091;5.959685176974177;11.898934492739965;7.546702303683844;14.002362393459013;0.18799730836672687;37.45474201744225;3.9634701232872738;15.709095418190838;3;21;10.354330708661417;10.0;0.38278380658363786;8.248053869714148;68.03039263770653;11;70;30.071809456096695;29.0;0.27427860241519175;19.71747874743528;0.9269113312488978;DIFF;354934.0;DIFF;2.9042736128701754;2.8125256637198306;0.0476479930315;1.78464328664;OIL SPILL
04 S1A_IW_GRDH_1SDV_20200609T001544_8b.tif;25;SP00143GXS1;SENTINEL-1;IW;IMG_04_WIN_012;IMG_04_WIN_012;800;600;800;600;1;1;800;600;0;0;0;0;0;12;1;1;13;1;1;18.919845155935214;-92.63083487994727;15Q;0.7849182648331232;13.469754232320582;231.1505378431879;1.7095359599002236;18.394375348046786;2.5083264525289257;5.261217395843717;7.50093912385018;7.8934849591245735;15.667142795665635;10.765114138765082;15.85450005974394;0.054364444623893435;17.160709383141068;18.319737402352917;335.61277849116846;12;104;52.361763296597985;53.0;0.3498686111577754;29.553753605050595;873.424352148041;44;255;122.9802302082418;120.0;0.24031304507242646;70.61846691164382;0.9009744255961367;DIFF;23527604.0;DIFF;2.3486647978532074;2.2800125836727;0.784918264833;13.4697542323;OIL SPILL
04 S1A_IW_GRDH_1SDV_20200609T001544_8b.tif;26;SP00144GXS1;SENTINEL-1;IW;IMG_04_WIN_011;IMG_04_WIN_011;800;600;800;600;1;1;800;600;0;0;0;0;0;11;1;1;13;1;1;19.135823746047812;-91.9158023952439;15Q;1.2312626874078088;9.641433713020172;75.49749130972683;0.6477379738240687;6.007899466490218;2.92589217724397;6.011992071760888;10.556258663561339;11.21046944849828;22.17876616831109;14.46762457320455;-22.338757229440375;0.1664475255582455;7.830525371737197;1.956016998884061;3.8260024999234084;1;17;4.147390906316753;4.0;0.4716259072432542;5.829831790157614;33.98693870153234;5;48;18.779223192715108;18.0;0.310440518776045;14.631832286398355;0.9530069321883636;DIFF;17584351.0;DIFF;4.527960738910118;4.288147388947172;1.23126268741;9.64143371301;OIL SPILL
04 S1A_IW_GRDH_1SDV_20200609T001544_8b.tif;27;SP00145GXS1;SENTINEL-1;IW;IMG_04_WIN_001;IMG_04_WIN_001;800;600;800;600;1;1;800;600;0;0;0;0;0;1;1;1;13;1;1;19.71964177778201;-91.84759900628197;15Q;0.10970729941862209;4.430335963023114;178.91131081770334;3.441529059456499;14.237309745843987;2.2275584168255764;4.49563848149964;6.822862193024642;6.8695075778223265;13.715706030061954;9.118476505298206;15.817837434700552;0.07023798862646154;40.383237820099815;2.9426881624785524;8.659413621591398;5;22;13.511945392491468;14.0;0.21778419590962764;14.484837401117163;209.8105145368026;12;255;24.966115051221433;23.0;0.5801798706526634;11.454169658729965;0.7862174134049815;DIFF;356071.5;DIFF;1.8477069234675119;2.08724163829716;0.109707299419;4.43033596302;OIL SPILL
05 S1A_IW_GRDH_1SDV_20200621T001544_8b.tif;0;OS03008GXS1;SENTINEL-1;IW;IMG_05_WIN_005;IMG_05_WIN_005;800;600;800;600;1;1;800;600;0;0;0;0;0;5;1;1;6;1;1;19.38632960160981;-92.06037149995694;15Q;3.040498194181754;62.478068463284636;1283.8386309100829;0.3254457191807505;102.16463212083553;1.9023724486730764;3.824408410153595;6.058648477716692;6.073436636380802;12.139482119703073;7.989798984770126;-14.574700355478972;0.009788123142431982;20.5486287026388;7.893285320471652;62.30395315037328;3;44;18.80271437384331;18.0;0.41979499148549004;30.302536214157836;918.2437010103472;10;255;44.57220122438115;39.0;0.6798528091895591;25.769486850537845;0.7734948392447608;DIFF;729646767.0;DIFF;2.370519507884782;2.6430244073803326;3.04049819418;62.4780684633;SEEPAGE SLICK
05 S1A_IW_GRDH_1SDV_20200621T001544_8b.tif;1;OS03009GXS1;SENTINEL-1;IW;IMG_05_WIN_001;IMG_05_WIN_001;800;600;800;600;1;1;800;600;0;0;0;0;0;1;1;1;6;1;1;19.566573410442317;-92.8877343319274;15Q;0.17683126711922853;5.6224023514120605;178.76594290222366;1.705525958263787;14.22574173468621;2.543739341554315;5.14750967516539;8.709061366078167;8.677982434370305;17.371571326401295;11.25232572336488;19.126904142062664;0.07029510437137554;31.795295272193883;21.12351832081107;446.2030262496409;29;145;78.76906779661017;80.0;0.2681702210232342;31.87391188731826;1015.9462590005284;51;255;143.48994252873564;140.0;0.22213342151792356;64.72087473212547;0.8285521787129034;DIFF;954751.0;DIFF;1.8216534299890588;1.8023715169511947;0.176831267119;5.62240235141;SEEPAGE SLICK
05 S1A_IW_GRDH_1SDV_20200621T001544_8b.tif;2;OS03010GXS1;SENTINEL-1;IW;IMG_05_WIN_006;IMG_05_WIN_006;800;600;800;600;1;1;800;600;0;0;0;0;0;6;1;1;6;1;1;19.287662479048763;-92.97701387525906;15Q;0.0682990924085139;1.7410452807736003;44.38182943300961;0.658279175423832;3.531793768862425;3.0661544886607923;6.764177601839175;10.09241703432275;10.745027975337088;21.54659357482239;15.126402028114189;21.204609366692537;0.28314224030190066;25.491484870105953;20.12858075755987;405.15976331360946;36;138;81.61538461538461;82.0;0.24662728543664308;32.331559636378664;1045.32974852071;89;255;139.6423076923077;131.0;0.23153126133964394;58.02692307692308;0.8148351648351649;DIFF;45743.5;DIFF;1.7109802073515552;1.7051491620951664;0.0682990924084;1.74104528078;SEEPAGE SLICK
05 S1A_IW_GRDH_1SDV_20200621T001544_8b.tif;3;SP00146GXS1;SENTINEL-1;IW;IMG_05_WIN_004;IMG_05_WIN_004;800;600;800;600;1;1;800;600;0;0;0;0;0;4;1;1;6;1;1;19.4072512301387;-92.21088778211745;15Q;0.6372348432752993;13.334918670019498;279.0494867199414;0.9190996902710435;22.206052589367438;2.796785559325549;6.086047694602232;8.976867163164588;9.88315542432084;-19.328964244573438;-12.926186981796086;-19.890100208386333;0.04503276734915118;20.92622337077466;5.944754048135361;35.340100692821764;8;45;24.191288993525603;24.0;0.245739449837765;38.881967874896084;1511.807425824451;16;255;52.04595375722543;43.0;0.747069946229935;27.85466476369983;0.8041455871696033;DIFF;5659441.5;DIFF;2.151433673962337;2.607925198853609;0.637234843275;13.33491867;OIL SPILL
05 S1A_IW_GRDH_1SDV_20200621T001544_8b.tif;4;SP00147GXS1;SENTINEL-1;IW;IMG_05_WIN_002;IMG_05_WIN_002;800;600;800;600;1;1;800;600;0;0;0;0;0;2;1;1;6;1;1;19.520744839510073;-92.1952687847595;15Q;0.3317077541606641;6.055440115680861;110.54415983545735;0.3798211425918;8.796824733876798;2.8084865085776505;5.788673811766393;8.789455001996318;9.090633812008551;18.031655361750847;12.005486161953202;-19.20456476019909;0.11367738135659045;18.2553468820867;6.134862147037402;37.636533563152355;8;39;21.46779661016949;22.0;0.2857704616099848;10.315700433846395;106.4136754408587;20;92;41.3282498184459;39.0;0.2496040959673599;19.860453208276407;0.8230296764028902;DIFF;1185274.5;DIFF;1.925127695632645;1.9078193250479376;0.33170775416;6.05544011568;OIL SPILL
05 S1A_IW_GRDH_1SDV_20200621T001544_8b.tif;5;SP00148GXS1;SENTINEL-1;IW;IMG_05_WIN_003;IMG_05_WIN_003;800;600;800;600;1;1;800;600;0;0;0;0;0;3;1;1;6;1;1;19.46350246344136;-92.0768692871289;15Q;0.09748999220321891;2.9525399273039787;89.41935295422405;1.507494507536464;7.1157660153718165;3.0272200258671442;6.853072261692615;9.919707645842879;11.210134102334465;22.03959427252782;-14.701664031246638;-21.851190846124243;0.14053300766772717;30.28556942695593;5.730505930967358;32.838698224852074;8;39;23.276923076923076;24.0;0.24618829181287397;11.445763057212634;131.00549196185352;22;88;42.64679911699779;40.0;0.268385043993857;19.369876040074715;0.8280183392766175;DIFF;114113.5;DIFF;1.832149334173732;1.8419882638816354;0.0974899922031;2.9525399273;OIL SPILL
06 S1A_IW_GRDH_1SDV_20200715T001545_8b.tif;0;OS03011GXS1;SENTINEL-1;IW;IMG_06_WIN_002;IMG_06_WIN_002;800;600;800;600;1;1;800;600;0;0;0;0;0;2;1;1;3;2;2;19.376724769490515;-92.04691283280917;15Q;2.669933369839414;38.206542863329766;546.7327140284599;0.2935864943371551;43.50760699383851;2.3106235545256832;4.711362667366962;6.770726148668898;6.848851476291032;13.659002462446416;9.223434982544685;-15.047740068034615;0.022984486371351538;14.30992372129037;7.6236488418627815;58.120021664035725;4;68;18.629338204299565;18.0;0.4092281088172675;34.15998499543719;1166.9045748884942;10;255;58.17330345342757;52.0;0.5872106785681342;39.54396524912801;0.8636644120774262;DIFF;244094176.5;DIFF;3.1226714988727533;3.351470244574352;2.66993336984;38.2065428633;SEEPAGE SLICK
06 S1A_IW_GRDH_1SDV_20200715T001545_8b.tif;1;SP00149GXS1;SENTINEL-1;IW;IMG_06_WIN_002;IMG_06_WIN_002;800;600;800;600;1;1;800;600;0;0;0;0;0;2;1;1;3;2;2;19.389523942552458;-92.04634688042377;15Q;0.2288317712753513;7.364544736747426;237.0148116989047;1.114005401989283;18.861039433937734;2.589394148640441;5.343007296921377;8.699890188433958;9.562078503146168;-18.759273023278034;-12.31182375142697;18.983242208682597;0.05301934729008856;32.18322654980341;5.7854398417803505;33.47131416285944;16;54;32.881967213114756;33.0;0.1759456727234028;29.908829082638633;894.5380570944906;16;255;60.378070175438594;55.0;0.49535914274393866;27.49610296232384;0.826541079474643;DIFF;2016507.5;DIFF;1.8362061425375182;2.0181444476691346;0.228831771275;7.36454473675;OIL SPILL
06 S1A_IW_GRDH_1SDV_20200715T001545_8b.tif;2;SP00150GXS1;SENTINEL-1;IW;IMG_06_WIN_001;IMG_06_WIN_001;800;600;800;600;1;1;800;600;0;0;0;0;0;1;1;1;3;2;2;19.587742237389854;-92.2053600571363;15Q;0.6882456222959186;18.925621026216735;520.423406447726;0.5616065539542199;41.41397881843908;2.7080475270735582;5.807238340017458;8.86407133291251;9.021861355425356;17.966398777886965;11.99238479437046;-19.035891008894485;0.024146436264529163;27.498352932609663;6.131322004271199;37.593109520060196;14;55;32.37942297223734;33.0;0.18935859386772572;40.938369805440885;1675.9501223270343;17;255;66.26141182339735;57.0;0.6178312335775688;33.88198885116001;0.8131891730269931;DIFF;14189286.5;DIFF;2.046404961577326;2.363475199107225;0.688245622296;18.9256210262;OIL SPILL
06 S1A_IW_GRDH_1SDV_20200715T001545_8b.tif;3;SP00151GXS1;SENTINEL-1;IW;IMG_06_WIN_003;IMG_06_WIN_003;800;600;800;600;1;1;800;600;0;0;0;0;0;3;1;1;3;1;1;19.31097910435312;-92.22212317719452;15Q;2.64609649044357;100.18364532630109;3793.0448973097004;0.4376691510240918;301.8409223881647;1.9470032024138284;3.923619965470085;6.59108366756618;6.667033023973857;13.296114367781609;8.638471060989923;-15.283634635378032;0.0033130033929395734;37.86091916455666;7.520941400665941;56.56455955225097;17;72;41.924407885406325;42.0;0.1793929069009927;20.390478506982728;415.77161374372463;25;255;73.77115530040793;71.0;0.27640177822821727;31.8467474150016;0.8214234303319086;DIFF;639800148.5;DIFF;1.7596230697413688;1.7969168248585812;2.64609649044;100.183645326;OIL SPILL
06 S1A_IW_GRDH_1SDV_20200715T001545_8b.tif;4;SP00152GXS1;SENTINEL-1;IW;IMG_06_WIN_001;IMG_06_WIN_001;800;600;800;600;1;1;800;600;0;0;0;0;0;1;1;1;3;2;2;19.51681323531448;-92.19746384967432;15Q;0.1506776893892164;6.9303593535517285;318.7590741804891;0.3830773028253484;25.366041155610493;1.7953001868243748;3.668765359812431;5.319465577125037;5.364505225277301;10.706513740058178;7.221073831519306;-12.692945735047147;0.03942278552121716;45.99459536209025;8.348024475037544;69.68951263582585;13;66;41.10945273631841;41.5;0.20306824633698975;18.017877110177928;324.6438955574737;28;199;72.19339330024813;70.0;0.2495779223902473;31.083940563929723;0.8239586805426959;DIFF;2494542.0;DIFF;1.756126352819784;1.773790785756259;0.150677689389;6.93035935355;OIL SPILL
07 S1A_IW_GRDH_1SDV_20200727T001546_8b.tif;0;OS03012GXS1;SENTINEL-1;IW;IMG_07_WIN_004;IMG_07_WIN_004;800;600;800;600;1;1;800;600;0;0;0;0;0;4;1;1;6;6;6;19.40777601844619;-92.0554663278704;15Q;9.099164067303343;69.81147748179804;535.6142995271831;1.0949218744542455;42.62283168022711;2.5353522074688035;5.139992053118008;8.673434372082927;8.961244264301458;17.77910439333188;11.577799695893175;19.08888108695672;0.02346160404128907;7.6722957147960935;5.380741123448897;28.9523750375741;1;33;9.799488828427735;8.0;0.5490838570925951;37.58041853498783;1412.2878572648565;5;255;44.73970374323266;37.0;0.8399791547719457;34.940214914804926;0.9322104028705182;DIFF;2803176336.0;DIFF;4.565514031042664;5.226402885383882;9.0991640673;69.8114774818;SEEPAGE SLICK
07 S1A_IW_GRDH_1SDV_20200727T001546_8b.tif;1;SP00153GXS1;SENTINEL-1;IW;IMG_07_WIN_004;IMG_07_WIN_004;800;600;800;600;1;1;800;600;0;0;0;0;0;4;1;1;6;6;6;19.425905883539897;-92.08926424671526;15Q;1.7374293062345667;24.626413893093314;349.0560790345403;0.8064598896137616;27.77700019731119;2.914125827356222;6.218148186354399;9.785385433428612;10.679377437626895;20.914334283437892;13.832197475757804;21.87599925069369;0.036001007772495174;14.174052322430754;5.0880107876119025;25.887853774855092;3;32;13.418052256532066;13.0;0.3791914571755374;31.397411325529905;985.7974379445135;4;255;33.69631834215168;28.0;0.9317757212144449;20.278266085619613;0.7626193599075627;DIFF;39669728.0;DIFF;2.5112674848726955;3.2094671536959796;1.73742930623;24.6264138931;OIL SPILL
07 S1A_IW_GRDH_1SDV_20200727T001546_8b.tif;2;SP00154GXS1;SENTINEL-1;IW;IMG_07_WIN_004;IMG_07_WIN_004;800;600;800;600;1;1;800;600;0;0;0;0;0;4;1;1;6;6;6;19.437713074797326;-92.10079133095857;15Q;0.16088154967671606;5.958434297169804;220.67750680566485;0.7313794336240176;17.560958018658468;2.1804886730559416;4.388301994695198;7.708069812665656;7.819988432583442;15.584603126339841;10.063518304924557;-16.86889760367914;0.056944501486621786;37.03615678207351;3.18063367553842;10.116430577969039;8;27;17.205128205128204;17.0;0.18486544462890966;11.303220616855505;127.76279631330735;6;88;34.852480764128416;33.0;0.32431609942926176;17.64735255900021;0.8291138418493155;DIFF;1563619.0;DIFF;2.0257030548450197;2.0940903159249307;0.160881549677;5.95843429718;OIL SPILL
07 S1A_IW_GRDH_1SDV_20200727T001546_8b.tif;3;SP00155GXS1;SENTINEL-1;IW;IMG_07_WIN_004;IMG_07_WIN_004;800;600;800;600;1;1;800;600;0;0;0;0;0;4;1;1;6;6;6;19.444078979403216;-92.09822947364422;15Q;0.15675057285918703;4.0088798643034105;102.52669239591499;0.3254107308016731;8.158814946836054;2.481201119513019;5.003751208452474;8.682035865070539;8.831908430567626;17.590752401050896;11.350420348249461;18.622060624513228;0.12256681963203427;25.57489769370532;4.3328502735345875;18.773591492868754;5;29;13.9066985645933;14.0;0.31156570004084944;24.79285150683244;614.6854858398438;11;255;37.6328125;34.0;0.6588094234740611;23.7261139354067;0.8922417015550239;DIFF;421360.5;DIFF;2.7060924866678135;3.0938833272969823;0.156750572859;4.00887986431;OIL SPILL
07 S1A_IW_GRDH_1SDV_20200727T001546_8b.tif;4;SP00156GXS1;SENTINEL-1;IW;IMG_07_WIN_004;IMG_07_WIN_004;800;600;800;600;1;1;800;600;0;0;0;0;0;4;1;1;6;6;6;19.445691584906243;-92.0873605698913;15Q;0.010125071196677342;0.8523571897623746;71.75384398067504;0.4848513907067373;5.709989477684537;2.060398483495966;4.144697303608263;7.22035250897364;7.29060040531483;14.54615131133914;9.367100038360233;16.27856215910519;0.1751316712418025;84.18283419499167;3.405796720762267;11.599451303155009;11;24;16.25925925925926;16.0;0.20946813544551526;24.589743254023983;604.6554732988179;13;255;36.610441767068274;33.0;0.6716592880925814;20.351182507809014;0.8125836680053548;DIFF;6410.5;DIFF;2.2516672613003266;2.6548021541028706;0.0101250711967;0.852357189762;OIL SPILL
07 S1A_IW_GRDH_1SDV_20200727T001546_8b.tif;5;SP00157GXS1;SENTINEL-1;IW;IMG_07_WIN_004;IMG_07_WIN_004;800;600;800;600;1;1;800;600;0;0;0;0;0;4;1;1;6;6;6;19.439993589826777;-92.03846227889753;15Q;0.09675566228512028;2.9761736620821644;91.54616337356974;0.8958672245521818;7.285012211000922;2.858262609573929;6.100416184239786;8.85221262735952;9.549521645320109;18.786650046041654;12.776134164913568;19.15692285683882;0.1372681295564507;30.759684671600453;3.7286438941451077;13.902785289345594;7;30;15.19767441860465;15.0;0.2453430565390048;45.68041382215929;2086.700206963721;14;255;45.63513513513514;33.0;1.0009921891737599;30.437460716530488;0.8684265661009847;DIFF;168862.0;DIFF;3.002770942327178;4.126293760427565;0.0967556622851;2.97617366208;OIL SPILL
07 S1A_IW_GRDH_1SDV_20200727T001546_8b.tif;6;SP00158GXS1;SENTINEL-1;IW;IMG_07_WIN_005;IMG_07_WIN_005;800;600;800;600;1;1;800;600;0;0;0;0;0;5;1;1;6;2;2;19.334537792451588;-92.21055779227206;15Q;9.985197736455111;38.22973641551435;146.36793231082893;0.9288028065203662;11.647589968704185;3.159593069089559;7.383210738083157;10.73201963772155;13.207455510795707;25.862203898713304;17.265458183828258;25.18665903607516;0.08585467059596807;3.828640896708617;8.245705157282881;67.9916535408415;3;75;14.518244335049415;12.0;0.567954703543348;20.523638608724223;421.2197417415156;11;255;58.18504618937644;56.0;0.3527304686143134;43.666801854327026;0.9321264418341649;DIFF;458892198.0;DIFF;4.007719173654367;3.6953159513515623;9.98519773646;38.2297364155;OIL SPILL
07 S1A_IW_GRDH_1SDV_20200727T001546_8b.tif;7;SP00159GXS1;SENTINEL-1;IW;IMG_07_WIN_005;IMG_07_WIN_005;800;600;800;600;1;1;800;600;0;0;0;0;0;5;1;1;6;2;2;19.296134162191652;-92.17650467607324;15Q;0.2281945310378558;4.082385727310231;73.033622456892;0.4110161881785852;5.811831012960808;2.7364189205674427;5.553060122946026;9.457913098571472;10.175469556934097;20.29889872238602;13.857848840150192;-20.052760499913262;0.17206281424389783;17.889936751520978;7.1311630095131;50.85348586824792;10;45;25.988486842105264;26.0;0.2743970071377738;30.99702820665974;960.8157576444595;20;255;56.19338159255429;49.0;0.55161350550875;30.204894750449025;0.7975187775540193;DIFF;567887.5;DIFF;2.162241377651605;2.3813630691053866;0.228194531038;4.0823857273;OIL SPILL
07 S1A_IW_GRDH_1SDV_20200727T001546_8b.tif;8;SP00160GXS1;SENTINEL-1;IW;IMG_07_WIN_002;IMG_07_WIN_002;800;600;800;600;1;1;800;600;0;0;0;0;0;2;1;1;6;3;3;19.52262575704401;-92.19396323238713;15Q;0.33957513324503524;6.653926019824513;130.38272577323653;0.8105475937879123;10.375527650302828;2.636280677337902;5.562055365243978;7.845724955083065;7.9053315821701835;15.783509175526126;10.687285126780656;16.738992727528924;0.0963806404555062;19.594856538046567;8.598866540250352;73.94050577703706;4;48;22.61699779249448;23.0;0.380194870209693;60.92419544685817;3711.7575908469735;22;255;80.0821185617104;59.0;0.7607715247931491;57.46512076921592;0.8953413910502707;DIFF;3691335.0;DIFF;3.540793490650023;4.158564622560856;0.339575133245;6.65392601982;OIL SPILL
07 S1A_IW_GRDH_1SDV_20200727T001546_8b.tif;9;SP00161GXS1;SENTINEL-1;IW;IMG_07_WIN_002;IMG_07_WIN_002;800;600;800;600;1;1;800;600;0;0;0;0;0;2;1;1;6;3;3;19.513850798296854;-92.15858724593228;15Q;0.059973351066601045;2.8266233614860408;133.22249775280835;0.7061937017838952;10.601509524204184;2.721269338356889;5.77341503578303;8.910405455319397;10.006942969690312;19.5536357722538;13.020677205609624;19.70423189859649;0.09432618984276829;47.131322682753634;5.289597692641662;27.979843749999997;15;44;27.7125;27.0;0.19087407100195444;12.833222510344001;164.6916;24;95;47.58;45.0;0.2697188421678016;19.8675;0.8175000000000001;DIFF;76883.0;DIFF;1.716914749661705;1.7467350791461465;0.0599733510667;2.82662336149;OIL SPILL
07 S1A_IW_GRDH_1SDV_20200727T001546_8b.tif;10;SP00162GXS1;SENTINEL-1;IW;IMG_07_WIN_002;IMG_07_WIN_002;800;600;800;600;1;1;800;600;0;0;0;0;0;2;1;1;6;3;3;19.59252938818497;-92.22812041791599;15Q;0.3368038074264536;5.193350903813249;80.07894511711363;1.1788779754559409;6.372479976486615;3.035225157621859;6.487598405061276;10.528917309185507;11.60426346266974;-22.714196509857384;-14.901969600779678;-23.042084202736174;0.15692477711814437;15.419513643554337;6.710043089795794;45.02467826691628;10;44;25.541713014460512;26.0;0.26270920380308416;26.111731583458777;681.8225262865985;23;255;55.955237242614146;51.0;0.46665393393368937;30.413524228153634;0.8386061106391963;DIFF;981080.5;DIFF;2.1907394077654434;2.33819375176836;0.336803807426;5.19335090381;OIL SPILL
07 S1A_IW_GRDH_1SDV_20200727T001546_8b.tif;11;SP00163GXS1;SENTINEL-1;IW;IMG_07_WIN_001;IMG_07_WIN_001;800;600;800;600;1;1;800;600;0;0;0;0;0;1;1;1;6;1;1;19.691150763808615;-92.07917791140916;15Q;0.082752151460579;3.141202505941489;119.23742173680581;0.9296744202695462;9.488612535472827;2.643926011996411;5.431619201126591;8.194881027519662;8.515563338769;16.886192867562027;11.328287995945141;-17.452956891463213;0.10538948621429498;37.95916420901609;6.3706743518680335;40.585491697549195;14;54;28.81447963800905;28.0;0.22109281277682716;10.51085430909631;110.47805830704844;19;93;47.22231337161608;46.0;0.22258236750031965;18.40783373360703;0.7683510332258101;DIFF;254666.0;DIFF;1.6388397071493646;1.6393559250260943;0.0827521514606;3.14120250594;OIL SPILL
07 S1A_IW_GRDH_1SDV_20200727T001546_8b.tif;12;SP00164GXS1;SENTINEL-1;IW;IMG_07_WIN_003;IMG_07_WIN_003;800;600;800;600;1;1;800;600;0;0;0;0;0;3;1;1;6;1;1;19.504963299235232;-92.00321631209259;15Q;0.06522949570261741;2.2570607516300396;78.09846115894997;0.8557375531912672;6.21487807065864;2.832240080588968;6.502949951144303;8.625281460065686;9.423885711559393;18.471554273263735;12.675362502083601;-18.946621983035648;0.1609042025653163;34.60184272955329;3.216363277603806;10.344992733518298;8;22;15.925287356321839;16.0;0.20196579224217331;10.534361226002709;110.97276643990928;13;93;32.90952380952381;30.0;0.32010068838960626;16.984236453201973;0.902791461412151;DIFF;71727.0;DIFF;2.0664948187864103;2.1268410044701436;0.0652294957026;2.25706075163;OIL SPILL
07 S1A_IW_GRDH_1SDV_20200727T001546_8b.tif;13;SP00165GXS1;SENTINEL-1;IW;IMG_07_WIN_006;IMG_07_WIN_006;800;600;800;600;1;1;800;600;0;0;0;0;0;6;1;1;6;1;1;19.3001514375059;-91.97813248061446;15Q;0.09571389205636831;2.595971251052629;70.40844951036937;0.9874446943231339;5.602926387505711;2.796446652251883;5.752499952009624;8.426373741434167;8.484521185527969;16.940360626175167;11.36194974985033;-18.31191138154149;0.1784781613818732;27.122199246936866;4.547897089360033;20.68336793540946;4;30;14.776470588235295;15.0;0.3077796597098748;7.363859603738998;54.22642826357907;12;67;29.592491467576792;29.0;0.24884216362137873;14.816020879341497;0.8372749782506859;DIFF;363095.0;DIFF;2.002676572248429;1.9724410686165494;0.0957138920565;2.59597125105;OIL SPILL
08 S1A_IW_GRDH_1SDV_20200808T001547_8b.tif;0;SP00166GXS1;SENTINEL-1;IW;IMG_08_WIN_001;IMG_08_WIN_001;800;600;800;600;1;1;800;600;0;0;0;0;0;1;1;1;2;1;1;18.97219704962492;-92.74807115827069;15Q;15.217634891644584;224.17553286625204;3302.396850345053;1.0176533563275478;262.7963913917606;2.2623745553925256;4.5543165394959075;6.633499691811305;6.639151434031039;13.27547706542584;8.930864545777066;-16.52609251705917;0.0038052272890964542;14.731299210584831;14.782110375505642;218.51078715363155;20;163;66.04790611488573;66.0;0.22380891757254484;31.41155667670424;986.6858928538028;34;255;127.20163233720459;124.0;0.24694303130822973;61.15372622231885;0.8528380945807312;DIFF;32735337344.0;DIFF;1.9258995450354808;1.9358604837919844;15.2176348916;224.175532866;OIL SPILL
09 S1A_IW_GRDH_1SDV_20200820T001548_8b.tif;0;OS03013GXS1;SENTINEL-1;IW;IMG_09_WIN_015;IMG_09_WIN_015;800;600;800;600;1;1;800;600;0;0;0;0;0;15;1;1;17;5;5;19.31605973702544;-92.23108482552742;15Q;57.77865783198185;486.2714156457181;4092.512677634484;0.2672302345255338;325.6718111558883;1.7851382962453595;3.590655717868841;5.640710369560525;5.679543562578699;11.33968834200908;7.491453741162833;-13.382683661287869;0.003070575855032578;8.416107848330034;6.733031286030728;45.3337102986686;3;74;14.145227811515603;12.0;0.47599313180020897;19.95157476142929;398.06533546090213;5;255;57.15513367558826;55.0;0.3490775627378312;43.00990586407266;0.9303099312781236;DIFF;360796081376.0;DIFF;4.040594781305563;3.8642713647864513;57.778657832;486.271415646;SEEPAGE SLICK
09 S1A_IW_GRDH_1SDV_20200820T001548_8b.tif;1;OS03014GXS1;SENTINEL-1;IW;IMG_09_WIN_008;IMG_09_WIN_008;800;600;800;600;1;1;800;600;0;0;0;0;0;8;1;1;17;2;2;19.05862433723748;-92.7812266761478;15Q;4.807778190330425;20.780951797405514;89.82277062503414;0.8410667662513764;7.147868973591838;2.967812007576755;6.826009722105642;9.354305598515706;10.026380921530235;19.781427693753557;13.439545719358325;-20.01118643837182;0.13990183699429162;4.322360760985377;10.653201493924062;113.49070207014587;9;84;31.78654056589026;30.0;0.3351481886442175;29.61136344339391;876.8328449767653;30;255;102.06401925391096;100.0;0.29012539051326103;70.2774786880207;0.9407704085116613;DIFF;211913011.0;DIFF;3.210919384018611;3.170026771598032;4.80777819033;20.7809517974;SEEPAGE SLICK
09 S1A_IW_GRDH_1SDV_20200820T001548_8b.tif;2;SP00167GXS1;SENTINEL-1;IW;IMG_09_WIN_015;IMG_09_WIN_015;800;600;800;600;1;1;800;600;0;0;0;0;0;15;1;1;17;5;5;19.37197910412888;-92.08875731599159;15Q;3.9440294414279404;54.197788092780065;744.7713760185328;0.5570756078472063;59.26702298335109;2.0918830637036443;4.19833712064063;7.686049703168718;7.75023474687156;15.468401592515303;9.876314426517029;-17.44111691552551;0.016872789447867385;13.741730100563776;6.954805715963162;48.36932254679387;3;44;16.568575233022635;16.0;0.41975882766923855;25.72471423684993;661.7609225675894;4;255;47.294121030171276;43.0;0.5439304859992821;30.72554579714864;0.8624146698259231;DIFF;895596099.5;DIFF;2.854447070132495;2.99613224147905;3.94402944143;54.1977880928;OIL SPILL
09 S1A_IW_GRDH_1SDV_20200820T001548_8b.tif;3;SP00168GXS1;SENTINEL-1;IW;IMG_09_WIN_015;IMG_09_WIN_015;800;600;800;600;1;1;800;600;0;0;0;0;0;15;1;1;17;5;5;19.34458294382562;-92.05722845212999;15Q;0.16285142354335608;6.882263372402535;290.85130542014167;0.36392107744009294;23.14521148117306;1.9753237457509245;4.00456542667844;6.172086951223329;6.2569906670947395;12.471539200162617;8.293943488683194;14.645991056555623;0.04320548122074525;42.2609960825443;5.875392153985333;34.520232963112406;5;33;18.62442396313364;19.0;0.3154670536718588;15.925585261290045;253.62426591461875;15;255;47.39802736239262;45.0;0.3359967945401459;28.773603399258977;0.9111081461106607;DIFF;2701513.0;DIFF;2.5449392397969066;2.5603705783868143;0.162851423543;6.88226337241;OIL SPILL
09 S1A_IW_GRDH_1SDV_20200820T001548_8b.tif;4;SP00169GXS1;SENTINEL-1;IW;IMG_09_WIN_016;IMG_09_WIN_016;800;600;800;600;1;1;800;600;0;0;0;0;0;16;1;1;17;6;6;19.36146101792446;-92.01775957346594;15Q;0.35006419485737383;6.4809595780055655;119.98609874641774;0.8225984876858418;9.548190358902325;2.369196010878027;4.815952678364734;7.356374325825725;7.499408182393022;14.927891057429715;9.931557704414898;-16.209950573707534;0.10473188765739706;18.513631708738718;6.525372068043825;42.58048062640654;5;41;16.85209003215434;16.0;0.3872144081590593;14.058477434466173;197.64078777539459;17;118;50.59062980030722;49.0;0.27788698203517526;33.738539768152876;0.9402415773902134;DIFF;4836545.5;DIFF;3.0020388986635274;2.905575134530329;0.350064194858;6.48095957801;OIL SPILL
09 S1A_IW_GRDH_1SDV_20200820T001548_8b.tif;5;SP00170GXS1;SENTINEL-1;IW;IMG_09_WIN_014;IMG_09_WIN_014;800;600;800;600;1;1;800;600;0;0;0;0;0;14;1;1;17;5;5;19.282677825879105;-92.21796075171798;15Q;1.029567275891183;29.632555759227348;852.8712803771405;0.2862129341419898;67.86934004656786;1.2542127986746758;2.5176786491304237;5.047869281010445;5.160392021928671;10.264853046686927;6.447652598416167;-11.673562533646558;0.01473419366261496;28.781563335506863;5.819954905617258;33.87187510341838;6;44;19.448778709442216;19.0;0.29924526329212225;15.467537543745497;239.24471766717647;7;255;50.73752253938012;49.0;0.304854016704113;31.288743829937907;0.9046803171639936;DIFF;238738131.5;DIFF;2.6087767924855605;2.6128299929734626;1.02956727589;29.6325557592;OIL SPILL
09 S1A_IW_GRDH_1SDV_20200820T001548_8b.tif;6;SP00171GXS1;SENTINEL-1;IW;IMG_09_WIN_014;IMG_09_WIN_014;800;600;800;600;1;1;800;600;0;0;0;0;0;14;1;1;17;5;5;19.28707450629825;-92.24685773475697;15Q;0.47892009637215804;15.978344272137925;533.0899404993211;0.2662215812772606;42.421949571515654;0.9241314829470229;1.8499590501132868;4.684900128402967;4.68957142579099;9.37680754464337;5.618958495433139;-12.278326838765741;0.023572702577333998;33.36327791039596;5.89304064654497;34.72792806183115;6;39;19.698275862068964;20.0;0.2991653019690225;14.638664126204691;214.2904873998322;7;255;49.71094916867727;49.0;0.29447565115953317;30.012673306608303;0.8845315708253152;DIFF;76403649.5;DIFF;2.5236193013420407;2.5203929718334654;0.478920096372;15.9783442722;OIL SPILL
09 S1A_IW_GRDH_1SDV_20200820T001548_8b.tif;7;SP00172GXS1;SENTINEL-1;IW;IMG_09_WIN_014;IMG_09_WIN_014;800;600;800;600;1;1;800;600;0;0;0;0;0;14;1;1;17;5;5;19.25291227520009;-92.24802226006908;15Q;0.0953530466844472;4.65563976482132;227.3129425168212;0.2603202292676243;18.08898921515798;0.8710764367176753;1.743949610921115;3.1528485901420713;3.1542319524748748;6.307772235388891;4.0265928921924985;9.943816640169423;0.05528224867103314;48.82528588969239;4.874087300557308;23.756727013454025;9;35;20.224409448818896;20.0;0.2410002286045467;14.197785230324966;201.57710544643373;14;128;53.87070938215103;53.0;0.26355296585400295;33.64629993333213;0.9497085533072669;DIFF;6189907.0;DIFF;2.6636480792420403;2.6779327798693187;0.0953530466845;4.65563976482;OIL SPILL
09 S1A_IW_GRDH_1SDV_20200820T001548_8b.tif;8;SP00173GXS1;SENTINEL-1;IW;IMG_09_WIN_014;IMG_09_WIN_014;800;600;800;600;1;1;800;600;0;0;0;0;0;14;1;1;17;5;5;19.23068312077129;-92.29541652573805;15Q;0.26018544694490514;7.411221770232843;211.10407508381508;0.3159683771454761;16.799128528215896;1.753300068975622;4.014390895087127;4.684694995623587;4.862580577459107;9.65061540720938;6.979948510958419;10.232617618510588;0.059526897381634726;28.484382417446223;5.658579978243369;32.01952737017672;7;34;18.450216450216452;18.0;0.3066945037480568;18.55381164121733;344.24392641777166;15;255;57.376050908077474;56.0;0.32337205763677435;38.92583445786102;0.9586419123787324;DIFF;14872332.0;DIFF;3.109776574323298;3.1246748898727583;0.260185446945;7.41122177023;OIL SPILL
09 S1A_IW_GRDH_1SDV_20200820T001548_8b.tif;9;SP00174GXS1;SENTINEL-1;IW;IMG_09_WIN_005;IMG_09_WIN_005;800;600;800;600;1;1;800;600;0;0;0;0;0;5;1;1;17;2;2;19.179689996549445;-92.21635973146401;15Q;0.11605218707401718;2.405850173740115;49.875105367843915;1.0567301954524797;3.968934778260741;2.449356584507521;5.0028387319248955;8.151645427529417;8.178847382651952;16.34416893992049;10.681367431983583;-18.074537735244512;0.251956773257488;20.730761172175775;5.50118787580931;30.263068044951353;8;36;16.07443365695793;15.0;0.3422321428679438;16.38930718566068;268.6093900259488;14;123;57.34932054356515;56.0;0.2857803201558529;41.27488688660722;0.9678703639030524;DIFF;385387.5;DIFF;3.5677350609948926;3.510666715337889;0.116052187074;2.40585017374;OIL SPILL
09 S1A_IW_GRDH_1SDV_20200820T001548_8b.tif;10;SP00175GXS1;SENTINEL-1;IW;IMG_09_WIN_005;IMG_09_WIN_005;800;600;800;600;1;1;800;600;0;0;0;0;0;5;1;1;17;2;2;19.116490283068874;-92.2661699331919;15Q;0.20025143162948394;6.067189670165475;183.8228580651147;0.30419370857382827;14.628158257171442;1.120455737127071;2.249635938380991;3.396214816350014;3.4032667992973296;6.803007702347751;4.528188962925836;-9.982005331704029;0.06836130580620091;30.29785915034714;5.932987030682935;35.200335106251906;7;44;19.318949343339586;19.0;0.30710712706166887;15.98703565713152;255.58530910239463;17;177;60.736034942975;59.0;0.26322158949199975;41.41708559963541;0.9629571321192465;DIFF;10955460.0;DIFF;3.1438580775571214;3.1076969301698365;0.20025143163;6.06718967017;OIL SPILL
09 S1A_IW_GRDH_1SDV_20200820T001548_8b.tif;11;SP00176GXS1;SENTINEL-1;IW;IMG_09_WIN_007;IMG_09_WIN_007;800;600;800;600;1;1;800;600;0;0;0;0;0;7;1;1;17;3;3;18.895209570988538;-92.64458895587023;15Q;7.266501011061277;37.67710926651916;195.35737496221662;0.7187073255249782;15.546045947346824;3.008719918367088;6.321412913695766;11.380215724873196;11.88186023965541;23.538338006114202;-16.776166910444534;23.991114391843848;0.06432503823717732;5.185041495097294;13.021476439485456;169.55884866407482;6;95;23.85464333781965;19.0;0.5458675803733748;24.169005132041104;584.1408090726292;26;255;88.13665605976757;85.0;0.2742219436559009;64.28201272194792;0.9245407794273951;DIFF;555667468.0;DIFF;3.694737951501202;3.3627550658795253;7.26650101106;37.6771092665;OIL SPILL
09 S1A_IW_GRDH_1SDV_20200820T001548_8b.tif;12;SP00177GXS1;SENTINEL-1;IW;IMG_09_WIN_007;IMG_09_WIN_007;800;600;800;600;1;1;800;600;0;0;0;0;0;7;1;1;17;3;3;18.84600279460162;-92.62536052619022;15Q;0.3115443019371879;9.60740161092244;296.27300239361983;3.182017850402416;23.576656417810767;1.5192364758475914;3.0913859326106703;5.705042424105899;6.646419546341643;-12.822602296044414;-8.194634756337752;-14.163297492189773;0.042414835347244544;30.837994953473544;12.729530188504306;162.04093882004247;9;73;34.643719806763286;35.0;0.36744120606873154;24.80040582882607;615.06012927447;29;255;93.39818374651995;91.0;0.26553413389851;58.75446393975666;0.9220949647143815;DIFF;12404608.5;DIFF;2.6959629123973685;2.6182343892217723;0.311544301937;9.60740161092;OIL SPILL
09 S1A_IW_GRDH_1SDV_20200820T001548_8b.tif;13;SP00178GXS1;SENTINEL-1;IW;IMG_09_WIN_007;IMG_09_WIN_007;800;600;800;600;1;1;800;600;0;0;0;0;0;7;1;1;17;3;3;18.916570879629933;-92.69866948859638;15Q;0.508865085894631;7.44026488584377;108.78628364568621;2.743442729106835;8.656937391403986;2.683137975832901;5.440478485108586;9.063351214004545;9.84759659606272;19.909393288002576;-13.404029760254781;19.316803629972505;0.11551429273278127;14.621291757054053;13.867113851430885;192.2968465685463;7;66;28.122690317812268;25.0;0.4930934307749274;23.206173739221597;538.5264996149381;31;207;85.74582924435721;83.0;0.27063909631206645;57.62313892654494;0.9049507981028602;DIFF;4103387.5;DIFF;3.0489909846942265;2.8329927587177646;0.508865085895;7.44026488584;OIL SPILL
09 S1A_IW_GRDH_1SDV_20200820T001548_8b.tif;14;SP00179GXS1;SENTINEL-1;IW;IMG_09_WIN_012;IMG_09_WIN_012;800;600;800;600;1;1;800;600;0;0;0;0;0;12;1;1;17;2;2;19.002046148238318;-92.6155267631618;15Q;0.49358177169888484;9.496643097077122;182.71791075842583;4.212641560663998;14.540229344313637;2.5772524046413365;5.235655814354891;8.0591112010133;8.138626972279656;16.237853885491294;10.771224855602181;17.629215815662235;0.06877470611500898;19.240262995106427;14.67603933263555;215.38613049306574;6;70;32.12947448591013;33.0;0.4567780695906338;19.50342617067826;380.3836323950976;31;165;78.75660588016375;76.0;0.24764178131742653;46.62713139425362;0.8694073266363023;DIFF;3469165.5;DIFF;2.4512260826021666;2.29698557063965;0.493581771699;9.49664309707;OIL SPILL
09 S1A_IW_GRDH_1SDV_20200820T001548_8b.tif;15;SP00180GXS1;SENTINEL-1;IW;IMG_09_WIN_012;IMG_09_WIN_012;800;600;800;600;1;1;800;600;0;0;0;0;0;12;1;1;17;2;2;18.93368059337808;-92.63868944843045;15Q;0.09138452234602935;2.6022789815151004;74.10287567071256;0.5114522052751874;5.896919480159028;2.662886749269369;5.5992102805373225;8.246188050999377;8.393033204277433;16.714857902880944;11.194290292781957;17.709531316233246;0.1695800669086009;28.476145792626873;12.920901123920155;166.94968585412113;11;76;34.88477366255144;35.0;0.3703879878627578;22.131430675125255;489.80022372787505;37;178;80.11025145067698;76.0;0.2762621546476026;45.225477788125545;0.8543591947847268;DIFF;122980.0;DIFF;2.2964245726689287;2.2341228703841627;0.091384522346;2.60227898151;OIL SPILL
09 S1A_IW_GRDH_1SDV_20200820T001548_8b.tif;16;SP00181GXS1;SENTINEL-1;IW;IMG_09_WIN_006;IMG_09_WIN_006;800;600;800;600;1;1;800;600;0;0;0;0;0;6;1;1;17;1;1;18.952479803130124;-92.89277297096052;15Q;1.2698003802345872;30.131633863009323;715.0063690221284;8.770207510297526;56.89839898602978;1.620822527596108;3.2506192624787973;5.071407163370817;5.071360208690052;10.142743956461935;6.696883432529988;13.41583268133669;0.017575186961684617;23.72942576804293;13.285256033039666;176.49802786341684;9;102;31.049156055670714;29.0;0.42787816870833406;37.783628827548945;1427.6026073779879;25;255;122.11682777258082;120.0;0.3094055873930308;91.0676717169101;0.9406775399834151;DIFF;97042074.5;DIFF;3.9330160070575513;3.7850432299619357;1.26980038023;30.131633863;OIL SPILL
09 S1A_IW_GRDH_1SDV_20200820T001548_8b.tif;17;SP00182GXS1;SENTINEL-1;IW;IMG_09_WIN_008;IMG_09_WIN_008;800;600;800;600;1;1;800;600;0;0;0;0;0;8;1;1;17;2;2;19.10192506854443;-92.89530338100931;15Q;0.2851443831217647;5.850000342999158;120.01815935639975;1.9024397658637517;9.550741661180915;2.5121859470214023;5.0817752202613065;8.302269101769607;8.968601632589014;17.91745685135269;12.439846681500867;17.662528683885473;0.10470391048943456;20.51592347341116;12.45560153279627;155.14200954379683;10;73;28.90250329380764;26.0;0.4309523436838387;30.867054579086954;952.7750583883329;32;236;106.97209218581203;104.0;0.2885524060375527;78.06958889200439;0.9517977286604676;DIFF;4204226.0;DIFF;3.701135887725365;3.537617102854418;0.285144383122;5.850000343;OIL SPILL
09 S1A_IW_GRDH_1SDV_20200820T001548_8b.tif;18;SP00183GXS1;SENTINEL-1;IW;IMG_09_WIN_004;IMG_09_WIN_004;800;600;800;600;1;1;800;600;0;0;0;0;0;4;1;1;17;11;11;19.4055395763387;-92.08376279116057;15Q;2.7426639578434884;59.43377160535527;1287.9351103643705;0.9737538024119824;102.49061959804766;1.630987482825363;3.2956013550833942;5.863557768193944;6.477926717555236;12.826523240957078;8.951379199894598;12.774905029904174;0.009756990482854383;21.67008883293419;6.593712989253686;43.477050984652784;4;46;18.95500547045952;19.0;0.34786130763874884;29.148261849360363;849.6211688388768;4;255;50.05931523338237;45.0;0.5822744820512978;31.104309762922853;0.8688248839632118;DIFF;1499422864.0;DIFF;2.6409549346423273;2.88638386400579;2.74266395784;59.4337716053;OIL SPILL
09 S1A_IW_GRDH_1SDV_20200820T001548_8b.tif;19;SP00184GXS1;SENTINEL-1;IW;IMG_09_WIN_003;IMG_09_WIN_003;800;600;800;600;1;1;800;600;0;0;0;0;0;3;1;1;17;4;4;19.42760614958163;-92.02763800218338;15Q;0.32366976620425325;3.6686291937878077;41.58201218280894;2.321994980337566;3.3089913913007276;2.9990734108236734;6.267532093817112;11.477582189693345;12.30008876611186;-25.185765187513557;-15.493254087755172;-24.191138791996956;0.30220689078520424;11.334482169312974;5.852500430104333;34.2517612843714;5;38;16.300115874855155;15.0;0.35904655372005684;30.918028567868785;955.9244905235504;17;255;48.105479452054794;42.0;0.6427132401556002;31.80536357719964;0.9039175225003572;DIFF;624944.5;DIFF;2.9512354281028856;3.3018456402928353;0.323669766204;3.66862919379;OIL SPILL
09 S1A_IW_GRDH_1SDV_20200820T001548_8b.tif;20;SP00185GXS1;SENTINEL-1;IW;IMG_09_WIN_003;IMG_09_WIN_003;800;600;800;600;1;1;800;600;0;0;0;0;0;3;1;1;17;4;4;19.4706328825145;-91.98028120010588;15Q;0.44320805612741443;11.109690128179693;278.48143335348306;0.9689686977155367;22.160848338761518;2.0222087768032018;4.056223614760474;5.763627999779742;5.765092529022798;11.52945279346729;7.7932116449252264;-16.379982399635107;0.0451246263100362;25.066534722432607;6.853842381514573;46.975155390645355;3;38;17.527072758037225;17.0;0.39104318651108877;12.429890117131146;154.50216832395455;11;118;46.7190144028935;46.0;0.2660563429257898;29.191941644856275;0.8972655779992531;DIFF;36218715.0;DIFF;2.6655343449447373;2.5688397814568424;0.443208056127;11.1096901282;OIL SPILL
09 S1A_IW_GRDH_1SDV_20200820T001548_8b.tif;21;SP00186GXS1;SENTINEL-1;IW;IMG_09_WIN_004;IMG_09_WIN_004;800;600;800;600;1;1;800;600;0;0;0;0;0;4;1;1;17;11;11;19.415957466576625;-92.05509750082246;15Q;0.07426454200150576;2.704150603916126;98.46462782348654;0.729213537906553;7.8355661189058265;2.2113297671568466;4.448320104957053;6.6539320018399355;6.654977878089289;13.309432820066997;8.880930188615924;-17.325877692698256;0.1276231972042426;36.41240531532932;5.68157575240382;32.28030303030303;9;33;19.833333333333332;20.0;0.28646600432288166;12.311657015870216;151.5768984764263;18;100;44.01045104510451;42.0;0.27974394089377774;24.177117711771178;0.881938193819382;DIFF;354301.5;DIFF;2.219014338408631;2.215108267134511;0.0742645420015;2.70415060391;OIL SPILL
09 S1A_IW_GRDH_1SDV_20200820T001548_8b.tif;22;SP00187GXS1;SENTINEL-1;IW;IMG_09_WIN_004;IMG_09_WIN_004;800;600;800;600;1;1;800;600;0;0;0;0;0;4;1;1;17;11;11;19.40875092619282;-92.10735646610227;15Q;0.739281347336609;22.067769099271626;658.7295009852769;0.49672996703842287;52.420028121132184;1.5181419102718194;3.0506645072193685;5.987782819404312;6.542682121364994;12.923430076118068;8.622982600312415;-13.000174959744134;0.019076678053075447;29.850298778367186;6.064327311301543;36.7760657385978;6;43;19.550989345509894;20.0;0.3101800734546605;17.106154551079904;292.62052352543174;5;255;50.13975381066987;48.0;0.3411694962778152;30.58876446515998;0.9005162514401053;DIFF;155227925.5;DIFF;2.5645635074822972;2.588066930413836;0.739281347337;22.0677690993;OIL SPILL
09 S1A_IW_GRDH_1SDV_20200820T001548_8b.tif;23;SP00188GXS1;SENTINEL-1;IW;IMG_09_WIN_004;IMG_09_WIN_004;800;600;800;600;1;1;800;600;0;0;0;0;0;4;1;1;17;11;11;19.44974360514197;-92.07050533403748;15Q;0.9832332494125158;16.217082744478212;267.478518345868;1.3479510726379962;21.28526418282055;2.3967338951620984;4.830885030086541;8.571630133209945;8.78672764183653;17.471605019327907;11.258955819201786;18.259246807220986;0.04698085921842141;16.49362727935407;7.020456325698126;49.286807021034825;4;40;16.454233409610985;16.0;0.42666565806690504;29.468880009110773;868.4148889913686;11;255;51.10018410555385;46.0;0.5766883334165509;34.645950695942865;0.8932870050173796;DIFF;50689933.5;DIFF;3.1055949452926823;3.297410297523193;0.983233249413;16.2170827445;OIL SPILL
09 S1A_IW_GRDH_1SDV_20200820T001548_8b.tif;24;SP00189GXS1;SENTINEL-1;IW;IMG_09_WIN_003;IMG_09_WIN_003;800;600;800;600;1;1;800;600;0;0;0;0;0;3;1;1;17;4;4;19.492813338694923;-92.03073319525953;15Q;0.7231901255836846;20.84950941365018;601.0895716241157;0.6301666305410557;47.833188282483945;1.8032803393789762;3.640878323933521;5.999463306264323;6.053434853582342;12.07992107274687;7.894725859299417;-13.963363147540889;0.020905986740720573;28.82991439743816;6.819976171598249;46.512074981167906;4;42;19.010368066355625;20.0;0.35875034864097033;14.342230539608783;205.69957685128685;7;255;43.02400817299506;42.0;0.33335412363116346;24.013640106639436;0.8388456953376575;DIFF;76925397.5;DIFF;2.2631864897523237;2.245495477594411;0.723190125584;20.8495094136;OIL SPILL
09 S1A_IW_GRDH_1SDV_20200820T001548_8b.tif;25;SP00190GXS1;SENTINEL-1;IW;IMG_09_WIN_004;IMG_09_WIN_004;800;600;800;600;1;1;800;600;0;0;0;0;0;4;1;1;17;11;11;19.39507190311483;-92.08854661042851;15Q;0.2040617277143952;2.716491240064786;36.162217873979884;1.455738397203944;2.877697863904994;3.084961742491108;6.753841114779923;10.008341047566425;11.567823164921574;-22.4874410194483;-15.324992222913837;-22.52721861840921;0.3474999973218226;13.312105461866848;6.567724018525806;43.13499878352076;6;38;17.33639705882353;16.0;0.3788401936250704;11.32130150364511;128.17186773643704;16;87;42.587136929460584;42.0;0.2658385212041186;25.250739870637055;0.8540395411276543;DIFF;257516.0;DIFF;2.4565160099275323;2.376980277047691;0.204061727714;2.71649124007;OIL SPILL
09 S1A_IW_GRDH_1SDV_20200820T001548_8b.tif;26;SP00191GXS1;SENTINEL-1;IW;IMG_09_WIN_004;IMG_09_WIN_004;800;600;800;600;1;1;800;600;0;0;0;0;0;4;1;1;17;11;11;19.404850606901803;-92.070431996012;15Q;0.3390857495657163;3.9145790663278146;45.19189994317971;1.053675235878036;3.5962571318356975;3.085572255473191;6.956162782711324;9.755674440065974;11.043483323976048;-22.06101537653509;-14.95711739765875;-21.45605726416509;0.2780668799089884;11.544510706632193;6.095660622307562;37.15707842235101;4;35;15.501106194690266;14.0;0.3932403627036349;10.479701292228157;109.82413917432848;15;90;39.94186046511628;38.0;0.2623738897035288;24.440754270426012;0.8899893668107292;DIFF;922205.0;DIFF;2.57671033044067;2.479128509196202;0.339085749566;3.91457906633;OIL SPILL
09 S1A_IW_GRDH_1SDV_20200820T001548_8b.tif;27;SP00192GXS1;SENTINEL-1;IW;IMG_09_WIN_004;IMG_09_WIN_004;800;600;800;600;1;1;800;600;0;0;0;0;0;4;1;1;17;11;11;19.396997291289235;-92.0535804862078;15Q;0.368738878552562;11.403560138359834;352.6646941587762;0.6816144543421675;28.064164664680348;2.1159232674990154;4.2738218029298665;7.413511195924071;7.8075394584514495;15.431450169064382;10.000745757129863;16.029784848986893;0.035632630151238104;30.925841568762895;5.722090558678159;32.74232036171373;7;37;20.73448626653103;21.0;0.2759697291325989;45.05573352550173;2030.0191235210207;7;255;54.40270543419109;44.0;0.8281892079798119;33.66821916766006;0.8554132053982462;DIFF;12342161.0;DIFF;2.6237787970665214;3.2840102516353356;0.368738878553;11.4035601384;OIL SPILL
09 S1A_IW_GRDH_1SDV_20200820T001548_8b.tif;28;SP00193GXS1;SENTINEL-1;IW;IMG_09_WIN_004;IMG_09_WIN_004;800;600;800;600;1;1;800;600;0;0;0;0;0;4;1;1;17;11;11;19.415781089301397;-92.06245462959532;15Q;0.20028842949405604;5.1880243598331015;134.38418198301585;0.7076828402067918;10.693953417978896;2.554362291177718;5.2031440322641105;8.375868332555159;8.596064712139585;17.0820682093157;11.1984900377444;-18.966473793884788;0.09351078697601013;25.902766190430718;6.469018115120742;41.84819537376032;5;41;19.09737827715356;19.0;0.3387385441728257;12.0053302294414;144.1279539179395;12;100;42.43271672107363;41.0;0.2829262690945997;23.335338443920072;0.8487303003997995;DIFF;1435102.5;DIFF;2.221913191709484;2.187061204607971;0.200288429494;5.18802435983;OIL SPILL
09 S1A_IW_GRDH_1SDV_20200820T001548_8b.tif;29;SP00194GXS1;SENTINEL-1;IW;IMG_09_WIN_004;IMG_09_WIN_004;800;600;800;600;1;1;800;600;0;0;0;0;0;4;1;1;17;11;11;19.431937801854804;-92.12329535013797;15Q;0.27189291559606193;11.282839474052006;468.2081043492623;0.45924285211938676;37.258817101435525;0.8028464785124967;1.607003629583808;3.3268589916740083;3.32924045424513;6.657290177507005;4.132904490967877;-11.085443344724322;0.02683928470615541;41.497364686082406;6.039876052936806;36.480102734839484;6;37;19.122758620689655;19.0;0.315847528734794;16.994508440042765;288.8133171186848;11;255;53.30379641565138;51.0;0.3188236032481307;34.181037794961725;0.9331584079056983;DIFF;69341742.0;DIFF;2.7874532891912325;2.7898459768412747;0.271892915596;11.2828394741;OIL SPILL
09 S1A_IW_GRDH_1SDV_20200820T001548_8b.tif;30;SP00195GXS1;SENTINEL-1;IW;IMG_09_WIN_011;IMG_09_WIN_011;800;600;800;600;1;1;800;600;0;0;0;0;0;11;1;1;17;1;1;19.633262590267773;-92.14048334510288;15Q;2.3975895670525906;62.54620988210766;1631.6505645400368;1.145464486422871;129.84262637261423;1.4472396012877562;2.9079886994411366;6.243052516152569;6.459593002728792;12.812392354965581;7.934717088859103;13.895400425376371;0.00770163102778176;26.087121307837975;6.751514754514155;45.58295148042234;4;43;18.524293079206373;19.0;0.36446814599866;12.689940925784414;161.0346006998982;6;255;46.318326067307446;45.0;0.2739723561543229;27.794032988101073;0.886965836266387;DIFF;2212100851.0;DIFF;2.500409914119748;2.435813413260396;2.39758956705;62.5462098821;OIL SPILL
09 S1A_IW_GRDH_1SDV_20200820T001548_8b.tif;31;SP00196GXS1;SENTINEL-1;IW;IMG_09_WIN_001;IMG_09_WIN_001;800;600;800;600;1;1;800;600;0;0;0;0;0;1;1;1;17;13;13;19.569748205002725;-92.31983104350584;15Q;0.9524398545555963;30.565490181977726;980.9009835067147;0.3844653102340575;78.05762010439767;1.619786312111997;3.2645689486273253;5.738147841711192;6.672173745054598;-12.936692683288951;-8.332206761111982;13.187974954214218;0.012811049051489864;32.09177990167099;5.943409197531137;35.324112889297716;5;45;19.020849724626277;19.0;0.3124681222751164;13.997760098516313;195.9372877756154;10;146;49.045734662374805;48.0;0.28540219032042813;30.024884937748528;0.8983875943442488;DIFF;209958064.5;DIFF;2.578524901486148;2.559447359985664;0.952439854556;30.565490182;OIL SPILL
09 S1A_IW_GRDH_1SDV_20200820T001548_8b.tif;32;SP00197GXS1;SENTINEL-1;IW;IMG_09_WIN_001;IMG_09_WIN_001;800;600;800;600;1;1;800;600;0;0;0;0;0;1;1;1;17;13;13;19.578949309112684;-92.2692255688907;15Q;0.9194339626209442;22.968777700238704;573.7929753422458;0.603693646780699;45.66099416856221;1.6077445182892622;3.2180218499939013;4.89947279459923;4.899326100545152;9.798725548260268;6.508369954763021;14.389548155461519;0.021900530599671092;24.981432744515725;5.722941441671407;32.752058744799996;7;44;20.385900570497146;20.0;0.2807303715565921;21.240463500160175;451.15728970163667;10;255;49.88172056706875;47.0;0.4258165768680972;29.4958199965716;0.8735411727098849;DIFF;189343211.0;DIFF;2.4468735337235237;2.560488724861345;0.919433962621;22.9687777002;OIL SPILL
09 S1A_IW_GRDH_1SDV_20200820T001548_8b.tif;33;SP00198GXS1;SENTINEL-1;IW;IMG_09_WIN_009;IMG_09_WIN_009;800;600;800;600;1;1;800;600;0;0;0;0;0;9;1;1;17;3;3;19.570604982561193;-92.36880995163497;15Q;0.9625341518399984;25.491591735477765;675.1150054946808;0.3914517221434491;53.723945139995266;1.7178827869750082;3.4425906650077644;6.0944930695111985;6.1162401897431815;12.22161033997923;7.842650653971429;14.616676848708478;0.018613673984555188;26.483830923554827;6.358322610368739;40.42826641752633;5;42;17.451537563254185;17.0;0.3643416855003522;15.280284838176174;233.48710473579666;7;147;50.82792698683234;49.0;0.3006277403785273;33.37638942357815;0.9070390862576375;DIFF;184598613.5;DIFF;2.9125185561789815;2.8575313178697415;0.96253415184;25.4915917355;OIL SPILL
09 S1A_IW_GRDH_1SDV_20200820T001548_8b.tif;34;SP00199GXS1;SENTINEL-1;IW;IMG_09_WIN_009;IMG_09_WIN_009;800;600;800;600;1;1;800;600;0;0;0;0;0;9;1;1;17;3;3;19.58656992368467;-92.38120476309575;15Q;0.3176903458635555;7.3431724223485135;169.7318849200999;0.42529470536355996;13.506834242669314;2.3139616423584517;4.6672641511044874;6.7486867993920585;6.729721504273241;13.468933602669612;9.066258764916778;15.687217102064434;0.07403659377420278;23.114244792009906;6.7660658152126;45.77964661578854;6;43;17.46816037735849;17.0;0.3873370560521356;14.283872666497471;204.0290183527136;11;124;49.209770708531295;48.0;0.2902649709770165;31.741610331172804;0.8906359008937027;DIFF;8103662.5;DIFF;2.817112371621855;2.735363541659703;0.317690345864;7.34317242235;OIL SPILL
09 S1A_IW_GRDH_1SDV_20200820T001548_8b.tif;35;SP00200GXS1;SENTINEL-1;IW;IMG_09_WIN_001;IMG_09_WIN_001;800;600;800;600;1;1;800;600;0;0;0;0;0;1;1;1;17;13;13;19.561260497998518;-92.25009219234987;15Q;1.4713432766959555;37.41592511752737;951.4784717976507;0.5497155559232869;75.71625101605932;1.3633790611293795;2.7295711890798966;5.674228530828127;5.690295530277589;11.372557694893219;7.055081584908031;-14.477280685841873;0.013207204352839673;25.4297727186741;5.913779236155254;34.972784853981025;6;45;18.911360163015793;19.0;0.31271041242821873;20.018892617066232;400.75606161362896;9;255;50.50850730901455;48.0;0.39634694596277137;31.597147145998754;0.9012350743882203;DIFF;667014193.5;DIFF;2.6708024633676035;2.741992780780751;1.4713432767;37.4159251175;OIL SPILL
09 S1A_IW_GRDH_1SDV_20200820T001548_8b.tif;36;SP00201GXS1;SENTINEL-1;IW;IMG_09_WIN_001;IMG_09_WIN_001;800;600;800;600;1;1;800;600;0;0;0;0;0;1;1;1;17;13;13;19.543546753576685;-92.27586099543377;15Q;0.43694345167104776;15.29186548453444;535.1748586751742;0.4730672091318021;42.58786208833024;1.6135904761808024;3.2310619978006447;5.74975563366286;5.761531987794829;11.517177278846368;7.38151979408008;14.100375497635843;0.023480868749079946;34.99735589594532;5.7939845957535585;33.57025749582952;8;49;19.7041166380789;20.0;0.29404944673117084;13.974676827566908;195.2915924349355;10;194;47.72985511383913;46.0;0.29278691071314383;28.025738475760228;0.8887017384323409;DIFF;48210542.5;DIFF;2.422329099575035;2.421503019345335;0.436943451671;15.2918654845;OIL SPILL
09 S1A_IW_GRDH_1SDV_20200820T001548_8b.tif;37;SP00202GXS1;SENTINEL-1;IW;IMG_09_WIN_001;IMG_09_WIN_001;800;600;800;600;1;1;800;600;0;0;0;0;0;1;1;1;17;13;13;19.55016098262809;-92.20626403032242;15Q;0.5542443970333836;15.75655728111174;447.94155553367096;0.4692207121871986;35.64605638972824;1.541214732623326;3.09626028417226;4.837559142230977;4.861846324786794;9.711556318422177;6.417909064825753;-11.949457752293284;0.028053594177900695;28.428897730765296;6.137244138356609;37.66576561379255;5;45;19.462474645030426;19.0;0.3153372965304646;18.568122628676;344.7751779535497;10;255;51.7722774529654;50.0;0.35864990960741405;32.30980280793497;0.9048734131547175;DIFF;64262478.5;DIFF;2.660107637760494;2.6951917196895274;0.554244397033;15.7565572811;OIL SPILL
09 S1A_IW_GRDH_1SDV_20200820T001548_8b.tif;38;SP00203GXS1;SENTINEL-1;IW;IMG_09_WIN_001;IMG_09_WIN_001;800;600;800;600;1;1;800;600;0;0;0;0;0;1;1;1;17;13;13;19.541011814128534;-92.20936426524196;15Q;0.4088664773938445;12.4699686504926;380.3200475995034;0.39117602948648855;30.26490776620295;1.3412051980631126;2.6957677203522437;5.183701971753482;5.258959150557574;10.480376337846648;6.639903256118666;-12.179885715851718;0.03304156773663482;30.49887760419347;6.108083929735775;37.30868929269643;7;60;19.703024747937672;20.0;0.3100074231178699;14.168001617326608;200.7322698285694;10;119;50.181584495855354;49.0;0.28233468033471093;30.478559747917682;0.900293466143223;DIFF;37321334.5;DIFF;2.5468975011619923;2.5277819365852308;0.408866477394;12.4699686505;OIL SPILL
09 S1A_IW_GRDH_1SDV_20200820T001548_8b.tif;39;SP00204GXS1;SENTINEL-1;IW;IMG_09_WIN_002;IMG_09_WIN_002;800;600;800;600;1;1;800;600;0;0;0;0;0;2;1;1;17;9;9;19.53204522525871;-92.1770877264048;15Q;0.12705340467699394;5.497986828942431;237.91459385187122;0.774863186994332;18.93264182261298;1.921096909329367;3.860824697625698;7.058458920165519;7.119522588665029;14.208516298455505;9.086821333349874;-16.64158566613027;0.05281883053455376;43.273038159976;5.168158429950618;26.70986155706964;7;34;20.634218289085545;21.0;0.2504654335601515;13.00969301232;169.2521122748078;14;123;47.03583382555621;46.0;0.2765910998956583;26.401615536470665;0.8931484317691971;DIFF;1696977.5;DIFF;2.2795064570212373;2.2942265746379635;0.127053404677;5.49798682894;OIL SPILL
09 S1A_IW_GRDH_1SDV_20200820T001548_8b.tif;40;SP00205GXS1;SENTINEL-1;IW;IMG_09_WIN_002;IMG_09_WIN_002;800;600;800;600;1;1;800;600;0;0;0;0;0;2;1;1;17;9;9;19.50551088113146;-92.17188849765449;15Q;0.10158426023794634;4.445359867251274;194.53037609449018;0.3748537450953621;15.480235468481792;1.4634721886685875;2.9412750890989257;5.451402017457602;5.472369996173843;10.934257446421665;6.951698510953825;13.522935703093758;0.06459850058715379;43.760321302125604;5.981969795700605;35.78396263667434;7;37;20.11439114391144;20.0;0.2973975077297494;13.320433887891497;177.43395896168818;13;122;49.22115206519726;48.0;0.27062417942285344;29.10676092128582;0.921125204954587;DIFF;1448338.0;DIFF;2.4470614950776843;2.4299061057735702;0.101584260238;4.44535986725;OIL SPILL
09 S1A_IW_GRDH_1SDV_20200820T001548_8b.tif;41;SP00206GXS1;SENTINEL-1;IW;IMG_09_WIN_001;IMG_09_WIN_001;800;600;800;600;1;1;800;600;0;0;0;0;0;1;1;1;17;13;13;19.503956903279693;-92.22690293184093;15Q;7.561299202417576;69.097463844181;631.433749926383;0.3350926743598004;50.24790126791778;2.395278666368374;4.847057642495014;7.754169911399382;7.9637094865284555;15.824949133888612;10.41862517399792;-16.81131625655108;0.019901328707602736;9.138305732180052;6.498793587382107;42.234318091398805;4;52;14.524713697883099;13.0;0.4474300645477971;18.423178787459296;339.4135166346902;5;255;45.40285335406283;44.0;0.40577138718112565;30.878139656179727;0.8494325828704186;DIFF;1281390065.5;DIFF;3.1259034978899485;3.0792694649450905;7.56129920242;69.0974638442;OIL SPILL
09 S1A_IW_GRDH_1SDV_20200820T001548_8b.tif;42;SP00207GXS1;SENTINEL-1;IW;IMG_09_WIN_001;IMG_09_WIN_001;800;600;800;600;1;1;800;600;0;0;0;0;0;1;1;1;17;13;13;19.51272471429474;-92.23033788036373;15Q;0.6618666185134087;18.833169503522445;535.8908632453146;0.3072092364706777;42.64483992163735;1.613924497866903;3.2320807140431476;5.791047308134755;5.796994200658085;11.591014996767498;7.413767309738413;-14.949256450999059;0.023449495925827478;28.454629643995116;6.059160671768885;36.713428046310774;7;43;18.346545866364664;18.0;0.3302616588377732;20.285814209985606;411.514258162054;6;255;48.80666141786191;47.0;0.4156361779452005;30.460115551497246;0.8881184081661468;DIFF;50707665.5;DIFF;2.660264322961239;2.7355718528515443;0.661866618513;18.8331695035;OIL SPILL
09 S1A_IW_GRDH_1SDV_20200820T001548_8b.tif;43;SP00208GXS1;SENTINEL-1;IW;IMG_09_WIN_004;IMG_09_WIN_004;800;600;800;600;1;1;800;600;0;0;0;0;0;4;1;1;17;11;11;19.488996436079812;-92.17031830898266;15Q;0.2702937997810387;9.087955214118828;305.5598391111279;0.2686821474364892;24.315679402450133;1.2054590823427018;2.4199965921904854;4.817635270920472;4.8762072432204775;9.723186201818473;6.107857802353934;11.510940853082387;0.04112572729097738;33.622507144007216;6.0296263225492135;36.35639358957835;7;41;19.600554785020805;20.0;0.3076252886044426;19.548363354626865;382.1385098445185;14;255;51.79470565667761;49.0;0.3774201070704724;32.1941508716568;0.9096314584083578;DIFF;16752167.5;DIFF;2.64251222604476;2.6996067329667555;0.270293799781;9.08795521412;OIL SPILL
09 S1A_IW_GRDH_1SDV_20200820T001548_8b.tif;44;SP00209GXS1;SENTINEL-1;IW;IMG_09_WIN_002;IMG_09_WIN_002;800;600;800;600;1;1;800;600;0;0;0;0;0;2;1;1;17;9;9;19.520507299257662;-92.16440827932149;15Q;0.06371884056725563;1.5178435998364161;36.15648327958265;1.8682118583055662;2.8772415193825207;3.0111310717678124;6.307201570182997;11.218408303823297;11.990395817303995;23.59698528352223;15.228174938606347;-24.594303155177517;0.3475551125143669;23.8209544669025;6.450956850782482;41.61484429065744;6;37;16.94705882352941;16.0;0.38065347609615485;11.548667819063017;133.37172839506172;19;72;42.477777777777774;41.0;0.27187551758191775;25.530718954248364;0.8921568627450981;DIFF;30103.5;DIFF;2.506498515176058;2.427557057688892;0.0637188405673;1.51784359984;OIL SPILL
09 S1A_IW_GRDH_1SDV_20200820T001548_8b.tif;45;SP00210GXS1;SENTINEL-1;IW;IMG_09_WIN_001;IMG_09_WIN_001;800;600;800;600;1;1;800;600;0;0;0;0;0;1;1;1;17;13;13;19.550612143953025;-92.22315126240687;15Q;0.032602333479536935;1.8549157806732584;105.53577569992862;0.8062425591826257;8.398270187840586;1.3062718768527817;2.6143016293941006;6.35429547725042;6.3576696840556455;12.713652302378671;7.665237534956439;16.094031672215742;0.11907213957558158;56.89518456823062;4.380924069893235;19.192495706169904;13;35;21.49425287356322;22.0;0.20381839255653014;13.324685716413764;177.54724944120102;10;99;46.477239779646276;45.0;0.28669270764760496;24.982986906083056;0.8946687862215602;DIFF;293376.0;DIFF;2.1623100860049336;2.204103048216037;0.0326023334796;1.85491578067;OIL SPILL
09 S1A_IW_GRDH_1SDV_20200820T001548_8b.tif;46;SP00211GXS1;SENTINEL-1;IW;IMG_09_WIN_001;IMG_09_WIN_001;800;600;800;600;1;1;800;600;0;0;0;0;0;1;1;1;17;13;13;19.534971985261695;-92.2650608723177;15Q;0.3785156845155061;12.794346554939908;432.46636920060524;0.5876734899833866;34.41458018964047;1.5259402467633945;3.066614747549534;5.355689188901653;5.424414326919088;10.814547078399487;6.971492907760522;-12.5286584670764;0.02905745165245461;33.801364324747766;5.980787788110781;35.76982256641505;7;41;20.37821782178218;20.0;0.2934892462341798;13.838973418776694;191.5171852856079;9;134;49.641686106791084;48.0;0.2787772637094914;29.263468285008905;0.8905681392400516;DIFF;30761452.5;DIFF;2.436017052174667;2.4265573003995;0.378515684516;12.7943465549;OIL SPILL
09 S1A_IW_GRDH_1SDV_20200820T001548_8b.tif;47;SP00212GXS1;SENTINEL-1;IW;IMG_09_WIN_001;IMG_09_WIN_001;800;600;800;600;1;1;800;600;0;0;0;0;0;1;1;1;17;13;13;19.55682031022119;-92.27565582068995;15Q;0.2401935358489019;7.865100970626074;257.5415406560202;0.9080903461589503;20.49450462345397;1.5662252486112198;3.144395015096042;5.628343520044358;5.64836206898175;11.286718552794813;7.2209985918165005;-13.67162187950265;0.04879356775745616;32.744848618964326;5.31688538319037;28.269270177983408;9;37;19.449297971918877;19.0;0.2733715834302581;19.882080217174813;395.2971137621741;11;255;48.43493108915722;46.0;0.4104905234731649;28.98563311723834;0.8882811514436428;DIFF;10370806.5;DIFF;2.490317704993164;2.596686253980555;0.240193535849;7.86510097063;OIL SPILL
09 S1A_IW_GRDH_1SDV_20200820T001548_8b.tif;48;SP00213GXS1;SENTINEL-1;IW;IMG_09_WIN_001;IMG_09_WIN_001;800;600;800;600;1;1;800;600;0;0;0;0;0;1;1;1;17;13;13;19.585279222307854;-92.22631910497307;15Q;0.05132846777309483;2.045220482939001;81.49331171007275;0.7417134496925315;6.485031693793358;2.2528724621483356;4.575677679416345;6.481687992057413;6.521183946830695;13.022642741248866;8.809640622721838;-15.011803339612412;0.15420125100654047;39.8457341836153;5.409552036603412;29.263253236720125;9;32;20.18978102189781;20.0;0.2679351514875877;12.49551298115473;156.1378446622064;15;109;45.060413354531;44.0;0.27730577797503175;24.87063233263319;0.8844475647824724;DIFF;169633.0;DIFF;2.231842599266358;2.2371559024525625;0.051328467773;2.04522048294;OIL SPILL
09 S1A_IW_GRDH_1SDV_20200820T001548_8b.tif;49;SP00214GXS1;SENTINEL-1;IW;IMG_09_WIN_013;IMG_09_WIN_013;800;600;800;600;1;1;800;600;0;0;0;0;0;13;1;1;17;2;2;19.218474804416847;-92.38287327709395;15Q;0.15656809651742834;2.3279825360457074;34.614348699899615;1.0511938924235718;2.754522348747772;3.1261444555944906;8.021376366988274;9.879234864079523;11.768863485131357;-23.70884971621284;15.955396803703923;22.594189558527777;0.36303934889277917;14.868818027602249;5.499874395973953;30.24861837148986;7;32;15.796163069544365;14.0;0.34817786900275366;18.297474524797337;334.7975739856076;20;138;50.71976401179941;47.0;0.36075630242563084;34.92360094225505;0.9332357123151036;DIFF;140751.5;DIFF;3.210891391061235;3.2236344379296344;0.156568096517;2.32798253605;OIL SPILL
10 S1A_IW_GRDH_1SDV_20200901T001548_8b.tif;0;OS03015GXS1;SENTINEL-1;IW;IMG_10_WIN_005;IMG_10_WIN_005;800;600;800;600;1;1;800;600;0;0;0;0;0;5;1;1;6;5;5;19.488407885094443;-92.044889583853;15Q;12.73047350597753;129.1659959954588;1310.5446952672305;2.890205008195408;104.28983319732069;1.6249998597494828;3.2574373808444705;5.3042960278004605;5.311163401926264;10.618895689642196;6.945852538580382;13.082064110671867;0.009588662378124228;10.14620516156053;7.17921960125173;51.541194082997045;2;49;13.445134880433502;12.0;0.5339641189988757;17.654079932491186;311.66653826278804;9;255;43.85020856951991;42.0;0.4025996798738709;30.405073689086407;0.9223223903041121;DIFF;31023576407.5;DIFF;3.2614182720721114;3.101374981413911;12.730473506;129.165995995;SEEPAGE SLICK
10 S1A_IW_GRDH_1SDV_20200901T001548_8b.tif;1;OS03016GXS1;SENTINEL-1;IW;IMG_10_WIN_006;IMG_10_WIN_006;800;600;800;600;1;1;800;600;0;0;0;0;0;6;1;1;6;1;1;19.294255102081635;-92.96783344460715;15Q;0.2870701196197572;8.56602085518474;255.6055412128998;1.3006521206504509;20.34044268285609;2.058039168899548;4.125542963213123;5.728828956338937;5.730434757743869;11.46006661480188;7.793462052291967;-16.518293049965262;0.049163138462214914;29.83947220466897;18.569848604689174;344.83927720107647;33;148;79.10196078431373;81.0;0.23475838551364528;37.07341102773955;1374.4378052317206;63;255;156.43913589550365;153.0;0.23698296986569528;77.33717511118992;0.8777191660386836;DIFF;14961807.5;DIFF;1.9776897354297471;1.9786730097281346;0.28707011962;8.56602085518;SEEPAGE SLICK
10 S1A_IW_GRDH_1SDV_20200901T001548_8b.tif;2;SP00215GXS1;SENTINEL-1;IW;IMG_10_WIN_001;IMG_10_WIN_001;800;600;800;600;1;1;800;600;0;0;0;0;0;1;1;1;6;4;4;19.615112473981394;-92.11413295864797;15Q;5.764134305444365;50.22371006221025;437.6062247596263;0.9696477850257513;34.82359689913874;3.0061992101468475;6.502619110183264;9.508999553075279;10.266890456834593;20.833621602767746;-14.014683514002858;20.164582957830934;0.02871616056481322;8.71314015268047;6.1233624990521;37.495568294797586;3;39;16.64431013192955;16.0;0.3678952417081781;9.666595039490204;93.44305965749662;14;89;38.50851134232876;37.0;0.2510248956018363;21.86420121039921;0.8641469322576704;DIFF;411750447.5;DIFF;2.313614144238763;2.2387006706587504;5.76413430544;50.2237100622;OIL SPILL
10 S1A_IW_GRDH_1SDV_20200901T001548_8b.tif;3;SP00216GXS1;SENTINEL-1;IW;IMG_10_WIN_005;IMG_10_WIN_005;800;600;800;600;1;1;800;600;0;0;0;0;0;5;1;1;6;5;5;19.417615650971435;-92.03552368471883;15Q;0.39495172110779003;11.02758073188904;307.90481544740845;5.565436277311899;24.502286690126414;2.0221947263197704;4.052890421859504;7.829811875871061;7.782321165390096;15.58838973342268;9.80879721216657;18.101164305439546;0.040812517323249094;27.921338590342284;5.856895769792545;34.30322805821381;3;39;18.586894586894587;19.0;0.31510889258080677;9.079947013794138;82.44543777330908;16;94;37.449717514124295;36.0;0.24245702281651668;18.862822927229708;0.8315057865340352;DIFF;4540473.5;DIFF;2.0148453169003107;1.9773740539952187;0.394951721108;11.0275807319;OIL SPILL
10 S1A_IW_GRDH_1SDV_20200901T001548_8b.tif;4;SP00217GXS1;SENTINEL-1;IW;IMG_10_WIN_005;IMG_10_WIN_005;800;600;800;600;1;1;800;600;0;0;0;0;0;5;1;1;6;5;5;19.43798689414189;-92.07221062031434;15Q;0.20213570115177842;5.476198665199879;148.35950131451133;3.489189733198617;11.806073994426512;2.333111186855727;4.717713671375595;7.670529252866414;7.625439363764896;15.273498148751308;9.984326935403965;17.005827939844202;0.08470216267254352;27.091694510154564;5.294909464723433;28.036066239617792;6;38;18.59925788497217;18.0;0.28468391037266133;9.707686971609325;94.23918633875343;18;98;37.24098124098124;36.0;0.26067215868433286;18.64172335600907;0.8551844980416409;DIFF;731144.5;DIFF;2.0022831809365473;1.9901191659441915;0.202135701152;5.4761986652;OIL SPILL
10 S1A_IW_GRDH_1SDV_20200901T001548_8b.tif;5;SP00218GXS1;SENTINEL-1;IW;IMG_10_WIN_005;IMG_10_WIN_005;800;600;800;600;1;1;800;600;0;0;0;0;0;5;1;1;6;5;5;19.370220692494183;-92.06827257166341;15Q;0.17483071173006332;4.474449909317947;114.51478857963541;5.71364683221201;9.11279732978615;2.3652855140886286;4.745016025061026;8.110944827192599;8.16673959058449;16.305611814211463;10.546363854178805;18.235306683014585;0.10973578845338668;25.593042921580324;6.065623267955616;36.79178562876457;4;35;16.113733905579398;15.0;0.3764256815644317;9.819839857673072;96.4292548303447;16;81;38.52023692003949;37.0;0.25492677726923507;22.40650301446009;0.8905134538552466;DIFF;467018.5;DIFF;2.3905220941188445;2.308818292016111;0.17483071173;4.47444990932;OIL SPILL
10 S1A_IW_GRDH_1SDV_20200901T001548_8b.tif;6;SP00219GXS1;SENTINEL-1;IW;IMG_10_WIN_004;IMG_10_WIN_004;800;600;800;600;1;1;800;600;0;0;0;0;0;4;1;1;6;3;3;19.498286369990183;-92.05481259884407;15Q;0.4569873001946098;14.833564502899877;481.4896076280209;3.413552776947249;38.31572555068834;2.1946242073836113;4.442260677515353;7.24514211570786;7.172617264249011;14.381517754466659;9.393760667677187;16.390850347303996;0.02609894464029104;32.459467684513214;6.034137075285701;36.41081024333747;4;34;18.666940114848238;20.0;0.3232526079882781;9.302383659502093;86.53434174857156;3;80;37.67181041609259;37.0;0.24693221686867253;19.004870301244353;0.8402172726267821;DIFF;8621201.5;DIFF;2.0181031376496095;1.977947240783677;0.456987300195;14.8335645029;OIL SPILL
10 S1A_IW_GRDH_1SDV_20200901T001548_8b.tif;7;SP00220GXS1;SENTINEL-1;IW;IMG_10_WIN_003;IMG_10_WIN_003;800;600;800;600;1;1;800;600;0;0;0;0;0;3;1;1;6;1;1;19.543286269471164;-92.19311651415677;15Q;3.4777751945324695;51.31559605322042;757.1767152854438;4.525743495463312;60.25420851588153;2.471581846613032;5.014932866717384;7.4174033477810335;7.504460027382517;14.9662318561797;10.016256241471291;16.172012662589363;0.01659635110361502;14.755294170219926;7.185804353796427;51.635784211039685;2;38;15.335237068965517;16.0;0.46858123689125114;21.864842666840232;478.0713448456771;10;255;47.97057639671551;45.0;0.45579695532566694;32.63533932774999;0.9132775588638622;DIFF;457470576.5;DIFF;3.128127474063986;3.112934939832817;3.47777519453;51.3155960532;OIL SPILL
10 S1A_IW_GRDH_1SDV_20200901T001548_8b.tif;8;SP00221GXS1;SENTINEL-1;IW;IMG_10_WIN_001;IMG_10_WIN_001;800;600;800;600;1;1;800;600;0;0;0;0;0;1;1;1;6;4;4;19.659038267740364;-92.22692474067938;15Q;0.28311585529075584;9.685682875329272;331.357114087103;0.6819520029603826;26.368561317813775;2.237803418251882;4.678122986770713;7.465663894129903;8.759997323317684;-16.883159259188748;-11.101729987896231;-17.539272216060716;0.03792394996250445;34.21102242890006;4.854735948463901;23.56846112930769;10;37;23.883597883597883;24.0;0.20326652509075704;12.971029165604005;168.24759761494974;18;114;46.58798665183537;45.0;0.2784200412552707;22.70438876823749;0.8407857643119043;DIFF;3314530.5;DIFF;1.9506268225956769;1.9842430346201922;0.283115855291;9.68568287532;OIL SPILL
10 S1A_IW_GRDH_1SDV_20200901T001548_8b.tif;9;SP00222GXS1;SENTINEL-1;IW;IMG_10_WIN_004;IMG_10_WIN_004;800;600;800;600;1;1;800;600;0;0;0;0;0;4;1;1;6;3;3;19.531916752810826;-92.09100064602264;15Q;0.8346883404579908;14.997208251500993;269.46135993163466;2.319837600903;21.443053702692023;2.6992656612577903;5.552371949635091;8.199119666221208;8.231014153338412;16.446284070883333;11.007224551492168;-17.960803391846166;0.04663514879293788;17.967434699365842;5.172336128536234;26.75306102656119;8;43;23.449483610237987;24.0;0.22057356206675718;9.027524663101678;81.49620154290908;13;93;39.30923887027286;38.0;0.2296540183058247;15.85975526003487;0.7803667065545792;DIFF;13304343.5;DIFF;1.6763370794702932;1.6796015802485678;0.834688340458;14.9972082515;OIL SPILL
10 S1A_IW_GRDH_1SDV_20200901T001548_8b.tif;10;SP00223GXS1;SENTINEL-1;IW;IMG_10_WIN_005;IMG_10_WIN_005;800;600;800;600;1;1;800;600;0;0;0;0;0;5;1;1;6;5;5;19.388815842970704;-92.04820224150964;15Q;0.04239028892223257;1.2838331528046898;38.88219698771571;3.787175387311393;3.0941469244338795;2.585808956410525;5.292245304392827;7.1265853647885296;7.1426128157437105;14.277245951491816;9.789591258282181;16.179576342893807;0.32319085823080784;30.28602034678168;4.761802093997068;22.674759182394865;10;38;22.504424778761063;23.0;0.2115940372086782;9.875024053272682;97.51610005271404;21;77;42.258855585831064;41.0;0.2336794008350683;19.75443080707;0.888307491982349;DIFF;40798.5;DIFF;1.877802076759304;1.886618882054006;0.0423902889222;1.2838331528;OIL SPILL
11 S1B_IW_GRDH_1SDV_20200320T120027_8b.tif;0;OS03017GXS1;SENTINEL-1;IW;IMG_11_WIN_001;IMG_11_WIN_001;800;600;800;600;1;1;800;600;0;0;0;0;0;1;1;1;2;1;1;19.384605350634125;-92.03135055237647;15Q;0.24497176528868292;8.209082189541952;275.08896919300645;1.028662047912315;21.89088461856054;2.495809783722232;5.116175720055374;8.105339728018208;8.27036079513561;16.46992497462434;10.895373045287132;17.09806775671831;0.04568111419088718;33.51031977039516;10.505023010149532;110.35550844377114;32;97;61.6416539050536;62.0;0.17042084929016307;34.568819647093235;1195.0032917932595;45;255;112.87694517596361;107.0;0.3062522607535488;51.23529127091001;0.8399149282826065;DIFF;2646572.0;DIFF;1.8311796979008306;0.9801119694366756;0.244971765289;8.20908218954;SEEPAGE SLICK
11 S1B_IW_GRDH_1SDV_20200320T120027_8b.tif;1;SP00224GXS1;SENTINEL-1;IW;IMG_11_WIN_002;IMG_11_WIN_002;800;600;800;600;1;1;800;600;0;0;0;0;0;2;1;1;2;1;1;19.31025787900502;-92.19044257946892;15Q;0.5989569342382003;18.94333069878715;599.1245070399335;0.6619733360736592;47.67681341145024;1.4395443022286005;2.8826927483645783;5.245583696564099;5.251537406805902;10.500097966248017;6.69288598206699;-14.22362500303433;0.02097455615101651;31.6271999135977;11.867921297340782;140.8475559198749;22;133;60.38721804511278;61.0;0.19653035330216323;30.132076291950575;907.94202166393;43;255;112.70824577788154;108.0;0.2673458014006625;52.32102773276876;0.8631552907484681;DIFF;80237213.0;DIFF;1.8664255355112054;0.9689824245073331;0.598956934238;18.9433306988;OIL SPILL
12 S1B_IW_GRDH_1SDV_20200425T120028_8b.tif;0;OS03018GXS1;SENTINEL-1;IW;IMG_12_WIN_004;IMG_12_WIN_004;800;600;800;600;1;1;800;600;0;0;0;0;0;4;1;1;14;3;3;19.421775052405206;-91.99190939636955;15Q;80.34525601831258;538.0647025163464;3603.369239722347;2.139842483258741;286.74701314354814;2.131278734502398;4.540767549493057;6.60175396568439;6.845718825136607;13.58098557331072;9.145412484492715;14.212650747580703;0.003487394651603192;6.696906938646244;2.633916045523019;6.937513734863618;3;37;8.808503685583975;8.0;0.29901969046498716;21.475902247782525;461.21437735631054;3;255;30.540643197643927;28.0;0.7031908957778366;21.732139512059952;0.857815747735904;DIFF;283553106207.5;DIFF;3.4671772060022907;1.2263287942384726;80.3452560183;538.064702516;SEEPAGE SLICK
12 S1B_IW_GRDH_1SDV_20200425T120028_8b.tif;1;OS03019GXS1;SENTINEL-1;IW;IMG_12_WIN_006;IMG_12_WIN_006;800;600;800;600;1;1;800;600;0;0;0;0;0;6;1;1;14;2;2;19.284070455555245;-93.02280463436564;15Q;9.91483352203194;77.90470683239359;612.1276099245472;0.8594042917709717;48.71156746125961;2.306926071515597;4.80328107458453;6.966556641450003;7.127902259230506;14.183871570064717;9.632860987787716;14.877111890658451;0.020529004754267076;7.857389300514231;3.0113441528514118;9.068193606912388;3;34;7.970931112793338;7.0;0.37779076374379983;8.171541055655982;66.7740832242713;6;93;27.32158953192994;27.0;0.29908732235751295;19.350658419136604;0.9269550998863333;DIFF;6092465571.5;DIFF;3.427653450433013;1.325337094613179;9.91483352203;77.9047068324;SEEPAGE SLICK
12 S1B_IW_GRDH_1SDV_20200425T120028_8b.tif;2;SP00225GXS1;SENTINEL-1;IW;IMG_12_WIN_001;IMG_12_WIN_001;800;600;800;600;1;1;800;600;0;0;0;0;0;1;1;1;14;15;15;19.482197370820586;-91.9656194196307;15Q;0.45255425783793884;14.185144020066973;444.6280360533007;0.785872249718887;35.382374887562136;2.444003841552152;5.618173647064348;7.553155095853478;8.444042148095294;16.994630725404633;11.271770478400114;-16.460442171857224;0.028262659111430284;31.344626140158248;2.5967291332976004;6.743002191716507;6;28;11.031483015741507;11.0;0.23539256957493082;17.289958094165485;298.94265089799853;7;255;31.017049329393043;29.0;0.5574340070375683;19.985566313651535;0.8622304948797394;DIFF;10334309.5;DIFF;2.8116844566712285;1.0206262194665539;0.452554257838;14.1851440201;OIL SPILL
12 S1B_IW_GRDH_1SDV_20200425T120028_8b.tif;3;SP00226GXS1;SENTINEL-1;IW;IMG_12_WIN_001;IMG_12_WIN_001;800;600;800;600;1;1;800;600;0;0;0;0;0;1;1;1;14;15;15;19.490052076098145;-91.9714917819615;15Q;0.0727349771777263;2.795401247696425;107.43480563042924;1.2391425988505183;8.5493901880999;2.5833807689485635;5.841366197254822;8.023617212379087;8.457829094287947;-17.073477886119882;11.38709408836306;-16.74108697791786;0.11696740679726184;38.432695742323865;2.335569228702926;5.454883622063981;6;18;10.463917525773196;10.0;0.22320218244747173;10.345964135845897;107.03897390020954;10;69;26.866754617414248;25.0;0.38508425312895606;16.402837091641054;0.8862035198433208;DIFF;144225.5;DIFF;2.567561771319391;1.0370095210598669;0.0727349771778;2.7954012477;OIL SPILL
12 S1B_IW_GRDH_1SDV_20200425T120028_8b.tif;4;SP00227GXS1;SENTINEL-1;IW;IMG_12_WIN_001;IMG_12_WIN_001;800;600;800;600;1;1;800;600;0;0;0;0;0;1;1;1;14;15;15;19.499394256569264;-91.97168643630702;15Q;0.16345693208752424;4.708942490725819;135.65738141402144;1.418943778524638;10.795271409472063;2.594832170218306;5.36217819033269;8.333056602853421;8.547268319108168;16.988615998046175;11.248629250596245;18.119501165919377;0.0926331503923628;28.808460005871027;2.7228432005330383;7.413875094688999;6;22;10.940366972477063;10.0;0.24888042671538885;11.951898402707505;142.8478754286422;8;110;30.04350348027842;28.0;0.3978197286662369;19.10313650780136;0.8684944336831351;DIFF;739435.0;DIFF;2.7461147835223043;1.040932229297569;0.163456932088;4.70894249072;OIL SPILL
12 S1B_IW_GRDH_1SDV_20200425T120028_8b.tif;5;SP00228GXS1;SENTINEL-1;IW;IMG_12_WIN_001;IMG_12_WIN_001;800;600;800;600;1;1;800;600;0;0;0;0;0;1;1;1;14;15;15;19.497463023690614;-91.98222051158868;15Q;0.1409636786230095;4.187872594824581;124.41699196419808;0.8562561983157823;9.900789637863372;2.76183984654688;5.9920192043486775;9.655912474663229;10.037444470654448;19.938797861432217;13.310724496313936;20.210370190178477;0.10100204494555888;29.708877036506305;2.739582463734176;7.505312075599818;5;20;10.752659574468085;11.0;0.2547818467385729;24.104078094461617;581.0065807839044;8;255;30.327974276527332;26.0;0.7947803527753989;19.575314702059245;0.8329085995758363;DIFF;454941.0;DIFF;2.8205091090710552;1.0189311447596126;0.140963678623;4.18787259482;OIL SPILL
12 S1B_IW_GRDH_1SDV_20200425T120028_8b.tif;6;SP00229GXS1;SENTINEL-1;IW;IMG_12_WIN_001;IMG_12_WIN_001;800;600;800;600;1;1;800;600;0;0;0;0;0;1;1;1;14;15;15;19.507416939559345;-91.97470461924777;15Q;0.04123707767937519;1.7819239769536825;76.99995339947519;0.6098857789860792;6.127461600686033;2.753361257180954;5.9783827104571055;8.234117165839166;8.699995155582386;17.1718300682426;11.863226653095765;-17.998156224098004;0.1631997171370343;43.21169387434346;2.748703676431209;7.5553719008264455;6;19;10.909090909090908;11.0;0.2519645036728609;10.577285134697824;111.87896082069958;9;57;24.7396449704142;22.0;0.4275439339306224;13.830554061323292;0.8064012910166756;DIFF;35470.0;DIFF;2.267800788954635;0.9903525298673252;0.0412370776793;1.78192397695;OIL SPILL
12 S1B_IW_GRDH_1SDV_20200425T120028_8b.tif;7;SP00230GXS1;SENTINEL-1;IW;IMG_12_WIN_001;IMG_12_WIN_001;800;600;800;600;1;1;800;600;0;0;0;0;0;1;1;1;14;15;15;19.502806100004058;-91.98095837428966;15Q;0.17807349511132098;4.763718849083654;127.43624343942128;0.840718072990194;10.141054036223007;2.3246419370826894;4.742020948225358;6.6333744960466685;6.644210498548774;13.283007278097772;9.01930085596018;-15.635546221015638;0.09860907913793603;26.751419946610582;2.7595944942786765;7.615361772853185;5;22;10.585263157894737;10.0;0.2607015482860723;51.83137704341644;2686.491646216796;8;255;48.50664767331434;34.0;1.0685417263318977;37.921384515419604;0.9130084470435347;DIFF;1977124.0;DIFF;4.5824696986524085;1.0119548922727377;0.178073495111;4.76371884908;OIL SPILL
12 S1B_IW_GRDH_1SDV_20200425T120028_8b.tif;8;SP00231GXS1;SENTINEL-1;IW;IMG_12_WIN_001;IMG_12_WIN_001;800;600;800;600;1;1;800;600;0;0;0;0;0;1;1;1;14;15;15;19.504303667850994;-91.99081916376107;15Q;0.10684254383344936;3.3060803324168306;102.30163727130818;1.385695102963229;8.140905629061386;2.4599771920670506;5.198331144716429;7.271045066895517;7.472158021597802;14.845190859953217;10.109469887872958;-15.9349875357699;0.12283645647852767;30.94348200442033;2.3854643437759213;5.690440135426286;6;21;10.63859649122807;10.0;0.22422735421376572;62.43375721169232;3897.9740395685426;9;255;57.239528795811516;37.0;1.0907454782587394;46.600932304583445;0.9145196105446863;DIFF;431118.5;DIFF;5.380364679025819;1.0060314322765722;0.106842543833;3.30608033242;OIL SPILL
12 S1B_IW_GRDH_1SDV_20200425T120028_8b.tif;9;SP00232GXS1;SENTINEL-1;IW;IMG_12_WIN_001;IMG_12_WIN_001;800;600;800;600;1;1;800;600;0;0;0;0;0;1;1;1;14;15;15;19.50823825105217;-92.00668151488856;15Q;0.061479372663147604;2.826774188741913;129.97289933193014;0.878537212926127;10.342914698330992;2.383666890657294;5.129156843177735;7.278834021677297;7.552426872484219;14.970937025574369;10.129868470123204;15.908198662826194;0.09668454484705044;45.979229557694524;2.5088407039054657;6.294281677572873;6;18;11.067073170731707;11.0;0.22669414624820738;15.676190858840057;245.74295984278055;8;131;30.694896851248643;27.0;0.5107100028649343;19.627823680516936;0.8430589761923678;DIFF;146835.0;DIFF;2.773533379396572;1.0096246521235854;0.0614793726631;2.82677418874;OIL SPILL
12 S1B_IW_GRDH_1SDV_20200425T120028_8b.tif;10;SP00233GXS1;SENTINEL-1;IW;IMG_12_WIN_001;IMG_12_WIN_001;800;600;800;600;1;1;800;600;0;0;0;0;0;1;1;1;14;15;15;19.498199732459813;-92.01217221430107;15Q;0.10009722342782829;4.46208998475715;198.90908409088564;2.3596468076473918;15.828681979472963;1.941072587469014;3.995026291921502;6.47313415730857;7.483702133165899;-14.47990259144648;-9.494667117623706;15.014333795280086;0.06317645406590551;44.577560015682046;2.614049766661064;6.8332561825807625;5;19;10.53183520599251;11.0;0.24820458310757615;11.114879691948062;123.54055056647945;7;84;29.087387666563373;28.0;0.3821202446696468;18.555552460570865;0.8851288693595355;DIFF;845697.0;DIFF;2.7618536653529233;1.0409007660124432;0.100097223428;4.46208998475;OIL SPILL
12 S1B_IW_GRDH_1SDV_20200425T120028_8b.tif;11;SP00234GXS1;SENTINEL-1;IW;IMG_12_WIN_001;IMG_12_WIN_001;800;600;800;600;1;1;800;600;0;0;0;0;0;1;1;1;14;15;15;19.488953328120346;-91.99868908727599;15Q;0.1750874593022412;7.098551305829589;287.79577270871937;1.3064515620800001;22.90205991377214;1.7953247257362144;3.691242012780908;5.230861774025602;5.3610227636651375;10.657683483116065;7.242459098736545;-11.897502859003376;0.04366419456437849;40.54288830347271;2.5455675523316437;6.479914163483715;5;18;10.599571734475374;10.0;0.2401575852401773;15.373030811036362;236.33007631707332;6;255;34.56785365011793;33.0;0.4447204320706766;23.968281915642557;0.9410534375988946;DIFF;8046895.5;DIFF;3.261250031233349;1.0339107604631026;0.175087459302;7.09855130583;OIL SPILL
12 S1B_IW_GRDH_1SDV_20200425T120028_8b.tif;12;SP00235GXS1;SENTINEL-1;IW;IMG_12_WIN_001;IMG_12_WIN_001;800;600;800;600;1;1;800;600;0;0;0;0;0;1;1;1;14;15;15;19.50445791700298;-92.01770247545801;15Q;0.13945547926568397;4.27962055041233;131.33332696536345;1.3265906094444735;10.451174089620853;2.75397494830628;6.083342585940755;8.906776140088812;9.337974054990763;18.826289805315188;12.574062862948505;-18.50487796982621;0.09568302962182099;30.68807746348209;2.528842753122395;6.395045670019655;5;23;10.155913978494624;10.0;0.24900198627885944;10.43726321771351;108.93646347583535;9;72;28.27810650887574;27.0;0.3690934261966066;18.122192530381117;0.9040052172806515;DIFF;372746.0;DIFF;2.7843979939919996;1.0658826887211355;0.139455479266;4.27962055042;OIL SPILL
12 S1B_IW_GRDH_1SDV_20200425T120028_8b.tif;13;SP00236GXS1;SENTINEL-1;IW;IMG_12_WIN_001;IMG_12_WIN_001;800;600;800;600;1;1;800;600;0;0;0;0;0;1;1;1;14;15;15;19.491896171938187;-92.01734175784286;15Q;0.07535669523900282;1.668849413166438;36.958339998759456;0.8935764619094344;2.9410512496367405;3.124985349979114;7.139508824505449;10.480767547327789;11.572612352689795;22.59931823884199;15.982069688363927;24.666495813957443;0.34001447615831704;22.14600053616313;2.43109034027291;5.910200242568253;6;19;9.72636815920398;9.0;0.24994841861629408;9.060050900936261;82.08452232755596;10;57;24.89265536723164;23.0;0.3639648228474167;15.16628720802766;0.8851505185934733;DIFF;35029.5;DIFF;2.559296024968573;1.0885925647049899;0.0753566952389;1.66884941316;OIL SPILL
12 S1B_IW_GRDH_1SDV_20200425T120028_8b.tif;14;SP00237GXS1;SENTINEL-1;IW;IMG_12_WIN_001;IMG_12_WIN_001;800;600;800;600;1;1;800;600;0;0;0;0;0;1;1;1;14;15;15;19.51993582538239;-92.01793148662597;15Q;0.05735134120021609;1.8928912604667698;62.47521416182638;0.7062285247847135;4.971619577289726;2.552589696033981;5.174837729186552;7.978653495740481;8.005326741496154;15.997375966735097;10.593080996090663;-17.7799055057688;0.20114169727868622;33.00517862099514;2.5663230362266702;6.5860139262676745;7;20;10.437908496732026;10.0;0.24586563841119632;12.627283389487689;159.44828579843167;8;97;31.12081513828239;29.0;0.4057504063881217;20.68290664155036;0.9040157547735251;DIFF;104060.5;DIFF;2.981518294400254;1.0564383951787812;0.0573513412003;1.89289126046;OIL SPILL
12 S1B_IW_GRDH_1SDV_20200425T120028_8b.tif;15;SP00238GXS1;SENTINEL-1;IW;IMG_12_WIN_004;IMG_12_WIN_004;800;600;800;600;1;1;800;600;0;0;0;0;0;4;1;1;14;3;3;19.39771106377317;-92.0498034828943;15Q;1.3406602423181715;20.368566127551148;309.458334779173;1.705535254389436;24.625911830545988;2.687380160255379;5.635258888405954;9.041937898197723;10.492930564455667;-20.93543879287652;13.985805296084797;20.270284255569326;0.04060763340992717;15.192936647641101;3.188360159048297;10.16564050380648;4;36;10.426133184107442;10.0;0.30580466437051806;64.35275484639509;4141.277056320227;5;255;49.65480338476854;27.0;1.296002611222404;39.2286702006611;0.820650455713698;DIFF;27685938.5;DIFF;4.762533003171049;1.0398404213202683;1.34066024232;20.3685661276;OIL SPILL
12 S1B_IW_GRDH_1SDV_20200425T120028_8b.tif;16;SP00239GXS1;SENTINEL-1;IW;IMG_12_WIN_004;IMG_12_WIN_004;800;600;800;600;1;1;800;600;0;0;0;0;0;4;1;1;14;3;3;19.372139094168368;-92.02343716344514;15Q;0.5113674497749888;18.404353391790064;662.3812757713413;0.8087311508987122;52.710627125262434;2.3637963779180073;5.542336985663611;7.134982709914888;7.410819240649718;14.898826446616514;11.004980732751665;-14.784516970018023;0.0189715064027522;35.99046712865342;2.8479000566715302;8.110534732789706;4;24;10.702861335289802;10.0;0.26608772808084014;29.127448080527362;848.4082316838171;7;255;30.069626944570306;25.0;0.9686667591260864;19.366765609280506;0.8372976865113704;DIFF;17538944.5;DIFF;2.8094942093124025;1.032634853887799;0.511367449775;18.4043533918;OIL SPILL
12 S1B_IW_GRDH_1SDV_20200425T120028_8b.tif;17;SP00240GXS1;SENTINEL-1;IW;IMG_12_WIN_002;IMG_12_WIN_002;800;600;800;600;1;1;800;600;0;0;0;0;0;2;1;1;14;3;3;19.418751225924943;-92.08428807695276;15Q;0.6904872635991274;18.11900068213399;475.4587130368423;1.8584814618926238;37.83580220796222;2.5404279288640486;5.599000310604568;8.03798393165594;9.036445712541683;-17.72107250802893;-12.002207283386761;-17.72732354261803;0.026429993330220936;26.24089050924659;2.7269393860047666;7.436198414944054;5;21;10.181966322650734;10.0;0.26782050731580553;21.463682102674696;460.689649404678;7;255;30.79846198491004;28.0;0.6969075960088852;20.616495662259307;0.8806601140022375;DIFF;12488550.0;DIFF;3.024804935407809;1.075962246856953;0.690487263599;18.1190006821;OIL SPILL
12 S1B_IW_GRDH_1SDV_20200425T120028_8b.tif;18;SP00241GXS1;SENTINEL-1;IW;IMG_12_WIN_002;IMG_12_WIN_002;800;600;800;600;1;1;800;600;0;0;0;0;0;2;1;1;14;3;3;19.44633539380913;-92.09220262325928;15Q;0.1072493030068488;3.1494349912430395;92.48489720658262;1.5199905863154615;7.359714275886723;2.9375142204818103;6.8408644367932006;9.681854298112878;11.316009255705065;21.89414596545649;16.076295506195496;-22.072342116401174;0.13587484004323205;29.365552063698917;2.895647477955923;8.384774316592498;6;19;10.681818181818182;10.0;0.27108189155332046;35.437130848680006;1255.790242786468;8;255;30.572192513368982;21.0;1.1591295205008154;19.890374331550802;0.7614150555327026;DIFF;102167.5;DIFF;2.862077596996245;1.020201740714813;0.107249303007;3.14943499124;OIL SPILL
12 S1B_IW_GRDH_1SDV_20200425T120028_8b.tif;19;SP00242GXS1;SENTINEL-1;IW;IMG_12_WIN_001;IMG_12_WIN_001;800;600;800;600;1;1;800;600;0;0;0;0;0;1;1;1;14;15;15;19.43150713532261;-92.04238199262068;15Q;0.3292854046580019;9.222427976190824;258.29622744550124;2.146573377314653;20.554560689970003;2.428343310146233;5.549153208268134;7.634997926335717;7.692424688711118;15.390677274146645;10.47993844358485;-15.772385706273798;0.048651003302054005;28.00739979887448;2.7245868834147324;7.423373685275605;5;21;10.166287015945331;10.0;0.26800216038966335;12.245030030315478;149.94076044332786;6;104;30.184747985759792;29.0;0.40566944723514986;20.018460969814463;0.8706682151465058;DIFF;4591228.5;DIFF;2.9691024794417538;1.088714473495814;0.329285404658;9.22242797619;OIL SPILL
12 S1B_IW_GRDH_1SDV_20200425T120028_8b.tif;20;SP00243GXS1;SENTINEL-1;IW;IMG_12_WIN_005;IMG_12_WIN_005;800;600;800;600;1;1;800;600;0;0;0;0;0;5;1;1;14;5;5;19.274837628530864;-92.16714332352136;15Q;8.782888228220825;54.82011829265993;342.17051288036356;1.9320082782161703;27.229064252599454;2.8654995890135235;5.987181250720231;9.316205774311008;10.1572171864036;19.914375223853874;13.169889278494319;20.41713879573097;0.036725463303592366;6.241695996598717;2.5435670541976836;6.469733359199883;3;28;8.251517223694332;8.0;0.30825446826842945;34.18849476987781;1168.8531746299625;3;255;35.69666233636455;30.0;0.957750459909235;27.445145112670215;0.9194431536184352;DIFF;929727795.5;DIFF;4.32607257170368;1.2917221804597028;8.78288822822;54.8201182926;OIL SPILL
12 S1B_IW_GRDH_1SDV_20200425T120028_8b.tif;21;SP00244GXS1;SENTINEL-1;IW;IMG_12_WIN_005;IMG_12_WIN_005;800;600;800;600;1;1;800;600;0;0;0;0;0;5;1;1;14;5;5;19.286377052626474;-92.21754316137796;15Q;2.0275598956451555;34.19842734418963;576.8176986178157;1.1440736694810913;45.901693998958244;2.6237138342818342;6.36048447373917;9.097543180715961;9.634603637933335;-19.08951850763998;12.868255559688597;-19.23765470983092;0.021785688345678383;16.866790183432748;2.664353413945627;7.098779114403718;4;24;10.04979637171418;9.0;0.2651151640688588;10.893437708591891;118.66698511097175;5;255;28.779809539052497;28.0;0.37850972202613575;18.730013167338317;0.8925989822852162;DIFF;133117316.0;DIFF;2.863720664038048;1.0915420426932194;2.02755989565;34.1984273442;OIL SPILL
12 S1B_IW_GRDH_1SDV_20200425T120028_8b.tif;22;SP00245GXS1;SENTINEL-1;IW;IMG_12_WIN_005;IMG_12_WIN_005;800;600;800;600;1;1;800;600;0;0;0;0;0;5;1;1;14;5;5;19.27383339337757;-92.21520792879728;15Q;3.343737921551749;58.431287271607935;1021.0774325975631;1.56027157290877;81.25476033874187;2.2691802627014726;4.742334980448574;7.070958948153512;7.2954571822368255;14.48266792975505;9.744467170252825;15.347865110562925;0.012306971257205281;17.474840625216036;3.920843645780887;15.37301489466036;4;69;10.274696901661429;9.0;0.3816018791899236;21.623251733416218;467.56501552668743;4;255;34.05052266415714;31.0;0.6350343560563805;23.775825762495714;0.9091905777982137;DIFF;951276765.0;DIFF;3.314017239637613;1.10152814703174;3.34373792155;58.4312872716;OIL SPILL
12 S1B_IW_GRDH_1SDV_20200425T120028_8b.tif;23;SP00246GXS1;SENTINEL-1;IW;IMG_12_WIN_005;IMG_12_WIN_005;800;600;800;600;1;1;800;600;0;0;0;0;0;5;1;1;14;5;5;19.221595800401325;-92.21337682363159;15Q;1.362618593918536;11.202842377537088;92.10477377607549;1.0859735939915511;7.3294650144115945;3.098834048011898;6.958764953935499;10.076536717358964;11.516819179465957;22.45269167855144;15.030329208615724;-22.475955352976932;0.13643560587761117;8.221554019251002;2.3394847032834205;5.473188676897115;4;23;8.779278038027005;8.0;0.26647802850645114;12.470122625248441;155.50395828873306;8;255;30.58613295210865;29.0;0.40770510756537903;21.806854914081644;0.930948722509281;DIFF;15149395.5;DIFF;3.483900705687454;1.2320408313277504;1.36261859392;11.2028423775;OIL SPILL
12 S1B_IW_GRDH_1SDV_20200425T120028_8b.tif;24;SP00247GXS1;SENTINEL-1;IW;IMG_12_WIN_005;IMG_12_WIN_005;800;600;800;600;1;1;800;600;0;0;0;0;0;5;1;1;14;5;5;19.234329750770648;-92.27363664554356;15Q;0.347660134686883;10.017330494595342;288.6350784173926;0.4740270561256035;22.968849739922437;2.108315181305728;4.315006919286917;7.40120016963726;7.574095489012757;15.07148451430069;9.74094161088525;15.740666726526857;0.043537225909135883;28.81357249549869;2.4627164028469135;6.064972080851242;6;20;10.658747300215984;10.0;0.23105120456294242;24.726709019959525;611.4101389577478;7;255;32.9470258542759;28.0;0.7504989715710703;22.288278554059914;0.8941370316843646;DIFF;10110530.5;DIFF;3.091078616115449;1.0348477800408198;0.347660134687;10.0173304946;OIL SPILL
12 S1B_IW_GRDH_1SDV_20200425T120028_8b.tif;25;SP00248GXS1;SENTINEL-1;IW;IMG_12_WIN_010;IMG_12_WIN_010;800;600;800;600;1;1;800;600;0;0;0;0;0;10;1;1;14;2;2;19.139305487268665;-92.33130064122489;15Q;0.9060582398834266;15.726779336558302;272.97537554828574;2.7630159029355994;21.72269018043809;2.4942951955798516;5.145130818642709;7.658677355633531;7.885284723508225;15.659814506686994;10.518364949499757;-16.62375297141828;0.0460348139062688;17.357360315581598;8.485704171719668;72.00717528994056;5;48;19.77446102819237;19.0;0.4291244226389601;11.789461810129017;138.99140977249058;9;118;43.345447870778266;42.0;0.27198846451594727;23.570986842585896;0.7587028148537781;DIFF;18813772.5;DIFF;2.19199136750078;1.0238840794652184;0.906058239883;15.7267793366;OIL SPILL
12 S1B_IW_GRDH_1SDV_20200425T120028_8b.tif;26;SP00249GXS1;SENTINEL-1;IW;IMG_12_WIN_010;IMG_12_WIN_010;800;600;800;600;1;1;800;600;0;0;0;0;0;10;1;1;14;2;2;19.120173348819097;-92.24916452937016;15Q;0.17432514671250335;5.844708944580996;195.95923646748872;1.349312500865183;15.593940564157213;1.9617133920222734;4.190411699242066;6.552704438787227;7.463703189252684;14.802174864289599;10.577238666825275;14.525444306633215;0.06412747284022022;33.527629574980814;6.735175167341977;45.36258453478002;9;44;22.101293103448278;22.0;0.3047412264891933;34.583959565586234;1196.0502592341036;15;255;65.25943489428967;59.0;0.5299457407439548;43.15814179084139;0.9326258440133816;DIFF;2330040.5;DIFF;2.9527428367577184;0.962975184874309;0.174325146713;5.84470894458;OIL SPILL
12 S1B_IW_GRDH_1SDV_20200425T120028_8b.tif;27;SP00250GXS1;SENTINEL-1;IW;IMG_12_WIN_007;IMG_12_WIN_007;800;600;800;600;1;1;800;600;0;0;0;0;0;7;1;1;14;3;3;19.195887659874273;-92.43581753188725;15Q;0.5118159808673186;8.63054631397962;145.53341916272987;0.7285527991324491;11.581181522406611;2.54234905730543;5.1295116328488595;8.419394273854973;8.582111380584516;17.084160677979558;11.162466056936212;18.19550801295065;0.08634697574381826;16.862596395201212;1.6663902728255555;2.7768565413676294;8;20;12.312545854732209;12.0;0.1353408379133138;7.80470551396147;60.913428159660576;8;69;23.356369183829138;22.0;0.3341574819499379;11.043823329096929;0.8221443589515434;DIFF;8597232.0;DIFF;1.8969569298986482;0.8956876388506073;0.511815980867;8.63054631399;OIL SPILL
12 S1B_IW_GRDH_1SDV_20200425T120028_8b.tif;28;SP00251GXS1;SENTINEL-1;IW;IMG_12_WIN_007;IMG_12_WIN_007;800;600;800;600;1;1;800;600;0;0;0;0;0;7;1;1;14;3;3;19.17549076887839;-92.44154016757638;15Q;0.0980190760486481;4.748039846929033;229.99484688916127;0.19380910778477423;18.302408384036823;1.8875889607994203;3.79684256353621;6.726378777427782;6.8523926364108965;13.642358503520907;8.813197153275903;14.928671554085403;0.05463761812200573;48.439957183156075;1.81754634038087;3.3034746994318933;7;19;12.229885057471265;12.0;0.14861516129054106;8.60440551182524;74.03579421192858;8;76;21.916164053075995;20.0;0.3926054528058521;9.68627899560473;0.7461928464798562;DIFF;399647.5;DIFF;1.7920171735127928;0.8978531337929905;0.0980190760484;4.74803984693;OIL SPILL
12 S1B_IW_GRDH_1SDV_20200425T120028_8b.tif;29;SP00252GXS1;SENTINEL-1;IW;IMG_12_WIN_011;IMG_12_WIN_011;800;600;800;600;1;1;800;600;0;0;0;0;0;11;1;1;14;3;3;18.952148943239933;-92.62364811781404;15Q;0.0481317060513275;1.8737289060257327;72.9427710194278;1.0693834941052425;5.804601285281091;1.6898541310855064;3.4009011684684847;6.169878431498441;6.196399818235379;12.379576828308307;7.9002350453192784;14.258700216621575;0.1722771213478058;38.92920196985318;3.261660272679391;10.638427734375;3;18;9.546875;10.0;0.34164690253924884;9.284622291270573;86.2042110915584;8;71;31.559352517985612;31.0;0.2941955886445796;22.012477517985612;0.9341839028776978;DIFF;283523.0;DIFF;3.305725959330735;1.1625022893616062;0.0481317060513;1.87372890602;OIL SPILL
12 S1B_IW_GRDH_1SDV_20200425T120028_8b.tif;30;SP00253GXS1;SENTINEL-1;IW;IMG_12_WIN_011;IMG_12_WIN_011;800;600;800;600;1;1;800;600;0;0;0;0;0;11;1;1;14;3;3;18.947628645532518;-92.72113468275204;15Q;0.10641698369780217;2.6021624491320154;63.62940553644517;1.0856584811011956;5.063467208562031;2.826924178164164;5.913988765974917;8.88308666007148;9.392076530340624;18.53208639073842;12.374960850769734;19.506600227307267;0.19749313243483788;24.45251085598809;3.410192410823734;11.62941227883979;3;17;8.265017667844523;8.0;0.4126055802749537;9.835902440349548;96.74497681607419;9;75;27.0;25.0;0.36429268297590917;18.734982332155475;0.8935614769990333;DIFF;181144.0;DIFF;3.266780675502351;1.2712369820224878;0.106416983698;2.60216244914;OIL SPILL
12 S1B_IW_GRDH_1SDV_20200425T120028_8b.tif;31;SP00254GXS1;SENTINEL-1;IW;IMG_12_WIN_008;IMG_12_WIN_008;800;600;800;600;1;1;800;600;0;0;0;0;0;8;1;1;14;1;1;19.14802830494976;-92.98066059784136;15Q;0.05408372473247291;2.481440170664205;113.85209415668982;0.7153693358335668;9.06006178320054;2.2454040861440436;4.565081945111329;6.62019845482782;6.631072385541702;13.256710520968236;8.927994408519684;15.708182067966847;0.11037452325703037;45.881458478289694;2.7635398997984053;7.6371527777777795;5;17;10.541666666666666;10.0;0.26215398258957207;8.556761190037292;73.21816206332842;11;62;27.700477326968972;27.0;0.30890302318749197;17.158810660302308;0.908810660302307;DIFF;239141.0;DIFF;2.6277132642184005;1.0396111808055675;0.0540837247325;2.48144017066;OIL SPILL
12 S1B_IW_GRDH_1SDV_20200425T120028_8b.tif;32;SP00255GXS1;SENTINEL-1;IW;IMG_12_WIN_009;IMG_12_WIN_009;800;600;800;600;1;1;800;600;0;0;0;0;0;9;1;1;14;1;1;19.142646115601163;-92.84094998148076;15Q;0.35982041130027964;12.158673476337036;410.85312578560456;0.4632726485029057;32.6946529267676;2.142011181635412;4.336413162950778;7.523269812978767;7.6645740783729055;15.258812855090191;9.907212973135897;-16.676617715673583;0.030586041156022946;33.79094985856792;3.389224063707036;11.486839754010836;3;27;10.772442588726513;11.0;0.31461983072009114;6.446016889206133;41.55113373593071;6;55;22.555254913130163;22.0;0.2857878092724943;11.78281232440365;0.8021818097491391;DIFF;6477814.0;DIFF;2.0937920743002616;1.0478655664243215;0.3598204113;12.1586734763;OIL SPILL
12 S1B_IW_GRDH_1SDV_20200425T120028_8b.tif;33;SP00256GXS1;SENTINEL-1;IW;IMG_12_WIN_014;IMG_12_WIN_014;800;600;800;600;1;1;800;600;0;0;0;0;0;14;1;1;14;1;1;19.32934517480929;-92.42410316733083;15Q;0.5894552491049795;20.676984607949294;725.3098401049768;0.742832376537442;57.71832316294966;2.1293359374550986;4.390541648495958;6.560880850238652;7.327093790080284;-15.656491063407403;-9.935898813849956;14.271449495922363;0.01732552065271911;35.078124487558526;1.7080328363374342;2.9173761700069;6;20;12.577975811584977;12.0;0.13579552560152375;10.922256798396642;119.29569357012166;8;255;25.3921048095156;24.0;0.4301438136118423;12.814128997930624;0.8472222408151714;DIFF;44024584.5;DIFF;2.0187751344002534;0.8842354744002445;0.589455249105;20.6769846079;OIL SPILL
12 S1B_IW_GRDH_1SDV_20200425T120028_8b.tif;34;SP00257GXS1;SENTINEL-1;IW;IMG_12_WIN_007;IMG_12_WIN_007;800;600;800;600;1;1;800;600;0;0;0;0;0;7;1;1;14;3;3;19.215315703643267;-92.4619413587769;15Q;0.18622850456843115;4.628143359369139;115.01843396375345;2.337773931709142;9.15287615601005;2.2123208719069702;4.449054958407341;6.6702943055909945;6.662188347737721;13.328429729391644;8.886725120237745;16.626666711884166;0.10925527483985133;24.8519600696707;2.11390335846959;4.468587408949012;6;18;12.443548387096774;13.0;0.16987946626716083;7.188041539090094;51.66794116768468;8;59;22.523093072078378;21.0;0.31914095972906253;10.079544684981604;0.8109381701618547;DIFF;1360234.0;DIFF;1.8100217374839396;0.8893895985370858;0.186228504568;4.62814335937;OIL SPILL
12 S1B_IW_GRDH_1SDV_20200425T120028_8b.tif;35;SP00258GXS1;SENTINEL-1;IW;IMG_12_WIN_006;IMG_12_WIN_006;800;600;800;600;1;1;800;600;0;0;0;0;0;6;1;1;14;2;2;19.2412776560598;-93.0260418185074;15Q;0.048798572095843394;1.5922343328808048;51.952548239015535;1.2631101617486404;4.134252429229733;2.792346317724084;5.685999852184138;8.951213236287254;9.037907533462892;18.032473415899318;11.881670458233248;20.330762782513958;0.24188169859437286;32.62870744974994;3.030700897316342;9.185147928994082;5;19;10.084615384615384;10.0;0.30052716754471737;8.575229546137368;73.5345617689473;9;60;25.759493670886076;24.0;0.3328958890146693;15.674878286270692;0.8902629016553067;DIFF;50527.0;DIFF;2.5543357568384364;1.0692801180227438;0.0487985720959;1.59223433288;OIL SPILL
12 S1B_IW_GRDH_1SDV_20200425T120028_8b.tif;36;SP00259GXS1;SENTINEL-1;IW;IMG_12_WIN_011;IMG_12_WIN_011;800;600;800;600;1;1;800;600;0;0;0;0;0;11;1;1;14;3;3;18.937095562072585;-92.74319718843216;15Q;0.030460411807314097;1.701256594927805;95.01755984436106;0.5270327518147756;7.561257164880023;2.3268528676048628;4.721540630711216;7.083371063280611;7.208288450853981;14.355159427933444;9.616494737598131;-15.514244514407201;0.13225313968221147;55.85139838849133;2.4601069489504614;6.052126200274348;5;17;10.851851851851851;11.0;0.22669927515925756;7.569760691137358;57.30127692108832;10;50;24.30016583747927;23.0;0.31151065971171954;13.448313985627419;0.8599594619495117;DIFF;47917.5;DIFF;2.239264428709694;1.050698592520007;0.0304604118074;1.70125659493;OIL SPILL
12 S1B_IW_GRDH_1SDV_20200425T120028_8b.tif;37;SP00260GXS1;SENTINEL-1;IW;IMG_12_WIN_003;IMG_12_WIN_003;800;600;800;600;1;1;800;600;0;0;0;0;0;3;1;1;14;2;2;19.417993243524585;-92.35294953630941;15Q;0.30451623133559863;8.959056094436015;263.58097810160297;1.1178648041961912;20.975107784933368;1.9157235519408549;3.9323756564322;5.928951854294639;6.28167731030106;12.41003984340021;8.38979844412727;-12.885474946967472;0.04767555953721059;29.42061923970974;1.900397546570656;3.6115108350117686;6;19;11.830049261083744;12.0;0.16064155817357617;9.21056393658533;84.83448802992628;7;130;25.03217654986523;23.0;0.3679489843097531;13.202127288781487;0.8434411500449236;DIFF;13989513.5;DIFF;2.115982444148508;0.9363375803959695;0.304516231336;8.95905609443;OIL SPILL
12 S1B_IW_GRDH_1SDV_20200425T120028_8b.tif;38;SP00261GXS1;SENTINEL-1;IW;IMG_12_WIN_003;IMG_12_WIN_003;800;600;800;600;1;1;800;600;0;0;0;0;0;3;1;1;14;2;2;19.380847456408095;-92.35840459035258;15Q;0.5322705657617003;15.634876054579985;459.25768766165356;0.9005693031767814;36.546565572152964;2.3955557236584735;4.8618260933832484;8.348082250914969;8.925088744990742;17.661696367679937;11.764440103921508;17.778098137864262;0.027362352230491407;29.37392570676129;2.1908525100235416;4.799834720676453;6;23;11.762508809020437;12.0;0.18625724712260533;7.118508389094646;50.67316168561085;7;58;20.47871569135163;19.0;0.34760521589256027;8.716206882331194;0.7021088001156167;DIFF;12498359.5;DIFF;1.741015970644537;0.9534270885880897;0.532270565762;15.6348760546;OIL SPILL
12 S1B_IW_GRDH_1SDV_20200425T120028_8b.tif;39;SP00262GXS1;SENTINEL-1;IW;IMG_12_WIN_002;IMG_12_WIN_002;800;600;800;600;1;1;800;600;0;0;0;0;0;2;1;1;14;3;3;19.483046979219985;-92.15777292979845;15Q;0.8708985675855533;13.520719577173372;209.90947130774887;0.6339573883192355;16.704064980217304;2.8833873175882854;6.011550210337326;10.556357884682596;11.797360458051738;-23.115092484211505;-14.890041201675771;-23.134824892544568;0.05986566749975556;15.52502217871102;2.7891952559353794;7.779610175732428;5;29;10.122686181661644;10.0;0.27553904229376514;7.734492147940905;59.82236878655952;6;68;22.436312607944732;21.0;0.3447309851264111;12.313626426283088;0.8074162817272942;DIFF;10378778.0;DIFF;2.2164386216566285;1.0784568907476126;0.870898567586;13.5207195772;OIL SPILL
13 S1B_IW_GRDH_1SDV_20200519T120029_8b.tif;0;OS03020GXS1;SENTINEL-1;IW;IMG_13_WIN_007;IMG_13_WIN_007;800;600;800;600;1;1;800;600;0;0;0;0;0;7;1;1;9;2;2;19.337752385854834;-92.13700919772118;15Q;26.68549582068979;184.41147654542686;1274.384890960046;0.5955892424735905;101.4123273989587;2.101074205109878;4.377743151783466;7.035784217182629;7.833245534892928;15.4340304627978;10.094811323744839;15.403586537413565;0.009860734149863009;6.910550876946758;7.337059316394237;53.83243941228747;2;52;13.28420771404868;11.0;0.5523144077787152;19.475739739621943;379.30443840548935;5;255;50.26875143655889;48.0;0.3874323348611728;36.98454372251021;0.9221819006505695;DIFF;52914668101.0;DIFF;3.784098571674493;1.1444004014174114;26.6854958207;184.411476545;SEEPAGE SLICK
13 S1B_IW_GRDH_1SDV_20200519T120029_8b.tif;1;OS03021GXS1;SENTINEL-1;IW;IMG_13_WIN_008;IMG_13_WIN_008;800;600;800;600;1;1;800;600;0;0;0;0;0;8;1;1;9;1;1;19.289691856064707;-92.98540265144744;15Q;1.0931466723142176;21.273880567417283;414.0139707314996;0.5677778947061776;32.946184975510725;2.4198166447215907;4.8777781261861275;7.522457765828811;7.578004880316797;15.12829113799888;10.023913005716159;16.926717807955743;0.030352527940437152;19.461140125304475;4.157892000958321;17.28806589163319;4;27;14.762100926879505;15.0;0.28165990881334796;6.998749210867693;48.982490516621155;7;69;27.27384534868507;26.0;0.25661028437286776;12.511744421805567;0.7685730171663667;DIFF;63665571.0;DIFF;1.8475585205506633;1.020026614753016;1.09314667231;21.2738805674;SEEPAGE SLICK
13 S1B_IW_GRDH_1SDV_20200519T120029_8b.tif;2;OS03022GXS1;SENTINEL-1;IW;IMG_13_WIN_002;IMG_13_WIN_002;800;600;800;600;1;1;800;600;0;0;0;0;0;2;1;1;9;1;1;19.563598616299643;-92.90510625046711;15Q;0.33006558428332794;9.503685319769087;273.6426909012841;0.6450183385593986;21.77579344895349;2.21137381136272;4.437239938510484;7.506831959973528;7.54233165819325;15.066916318945122;9.760994237077973;17.507742533085334;0.04592255167850421;28.793324031054183;3.9754610556079504;15.80429060465548;5;26;14.44494892167991;15.0;0.27521461496075783;6.70394276288082;44.94284856798213;9;60;27.683434630803053;27.0;0.242164415372846;13.238485709123143;0.8129400465860229;DIFF;6592728.0;DIFF;1.9164785407620217;1.0153892331281733;0.330065584283;9.50368531977;SEEPAGE SLICK
13 S1B_IW_GRDH_1SDV_20200519T120029_8b.tif;3;OS03023GXS1;SENTINEL-1;IW;IMG_13_WIN_004;IMG_13_WIN_004;800;600;800;600;1;1;800;600;0;0;0;0;0;4;1;1;9;1;1;19.46183849702588;-92.53305431660263;15Q;5.675615546087365;90.48337934707133;1442.5293382865063;1.2607801633426041;114.79283737168917;2.798303444186488;6.884153148600391;8.83303430618061;10.054274400006749;19.66259680711401;13.604962186435454;-19.6351569776985;0.00871134491398699;15.942478593259974;5.0306393234469775;25.307332002611062;2;30;12.437545412510733;13.0;0.40447203661155967;8.166785073201327;66.69637843186399;7;95;30.74280342723294;30.0;0.2656486775037221;18.305258014722206;0.8688493255559772;DIFF;966316271.0;DIFF;2.471774165046202;1.0990467719529098;5.67561554609;90.4833793471;SEEPAGE SLICK
13 S1B_IW_GRDH_1SDV_20200519T120029_8b.tif;4;SP00263GXS1;SENTINEL-1;IW;IMG_13_WIN_009;IMG_13_WIN_009;800;600;800;600;1;1;800;600;0;0;0;0;0;9;1;1;9;7;7;19.446885297875262;-92.04180281877782;15Q;0.7368859880840023;11.226341513456793;171.03153786986695;0.5705360063378103;13.610257338299009;2.873621756212651;6.441575987847128;8.615002584345278;9.552126565423746;19.066038415711443;14.327401904736316;-18.667891624959882;0.07347399649718736;15.234841881912716;9.504678951666065;90.33892197424393;3;48;18.003053435114502;17.0;0.5279481609007186;32.65965763495242;1066.6532368323055;20;255;60.80380876810157;54.0;0.5371317734307144;42.800755332987066;0.928548851075128;DIFF;9846022.5;DIFF;3.3774164470069987;1.0675939519010946;0.736885988084;11.2263415134;OIL SPILL
13 S1B_IW_GRDH_1SDV_20200519T120029_8b.tif;5;SP00264GXS1;SENTINEL-1;IW;IMG_13_WIN_009;IMG_13_WIN_009;800;600;800;600;1;1;800;600;0;0;0;0;0;9;1;1;9;7;7;19.422539315031614;-92.04976889443205;15Q;0.11551831996369338;3.5860821147811306;111.32420327784295;0.35909492134848936;8.858898618717841;2.2627887014686467;4.607401573255462;7.119581395661377;7.257727340161942;14.446764048896478;9.561430520415696;15.823724672998148;0.11288084930638151;31.043406066745185;7.51037610797118;56.40574928318434;7;48;24.08116883116883;24.0;0.3118775571329545;16.220738266621428;263.1123499142367;20;158;59.0;57.0;0.27492776723087164;34.91883116883117;0.9034550355305073;DIFF;710087.5;DIFF;2.450047188890387;1.0179374451481418;0.115518319964;3.58608211479;OIL SPILL
13 S1B_IW_GRDH_1SDV_20200519T120029_8b.tif;6;SP00265GXS1;SENTINEL-1;IW;IMG_13_WIN_009;IMG_13_WIN_009;800;600;800;600;1;1;800;600;0;0;0;0;0;9;1;1;9;7;7;19.399900855169463;-92.04835514067412;15Q;0.12641231502259426;5.531945761224056;242.0841980439571;0.44019373738209316;19.264448381566552;2.2000193952045404;4.673950375462206;6.449293841443879;6.37548220938906;12.793692673741093;8.716985270172914;13.576599635951416;0.051909090786988916;43.76113007846827;5.883711072408898;34.61805598358707;8;46;27.311572700296736;28.0;0.21542922983504983;23.827482504047637;567.7489224806963;17;255;60.04305526806044;57.0;0.39683994090025143;32.731482567763706;0.8906315358217545;DIFF;1599299.0;DIFF;2.198447373461144;0.9774240701915243;0.126412315022;5.53194576123;OIL SPILL
13 S1B_IW_GRDH_1SDV_20200519T120029_8b.tif;7;SP00266GXS1;SENTINEL-1;IW;IMG_13_WIN_009;IMG_13_WIN_009;800;600;800;600;1;1;800;600;0;0;0;0;0;9;1;1;9;7;7;19.415017527512237;-92.04596651678074;15Q;0.04200860222589798;1.2378746830066523;36.476665483626775;1.1241755804022961;2.9027208096143613;3.0471931818986127;6.707272199094608;9.701328552247976;10.386935032579728;20.869511024517553;14.47962483904024;20.46200056998616;0.34450436869016493;29.46717142241672;7.161849749662073;51.29209183673469;9;48;21.892857142857142;21.5;0.32713179933203596;14.616851362383077;213.65234375;25;95;53.854166666666664;52.5;0.27141542181601075;31.961309523809522;0.9384920634920635;DIFF;15951.0;DIFF;2.4598966829798803;1.0343263129763083;0.0420086022259;1.23787468301;OIL SPILL
13 S1B_IW_GRDH_1SDV_20200519T120029_8b.tif;8;SP00267GXS1;SENTINEL-1;IW;IMG_13_WIN_009;IMG_13_WIN_009;800;600;800;600;1;1;800;600;0;0;0;0;0;9;1;1;9;7;7;19.427116773258906;-92.08023502415162;15Q;0.058506705515832445;1.3948371157051378;33.253805050126076;1.1130190476216737;2.6462537251708986;3.0909797732134177;7.096901311613711;9.858235383232453;11.618242646982106;-22.38564593847395;15.479477680636757;22.806852173694132;0.37789271319227663;23.84063678526015;6.7956307026605565;46.1805966469428;11;43;24.865384615384617;24.0;0.27329682640243536;34.42614346223676;1185.1593536825067;28;246;62.134408602150536;53.0;0.5540592440924148;37.269023986765916;0.8478081058726219;DIFF;28449.5;DIFF;2.4988315911151027;1.0455508338087565;0.0585067055158;1.3948371157;OIL SPILL
13 S1B_IW_GRDH_1SDV_20200519T120029_8b.tif;9;SP00268GXS1;SENTINEL-1;IW;IMG_13_WIN_009;IMG_13_WIN_009;800;600;800;600;1;1;800;600;0;0;0;0;0;9;1;1;9;7;7;19.44027462408918;-92.06556262345492;15Q;0.021000947189845017;1.3907069788303874;92.09422239310992;0.8121303772737014;7.328625362033881;2.1934259705192525;4.68623026536094;7.1760828468483835;7.062868128462531;14.184805785722034;9.406162092001642;15.156291712717332;0.1364512375240961;66.22115499165972;4.086906669162997;16.70280612244898;22;42;29.392857142857142;29.0;0.13904421231660258;10.256540611692445;105.19662531929643;24;74;45.12915851272016;43.0;0.22727081447356312;15.736301369863018;0.7972113502935421;DIFF;27036.0;DIFF;1.5353784184157528;1.0004377782762433;0.0210009471898;1.39070697883;OIL SPILL
13 S1B_IW_GRDH_1SDV_20200519T120029_8b.tif;10;SP00269GXS1;SENTINEL-1;IW;IMG_13_WIN_006;IMG_13_WIN_006;800;600;800;600;1;1;800;600;0;0;0;0;0;6;1;1;9;3;3;19.37434915570442;-92.40507123819435;15Q;0.9096458081911009;30.628982656772962;1031.3185309504697;0.18869384181364118;82.06972105151955;1.3322192225114762;2.684173753612102;3.8884345991096527;3.8802408504104964;7.764581617319439;5.225003668979085;10.191367022835072;0.012184761775566978;33.67132831368838;6.40240875597824;40.99083787862684;7;50;27.289484536082472;28.0;0.23461083508238864;14.267254378606133;203.55454750385584;12;255;48.08317250066026;46.0;0.29672032098984774;20.79368796457779;0.7603288966204929;DIFF;112696228.5;DIFF;1.7619670476767024;1.034360948085316;0.909645808191;30.6289826568;OIL SPILL
13 S1B_IW_GRDH_1SDV_20200519T120029_8b.tif;11;SP00270GXS1;SENTINEL-1;IW;IMG_13_WIN_001;IMG_13_WIN_001;800;600;800;600;1;1;800;600;0;0;0;0;0;1;1;1;9;1;1;19.599557764630276;-92.21613596052262;15Q;0.4727817885826369;14.319960547816544;433.73343695361035;0.3641353383865541;34.51541023770202;1.7934647553314562;3.607038553533875;5.662652069977901;5.677157644140241;11.347069404078407;7.492227668346607;13.595927977074737;0.028972565967292946;30.288731278644793;6.1895851767323204;38.31096466002447;10;54;26.23137876386688;26.5;0.23596110720868138;27.73751286208566;769.3696197743673;15;255;56.52561976061326;52.0;0.49070692156148643;30.29424099674638;0.8562908020955522;DIFF;27516147.0;DIFF;2.1548855769059307;1.0047347514699956;0.472781788583;14.3199605478;OIL SPILL
13 S1B_IW_GRDH_1SDV_20200519T120029_8b.tif;12;SP00271GXS1;SENTINEL-1;IW;IMG_13_WIN_006;IMG_13_WIN_006;800;600;800;600;1;1;800;600;0;0;0;0;0;6;1;1;9;3;3;19.310598302487463;-92.35596886277841;15Q;0.07580269382313713;3.048680052958582;122.61371722479092;0.27853980474059375;9.757289593598673;2.4722795603644068;5.008528942348266;7.787868357314086;7.832797034561554;15.643131751117046;10.337092087934886;-18.15876582509968;0.10248747773726587;40.21862415696945;3.664235914989903;13.426624840701892;7;27;14.702970297029703;14.0;0.2492173921979665;7.411331855581048;54.927839873550425;12;51;27.73895582329317;27.0;0.26718135689006534;13.035985526263469;0.7896139011491511;DIFF;96330.0;DIFF;1.8866225846145523;0.9662653610649959;0.0758026938231;3.04868005296;OIL SPILL
13 S1B_IW_GRDH_1SDV_20200519T120029_8b.tif;13;SP00272GXS1;SENTINEL-1;IW;IMG_13_WIN_006;IMG_13_WIN_006;800;600;800;600;1;1;800;600;0;0;0;0;0;6;1;1;9;3;3;19.35265993476751;-92.43153142103054;15Q;0.06452700353273481;1.5817216132782315;38.77203534861643;0.8888010935539136;3.085380539733001;3.0849733130694963;6.98014880009185;9.947076696770361;11.953843376838252;-22.965108798096633;17.77263244963952;23.210403262659263;0.3241091292053514;24.512553298338386;7.910344699950751;62.57355327203894;9;55;23.86046511627907;24.0;0.33152516773672736;9.058600791475454;82.05824829931973;23;71;42.464285714285715;41.0;0.21332281090101995;18.603820598006646;0.7886212624584718;DIFF;27564.0;DIFF;1.7796922862712337;1.0035660840320382;0.0645270035328;1.58172161328;OIL SPILL
13 S1B_IW_GRDH_1SDV_20200519T120029_8b.tif;14;SP00273GXS1;SENTINEL-1;IW;IMG_13_WIN_007;IMG_13_WIN_007;800;600;800;600;1;1;800;600;0;0;0;0;0;7;1;1;9;2;2;19.29240241571681;-92.22484793693924;15Q;0.29875531588836474;11.438667016102803;437.96075298680233;0.26393615317698743;34.85180935904908;1.8263941626535911;3.687582636376297;6.164154453375349;6.514798184492559;12.877352657499143;8.518673871931364;13.352488017052972;0.028692914898559078;38.28774387524896;4.906326898532316;24.072043635261736;10;39;22.1356783919598;22.5;0.2216479121016869;9.501802567918945;90.28425203971105;12;93;36.961111759897236;36.0;0.2570756699539647;14.825433367937435;0.7393475024309919;DIFF;6358661.5;DIFF;1.6697528354641429;1.0147626619359944;0.298755315888;11.4386670161;OIL SPILL
13 S1B_IW_GRDH_1SDV_20200519T120029_8b.tif;15;SP00274GXS1;SENTINEL-1;IW;IMG_13_WIN_003;IMG_13_WIN_003;800;600;800;600;1;1;800;600;0;0;0;0;0;3;1;1;9;2;2;19.49349623167284;-92.36797068510388;15Q;0.06259952123974491;1.6166220606422004;41.74899160883238;0.5722892539492437;3.322279191823866;2.9989097118979333;6.3114377622087865;10.147798679282774;11.16506745687818;22.001002703039937;14.896524397585862;-21.94644610099946;0.30099818295253494;25.824831063017697;7.730647921048664;59.76291727921403;10;42;23.736526946107784;23.0;0.32568572220361425;10.878415378735546;118.33992115231004;24;83;46.46192893401015;46.0;0.23413611161486972;22.72540198790237;0.77871667831849;DIFF;31738.0;DIFF;1.95740215236622;1.0285596038276956;0.0625995212398;1.61662206064;OIL SPILL
13 S1B_IW_GRDH_1SDV_20200519T120029_8b.tif;16;SP00275GXS1;SENTINEL-1;IW;IMG_13_WIN_003;IMG_13_WIN_003;800;600;800;600;1;1;800;600;0;0;0;0;0;3;1;1;9;2;2;19.462955734695775;-92.35904763052665;15Q;0.056987468828055395;1.8890027386013926;62.61607016114466;0.476911336052618;4.982828541567553;2.8960013787694994;6.0234848214064245;9.541235871718483;9.68081218301431;19.29733208757042;12.693398513955865;-20.092937001359445;0.20068922533814681;33.14768627996022;7.60621636259255;57.854527354570635;9;43;26.914473684210527;29.0;0.2826069144742282;10.887606216969939;118.53996913580248;21;81;45.30555555555556;45.0;0.24031503605819607;18.39108187134503;0.725877192982456;DIFF;50635.0;DIFF;1.683315679404655;1.030440476921422;0.0569874688281;1.8890027386;OIL SPILL
14 S1B_IW_GRDH_1SDV_20200612T120030_8b.tif;0;OS03024GXS1;SENTINEL-1;IW;IMG_14_WIN_003;IMG_14_WIN_003;800;600;800;600;1;1;800;600;0;0;0;0;0;3;1;1;3;2;2;19.325880276795477;-92.1754776459811;15Q;51.29719998123002;269.92175881260005;1420.3066815956145;0.6001500022783296;113.02441454119437;2.231185463294807;4.496157679732109;7.112167259204886;7.15200080208571;14.28409766524194;9.401951347940349;-16.398312585314937;0.008847645918444698;5.26191992762502;13.450556674584986;180.91747485622273;3;90;22.21710314557425;19.0;0.6054145127045693;25.128112429814596;631.4220342854028;12;255;76.96594433167186;74.0;0.3264835200556911;54.748841186097614;0.8839095205275243;DIFF;127187315465.0;DIFF;3.464265517757379;1.0116861060474271;51.2971999812;269.921758813;SEEPAGE SLICK
14 S1B_IW_GRDH_1SDV_20200612T120030_8b.tif;1;SP00276GXS1;SENTINEL-1;IW;IMG_14_WIN_002;IMG_14_WIN_002;800;600;800;600;1;1;800;600;0;0;0;0;0;2;1;1;3;5;5;19.39500315405454;-92.12118855316722;15Q;0.914137416662027;19.1065121487423;399.3478440287998;0.49281314959106365;31.779091695137364;1.9458939120418755;3.9034744225905347;7.571104070720915;7.473900957606389;14.996406797566353;9.42687786800823;17.40383446887453;0.03146723039139013;20.90113783823633;6.818288071384518;46.4890522243844;6;57;23.12679524004924;23.0;0.2948220019511013;17.481521910933026;305.60360832243146;7;176;60.64034483790822;59.0;0.28828203331727703;37.51354959785898;0.9140589080651251;DIFF;80599416.0;DIFF;2.6220816247335406;0.9902129812572986;0.914137416662;19.1065121487;OIL SPILL
14 S1B_IW_GRDH_1SDV_20200612T120030_8b.tif;2;SP00277GXS1;SENTINEL-1;IW;IMG_14_WIN_002;IMG_14_WIN_002;800;600;800;600;1;1;800;600;0;0;0;0;0;2;1;1;3;5;5;19.401773974521106;-92.05685995666155;15Q;0.191678482270515;7.5590256653070504;298.0974616030758;0.2626395822634538;23.721842268637996;2.125330996425728;4.265962814555013;7.739463696943102;7.812596800683863;15.588766000318644;9.96455077872296;17.18564311996637;0.04215524193591291;39.435963681301644;8.727324837087536;76.166198812045;12;67;39.540117416829744;40.0;0.22072076177934824;26.690571609676706;712.3866128512801;22;255;72.99908312958435;68.0;0.3656288608761966;33.458965712754605;0.8185445863377336;DIFF;1613432.5;DIFF;1.8462029932797626;0.9328600969981425;0.191678482271;7.5590256653;OIL SPILL
14 S1B_IW_GRDH_1SDV_20200612T120030_8b.tif;3;SP00278GXS1;SENTINEL-1;IW;IMG_14_WIN_002;IMG_14_WIN_002;800;600;800;600;1;1;800;600;0;0;0;0;0;2;1;1;3;5;5;19.370367521289506;-92.02575894870252;15Q;0.2858882328597471;8.198563649090758;235.1144194912277;0.15624542673552838;18.709811027105175;2.054402051974401;4.1329924917791665;7.5688593305431535;8.466871139329681;-16.706552120095278;-10.605160265535343;16.581664954109055;0.0534478941851035;28.677513471192295;9.070895760377423;82.28114989563312;9;61;36.574803149606296;37.0;0.24800942122022235;26.68862408617986;712.2826556134198;27;255;80.9319587628866;77.0;0.3297661948893619;44.3571556132803;0.875000676461834;DIFF;2178177.0;DIFF;2.2127790662834443;0.965028104736183;0.28588823286;8.19856364909;OIL SPILL
14 S1B_IW_GRDH_1SDV_20200612T120030_8b.tif;4;SP00279GXS1;SENTINEL-1;IW;IMG_14_WIN_002;IMG_14_WIN_002;800;600;800;600;1;1;800;600;0;0;0;0;0;2;1;1;3;5;5;19.415050707851584;-92.0712373444156;15Q;0.4598385220875862;21.59230828366651;1013.8945621613021;0.18526275439068354;80.68316567098209;1.5740288721705429;3.1676144515786;5.797230746164977;6.3800486321798235;12.619001493783815;8.620145255613286;12.619405332343803;0.01239415919893253;46.95628410086485;7.434115708412489;55.26607636606533;18;79;40.77732463295269;41.0;0.18231004057595487;24.53323909067404;601.8798202801768;24;255;71.83664489203412;68.0;0.3415142665354977;31.059320259081424;0.8055919156792452;DIFF;25879012.0;DIFF;1.7616811681162128;0.9412461417434091;0.459838522088;21.5923082837;OIL SPILL
14 S1B_IW_GRDH_1SDV_20200612T120030_8b.tif;5;SP00280GXS1;SENTINEL-1;IW;IMG_14_WIN_003;IMG_14_WIN_003;800;600;800;600;1;1;800;600;0;0;0;0;0;3;1;1;3;2;2;19.302836510784772;-92.1917927782989;15Q;0.2660894183434252;5.543034509446332;115.46957321413576;0.23457564852209906;9.18877667687061;2.565964266468299;5.180955823676651;8.753514065477368;9.066514846100034;17.990251472983253;11.869502277776427;-18.583020000439912;0.10882841483318828;20.83147290845019;9.613912251023162;92.42730877037324;11;69;35.17630465444288;35.0;0.27330648700783566;47.519572499208174;2258.1097705075017;25;255;78.64424890006285;66.0;0.6042345519707825;43.46794424561997;0.834969091832673;DIFF;1094270.5;DIFF;2.2357166186906396;0.9384928090219274;0.266089418343;5.54303450945;OIL SPILL
14 S1B_IW_GRDH_1SDV_20200612T120030_8b.tif;6;SP00281GXS1;SENTINEL-1;IW;IMG_14_WIN_001;IMG_14_WIN_001;800;600;800;600;1;1;800;600;0;0;0;0;0;1;1;1;3;1;1;19.526123785597466;-92.19114752611745;15Q;0.0569695327011029;2.020314924804572;71.64658374157743;1.3802132205591766;5.701453979059735;2.8349888260913247;5.982339125075059;8.977330766311612;9.57097251894433;18.871444369475437;12.568547285661927;-19.316383854930113;0.17539385631679108;35.463076999496955;7.886308549291362;62.19386253462603;18;58;37.80921052631579;38.0;0.20858167730855875;18.023376633227137;324.8421052631579;34;126;71.10526315789474;68.0;0.25347457885367547;33.29605263157895;0.8663434903047091;DIFF;53707.0;DIFF;1.8806333739342267;0.9945396836912425;0.0569695327011;2.02031492481;OIL SPILL
15 S1B_IW_GRDH_1SDV_20200624T120031_8b.tif;0;OS03025GXS1;SENTINEL-1;IW;IMG_15_WIN_001;IMG_15_WIN_001;800;600;800;600;1;1;800;600;0;0;0;0;0;1;1;1;1;2;2;19.386131801523167;-92.04470297464533;15Q;0.8208109911392113;25.512393344474795;792.9745351726299;0.2772176297605973;63.102908509361036;2.25065837669969;4.547671285272893;7.2560987807824615;7.354274598512064;14.660000478806376;9.633368764151076;15.962236810416186;0.015847130086747974;31.081934355028437;9.40054375133894;88.37022282083761;18;80;49.11700182815356;50.0;0.19139083008830166;39.64229011720278;1571.5111657364732;32;255;90.06494392240073;80.0;0.4401522766877896;40.94794209424717;0.809174903701914;DIFF;27834681.5;DIFF;1.8336816289706035;0.9331781951833457;0.820810991139;25.5123933445;SEEPAGE SLICK
15 S1B_IW_GRDH_1SDV_20200624T120031_8b.tif;1;SP00282GXS1;SENTINEL-1;IW;IMG_15_WIN_001;IMG_15_WIN_001;800;600;800;600;1;1;800;600;0;0;0;0;0;1;1;1;1;2;2;19.387321942407723;-92.07037608544849;15Q;1.0796371640500853;32.68245775969084;989.3537206583453;0.5175067140218906;78.73026755456694;2.0213291488008602;4.059710712067054;6.3210706057279245;6.336874433552389;12.665847781195554;8.367553810121384;-15.375208567572047;0.012701595346502701;30.271705020868172;8.762471311635744;76.78090348723946;22;91;49.023280055594164;49.0;0.1787410247070124;26.11933217998429;682.2195135283629;26;255;86.95493450607651;83.0;0.30037780291996014;37.93165445048235;0.8347274265619994;DIFF;117839619.5;DIFF;1.7737477869181026;0.9539124847405582;1.07963716405;32.6824577597;OIL SPILL
16 S1B_IW_GRDH_1SDV_20200706T120032_8b.tif;0;OS03026GXS1;SENTINEL-1;IW;IMG_16_WIN_001;IMG_16_WIN_001;800;600;800;600;1;1;800;600;0;0;0;0;0;1;1;1;2;1;1;19.386310646773047;-92.03307927234977;15Q;0.22358584026209116;5.268042597938608;124.12357053185511;0.7393980662880183;9.877439902180127;2.816461756597426;5.792749044935929;9.259386032321748;9.30492751189542;18.58710458515761;12.205306849938408;-20.601711233692306;0.10124080833731847;23.56161102046229;10.94913054271697;119.8834596414576;23;108;48.880872483221474;49.0;0.2239962174667667;21.820439795881168;476.1315928856746;43;196;86.56854410201913;83.0;0.252059683135785;37.68767161879766;0.8167164732649117;DIFF;1082859.5;DIFF;1.7710106163046513;0.9431562425735812;0.223585840262;5.26804259793;SEEPAGE SLICK
16 S1B_IW_GRDH_1SDV_20200706T120032_8b.tif;1;SP00283GXS1;SENTINEL-1;IW;IMG_16_WIN_002;IMG_16_WIN_002;800;600;800;600;1;1;800;600;0;0;0;0;0;2;1;1;2;3;3;19.268767549737884;-92.19961251827448;15Q;0.4684709308706904;9.503746072108624;192.79998704562308;1.2419441045398767;15.342535483182152;3.0579553056115234;7.003558806729679;10.787799677895721;10.915374859216646;21.8324996259985;14.434341028539317;22.059039564942186;0.0651782752007423;20.286735944202896;9.101139705217362;82.83074393388397;28;79;51.65304487179487;52.0;0.17619754513614427;16.008962170592458;256.28686977946035;40;189;77.03875968992249;74.0;0.20780399678068293;25.385714818127617;0.7341420691711389;DIFF;1517255.5;DIFF;1.4914659896843658;0.9721327075839217;0.468470930871;9.50374607211;OIL SPILL
16 S1B_IW_GRDH_1SDV_20200706T120032_8b.tif;2;SP00284GXS1;SENTINEL-1;IW;IMG_16_WIN_002;IMG_16_WIN_002;800;600;800;600;1;1;800;600;0;0;0;0;0;2;1;1;2;3;3;19.300181973539654;-92.17386232120977;15Q;0.31113323708095436;7.497535286723485;180.67190732514902;1.0606088959436657;14.377413564319141;2.762822297690518;5.79331117741449;8.150018021794628;8.225952772451956;16.414345912567743;11.130031817926763;-17.77732591401054;0.06955353934324669;24.097506769335244;11.367333421292608;129.21626911083592;16;84;48.17611580217129;50.0;0.23595371341207805;29.856299834414664;891.3986398024691;38;255;87.30844444444445;81.0;0.34196348388056136;39.13232864227316;0.805146763168476;DIFF;3595790.0;DIFF;1.8122765397477203;0.9497789996586138;0.311133237081;7.49753528672;OIL SPILL
16 S1B_IW_GRDH_1SDV_20200706T120032_8b.tif;3;SP00285GXS1;SENTINEL-1;IW;IMG_16_WIN_002;IMG_16_WIN_002;800;600;800;600;1;1;800;600;0;0;0;0;0;2;1;1;2;3;3;19.303877512820954;-92.20408886967998;15Q;0.11108822847040534;3.8003238578289493;130.00892734761254;1.0472582119102494;10.345781716723813;2.7659823318059464;5.7408983643862;9.936150603723858;10.483793777281845;20.732390866692537;13.393320592753017;-21.087735707019434;0.09665775166931212;34.20996004847968;8.266144942453046;68.32915220964207;26;76;53.54391891891892;54.0;0.15438064880851168;19.935885160823787;397.439517145554;43;184;84.9225181598063;82.0;0.23475381551108326;31.378599240887382;0.7926182841437078;DIFF;233722.5;DIFF;1.5860347892802489;0.9813008868041375;0.11108822847;3.80032385782;OIL SPILL
17 S1B_IW_GRDH_1SDV_20200709T001514_8b.tif;0;OS03027GXS1;SENTINEL-1;IW;IMG_17_WIN_006;IMG_17_WIN_006;800;600;800;600;1;1;800;600;0;0;0;0;0;6;1;1;7;3;3;19.39347430064821;-92.07212911928173;15Q;9.785877410053041;70.8268637055328;512.6208322626974;0.3227020317297439;40.79306969324482;2.3921417724608585;4.808801996718296;7.867663539655959;7.859309090913128;15.722795567712359;10.263712171933285;18.787066634598897;0.02451396787542067;7.237661043328858;6.120587271999451;37.461588554161686;2;49;12.405750431282346;11.0;0.4933669515522233;29.658794097689967;879.6440673291693;6;255;43.488162838255576;39.0;0.6819969426622865;31.08241240697323;0.917160282955021;DIFF;2724589430.5;DIFF;3.5054842574130625;1.132308796978224;9.78587741005;70.8268637055;SEEPAGE SLICK
17 S1B_IW_GRDH_1SDV_20200709T001514_8b.tif;1;OS03028GXS1;SENTINEL-1;IW;IMG_17_WIN_005;IMG_17_WIN_005;800;600;800;600;1;1;800;600;0;0;0;0;0;5;1;1;7;2;2;19.393949052769475;-92.40743193750991;15Q;0.35706389289547125;12.47232596260904;435.6612864328755;0.825431882073008;34.668823624783116;2.3901964572646057;4.85762964749014;7.577570660032483;7.532636362522971;15.088009213235512;9.967076617969523;-16.54110171518912;0.028844359151694636;34.93023576668463;6.233081666956115;38.851307066944415;13;56;32.91701680672269;33.0;0.1893574288203153;12.859446119009775;165.36535448771554;18;126;53.21641074856046;52.0;0.24164437131562147;20.29939394183777;0.7617189390151454;DIFF;7463093.0;DIFF;1.6166838890969;1.0193285685212585;0.357063892896;12.4723259626;SEEPAGE SLICK
17 S1B_IW_GRDH_1SDV_20200709T001514_8b.tif;2;OS03029GXS1;SENTINEL-1;IW;IMG_17_WIN_005;IMG_17_WIN_005;800;600;800;600;1;1;800;600;0;0;0;0;0;5;1;1;7;2;2;19.459060207806804;-92.45859186881137;15Q;0.49563723309854707;19.2949945706689;751.1477964532156;0.6320858948296663;59.77444239905706;1.9223008217544415;4.176094956505175;6.923797049947396;7.5728769921072425;-15.008485040653245;-9.667925296258282;-14.940303222182738;0.01672955798272365;38.92967130423895;6.083972484876808;37.01472119673808;13;61;32.60665658093797;33.0;0.18658682376019906;13.814974789172279;190.85352842546567;21;131;56.5890943062248;55.0;0.2441278652458064;23.98243772528683;0.8107653871954291;DIFF;25847663.0;DIFF;1.7355074159706116;0.9854533966631498;0.495637233099;19.2949945707;SEEPAGE SLICK
17 S1B_IW_GRDH_1SDV_20200709T001514_8b.tif;3;SP00286GXS1;SENTINEL-1;IW;IMG_17_WIN_006;IMG_17_WIN_006;800;600;800;600;1;1;800;600;0;0;0;0;0;6;1;1;7;3;3;19.4161879938165;-92.09484376171196;15Q;1.749934326283909;41.068286323690394;963.8099648837799;0.869923804968503;76.69756005623982;2.8818299216034013;7.024149686996273;9.859123964322242;9.50697423645027;20.508411905607364;13.371057417483375;-19.19052507694757;0.01303822441374579;23.468472906009776;4.291642872640252;18.418198546283875;5;38;18.941730934018853;19.0;0.226570786354724;14.530403482601717;211.13262536720407;5;255;35.83682715715445;34.0;0.40546009887766726;16.8950962231356;0.79848438913508;DIFF;66334423.5;DIFF;1.8919510197873441;0.9953909617251636;1.74993432628;41.0682863237;OIL SPILL
17 S1B_IW_GRDH_1SDV_20200709T001514_8b.tif;4;SP00287GXS1;SENTINEL-1;IW;IMG_17_WIN_006;IMG_17_WIN_006;800;600;800;600;1;1;800;600;0;0;0;0;0;6;1;1;7;3;3;19.407585974031736;-92.04570199965649;15Q;0.33045761442062405;14.49586885870708;635.876447686779;0.2503081381864975;50.60143992253293;1.5949722506655344;3.1979023770190342;5.081269353133019;5.083122685953437;10.165318794073782;6.683610659145272;-13.360035133574662;0.019762283475152607;43.86604582896966;4.206663978798672;17.696021830522277;9;38;24.86606129398411;25.0;0.1691729111846273;16.225490776671734;263.26655094385956;14;255;41.3472411545072;39.0;0.39242015485483045;16.481179860523092;0.7782142658451368;DIFF;14046574.5;DIFF;1.6627981675775252;1.0327096408873984;0.330457614421;14.4958688587;OIL SPILL
17 S1B_IW_GRDH_1SDV_20200709T001514_8b.tif;5;SP00288GXS1;SENTINEL-1;IW;IMG_17_WIN_004;IMG_17_WIN_004;800;600;800;600;1;1;800;600;0;0;0;0;0;4;1;1;7;1;1;19.514811467671272;-92.04864448221377;15Q;0.7586985353617012;25.12327076229817;831.9229633082638;0.29818534143519304;66.20232594108383;1.237874242440768;2.495369325232603;4.494469802348948;4.700453069962475;9.301631399196626;6.005471855167236;-10.183057425477068;0.01510520945880272;33.1136407826607;5.69250301408697;32.40459056538924;3;38;22.184782608695652;23.0;0.2565949423302309;11.14935451079747;124.3081060074399;12;255;42.635497906575814;41.0;0.2615040296991083;20.450715297880162;0.8353015076890998;DIFF;167804129.0;DIFF;1.9218352804531968;1.0372699516380397;0.758698535362;25.1232707623;OIL SPILL
17 S1B_IW_GRDH_1SDV_20200709T001514_8b.tif;6;SP00289GXS1;SENTINEL-1;IW;IMG_17_WIN_003;IMG_17_WIN_003;800;600;800;600;1;1;800;600;0;0;0;0;0;3;1;1;7;3;3;19.540410430865094;-92.18842116905161;15Q;0.10830783746546219;1.963950490898238;35.612395381169016;0.5444788866280188;2.8339443801280155;3.0659201309002757;6.540097056852884;11.575732730834861;12.045212845407246;24.002616455230026;15.327937150254739;-24.009844961244536;0.3528650763268783;18.1330413094483;7.716723805811845;59.54782629518325;4;39;16.951557093425606;16.0;0.4552221228576491;10.101042291406058;102.03105537277374;20;84;40.44599303135889;38.0;0.24974148325581827;23.494435937933282;0.8749261541058317;DIFF;81512.5;DIFF;2.3859750941136393;1.0468413636798553;0.108307837466;1.9639504909;OIL SPILL
17 S1B_IW_GRDH_1SDV_20200709T001514_8b.tif;7;SP00290GXS1;SENTINEL-1;IW;IMG_17_WIN_003;IMG_17_WIN_003;800;600;800;600;1;1;800;600;0;0;0;0;0;3;1;1;7;3;3;19.508137551279038;-92.2053862871993;15Q;0.07796633971408973;2.8348727073183633;103.0765750472473;0.6401716739974406;8.202573217876061;2.79278700665588;5.977953117189676;8.7349884839889;9.324148285413836;18.384195588056155;12.53774561048576;-18.79515529218618;0.1219129623641367;36.360212852291404;6.164443999460553;38.00036982248521;8;39;21.403846153846153;22.0;0.2880063683485613;10.386647003030616;107.88243596556488;21;75;41.99381443298969;40.0;0.2473375458570162;20.589968279143534;0.8584655035685964;DIFF;98302.5;DIFF;1.9619751576958344;1.0456393887744764;0.0779663397141;2.83487270732;OIL SPILL
17 S1B_IW_GRDH_1SDV_20200709T001514_8b.tif;8;SP00291GXS1;SENTINEL-1;IW;IMG_17_WIN_003;IMG_17_WIN_003;800;600;800;600;1;1;800;600;0;0;0;0;0;3;1;1;7;3;3;19.589412501100487;-92.20868598627973;15Q;0.09778448841298702;3.858045357544893;152.21753697794924;0.22489307729973165;12.113086717656993;2.3912609819483786;4.810779502058101;8.687451404967227;8.728379562612956;17.43630181754131;11.140501255281237;19.68934474887962;0.08255534062530247;39.454574239327876;5.054922148714706;25.552237929566502;10;39;23.590038314176244;24.0;0.2142820660734998;10.8395296810242;117.49540370580459;23;83;42.23064250411861;41.0;0.2566745149559838;18.64060418994237;0.8054056442399338;DIFF;153313.5;DIFF;1.7901896530087638;1.020317294106208;0.097784488413;3.85804535754;OIL SPILL
17 S1B_IW_GRDH_1SDV_20200709T001514_8b.tif;9;SP00292GXS1;SENTINEL-1;IW;IMG_17_WIN_002;IMG_17_WIN_002;800;600;800;600;1;1;800;600;0;0;0;0;0;2;1;1;7;1;1;19.581542823653965;-92.49848130917668;15Q;0.5537073110757748;18.93954040224376;647.8263578483522;0.4634326987985795;51.552383558392165;2.483718438379383;5.099335139675843;8.145607050373865;8.848230877581345;17.66573147901545;12.037980702666191;-17.40147454960006;0.019397745186065424;34.20496717922492;5.90336949442092;34.84977138765951;12;54;33.39106901217862;34.0;0.17679486368848515;13.451872302634351;180.95286844638122;19;132;54.27261492832427;53.0;0.24785745666391262;20.881545916145654;0.7590680783974819;DIFF;11291349.0;DIFF;1.6253632044104247;1.013121068632196;0.553707311076;18.9395404022;OIL SPILL
17 S1B_IW_GRDH_1SDV_20200709T001514_8b.tif;10;SP00293GXS1;SENTINEL-1;IW;IMG_17_WIN_001;IMG_17_WIN_001;800;600;800;600;1;1;800;600;0;0;0;0;0;1;1;1;7;1;1;19.600337927073134;-92.37638097343523;15Q;0.17793698803214286;3.803451200071667;81.29979714343258;0.25433733384432666;6.469632293872824;2.4750806821732843;4.992876559766609;7.296107018075871;7.31402434168567;14.61909133674957;9.810531494259285;-17.227974722314492;0.1545682899083874;21.37527021298464;8.889609235200984;79.02515235457064;3;48;25.389473684210525;25.0;0.35012971697516315;12.367649129820627;152.9587449983529;22;97;53.41951930080116;52.0;0.23151928904824762;28.030045616590638;0.8471882546862421;DIFF;639013.0;DIFF;2.1040026258607423;0.99988269827677;0.177936988032;3.80345120007;OIL SPILL
17 S1B_IW_GRDH_1SDV_20200709T001514_8b.tif;11;SP00294GXS1;SENTINEL-1;IW;IMG_17_WIN_007;IMG_17_WIN_007;800;600;800;600;1;1;800;600;0;0;0;0;0;7;1;1;7;1;1;19.4043646242043;-92.3204128571296;15Q;0.3157962890506301;7.387267477410297;172.80671963201777;0.8711796465234446;13.751521814465452;1.9392058933290373;3.895568808103725;6.116227254101286;6.139599224099755;12.267519377776047;8.091121157552971;14.51601030828997;0.07271922435145203;23.392508821488814;6.753801217509315;45.6138308856303;4;40;19.581947743467932;20.0;0.3448993586331176;13.027858631274054;169.72510051646185;17;133;51.506042395826455;50.0;0.2529384519811156;31.924094652358523;0.9288283055457215;DIFF;12676268.5;DIFF;2.630281883629663;1.0094892855074682;0.315796289051;7.38726747741;OIL SPILL
18 S1B_IW_GRDH_1SDV_20200718T120032_8b.tif;0;OS03029GXS1;SENTINEL-1;IW;IMG_18_WIN_002;IMG_18_WIN_002;800;600;800;600;1;1;800;600;0;0;0;0;0;2;1;1;5;2;2;19.34252575559022;-92.16587509721069;15Q;17.609401472013417;218.44533538259972;2709.823194516586;0.2840228532015117;215.64087815619266;1.4799083288532815;2.979863882313026;4.573963112280695;4.555403793415417;9.12008916696076;6.048410978850038;11.646735902953521;0.004637339675808969;12.405040326315145;10.365855628307637;107.4509629069171;3;67;20.822185762076238;20.0;0.49782744937311657;21.922448607703178;480.5937529573869;6;255;54.77390734548318;51.0;0.40023525196821597;33.95172158340694;0.7460351038694917;DIFF;61494073867.0;DIFF;2.630555119013669;1.0399450775211605;17.609401472;218.445335383;SEEPAGE SLICK
18 S1B_IW_GRDH_1SDV_20200718T120032_8b.tif;1;SP00295GXS1;SENTINEL-1;IW;IMG_18_WIN_003;IMG_18_WIN_003;800;600;800;600;1;1;800;600;0;0;0;0;0;3;1;1;5;2;2;19.293936194214933;-92.21050088875904;15Q;1.2396798044795483;18.730630250875237;283.0057473932096;0.1493233753503028;22.520881810522795;2.198476555528151;4.407842588768971;7.525807946316649;7.529135127822061;15.056607366457888;9.733119256070138;-17.801949760577095;0.04440323466964575;15.109248519813447;7.060002052156639;49.84362897645595;3;50;13.340296699969725;12.0;0.5292237654783691;16.66175337186402;277.614025424822;10;255;43.981326674628164;42.0;0.37883698905053287;30.641029974658437;0.9071993913475946;DIFF;60349465.0;DIFF;3.2968776979846317;1.1587321536287618;1.23967980448;18.7306302509;OIL SPILL
18 S1B_IW_GRDH_1SDV_20200718T120032_8b.tif;2;SP00296GXS1;SENTINEL-1;IW;IMG_18_WIN_002;IMG_18_WIN_002;800;600;800;600;1;1;800;600;0;0;0;0;0;2;1;1;5;2;2;19.392007349967606;-92.05777469005349;15Q;0.041264066625155714;2.8970985775979248;203.40167256329516;0.4096306496188706;16.186190810803787;0.7598017598524153;1.5217618951564529;2.629246090087691;2.6334928676445815;5.264862365878883;3.394930457325614;8.789695276334346;0.06178105841508618;70.20875096764635;4.468290482355724;19.965619834710747;19;44;32.32727272727273;33.0;0.13822045924047516;29.41469412778236;865.224230630994;15;255;78.53814064362336;74.0;0.3745275083765379;46.21086791635064;0.9600715137067938;DIFF;1836154.5;DIFF;2.429470042406797;1.038144462655026;0.0412640666251;2.8970985776;OIL SPILL
18 S1B_IW_GRDH_1SDV_20200718T120032_8b.tif;3;SP00297GXS1;SENTINEL-1;IW;IMG_18_WIN_004;IMG_18_WIN_004;800;600;800;600;1;1;800;600;0;0;0;0;0;4;1;1;5;1;1;19.230393986146936;-92.30866805644575;15Q;0.9145884699833473;33.30075433510656;1212.5018800065452;0.299220068553423;96.48783385562892;1.4094163028473945;2.829187590980485;4.931896961855578;4.899272679068994;9.814859301206956;6.317406305575886;12.355397250361232;0.010364000931933678;36.41064306847526;1.82650797989988;3.3361314006379406;4;19;8.281609195402298;8.0;0.22054988792684188;9.07515456726351;82.35843041972376;5;255;22.32137856601132;21.0;0.40656783542402775;14.03976937060902;0.9069225794480226;DIFF;164932066.0;DIFF;2.6952948441956766;1.2812028327410987;0.914588469983;33.3007543351;OIL SPILL
18 S1B_IW_GRDH_1SDV_20200718T120032_8b.tif;4;SP00298GXS1;SENTINEL-1;IW;IMG_18_WIN_001;IMG_18_WIN_001;800;600;800;600;1;1;800;600;0;0;0;0;0;1;1;1;5;1;1;19.57039087303466;-92.24718513138617;15Q;1.0075417710216796;10.33168401188993;105.94468397404553;0.5245294801541864;8.430810074389028;2.7980618041085776;5.71611671061298;9.660191121392343;10.428200253670564;20.713355331003807;13.618397141352549;-20.559252053791855;0.11861256405689688;10.25434806679357;8.578141393128618;73.58450976050659;4;50;19.87764968389736;18.0;0.43154706565121054;38.23010700163275;1461.5410813562896;19;255;90.82447801731455;87.0;0.42092294760389004;70.94682833341719;0.9562591744319561;DIFF;15810467.0;DIFF;4.56917590669134;0.9791820041925456;1.00754177102;10.3316840119;OIL SPILL
19 S1B_IW_GRDH_1SDV_20200721T001515_8b.tif;0;OS03030GXS1;SENTINEL-1;IW;IMG_19_WIN_009;IMG_19_WIN_009;800;600;800;600;1;1;800;600;0;0;0;0;0;9;1;1;19;7;7;19.38541922787007;-92.1854988771665;15Q;39.511704416698606;437.85993267159347;4852.266523793549;0.33929850271955553;386.13110123053553;1.929420817196824;3.968419378882741;6.288994341282549;6.698862262172686;13.21394430139742;8.815055511041793;13.708965178359238;0.0025897939762250864;11.081777896843732;9.865980862930193;97.33757838770481;0;63;19.536893572581413;17.0;0.5049923021936491;35.24823363644474;1242.4379744893943;0;255;55.6836455676178;61.0;0.6330087277357241;36.14675199503639;0.7316302312355081;DIFF;104752154668.5;DIFF;2.8501790912023846;0.8966479010656713;39.5117044167;437.859932672;SEEPAGE SLICK
19 S1B_IW_GRDH_1SDV_20200721T001515_8b.tif;1;OS03031GXS1;SENTINEL-1;IW;IMG_19_WIN_001;IMG_19_WIN_001;800;600;800;600;1;1;800;600;0;0;0;0;0;1;1;1;19;1;1;19.915224116985865;-92.1144886733554;15Q;0.8304823540940746;14.126857265676191;240.3038369460427;1.3303754214780532;19.122771746955763;2.720779375840236;5.793021637924655;8.48417854329201;8.963970830178882;17.731072072466112;12.313031695333843;-18.060712550090955;0.05229367443342487;17.010424358849104;10.4516219359576;109.23640109219009;3;55;20.54840162089149;19.0;0.5086343029879011;13.803708941733591;190.5423805480959;24;120;55.60178626424392;54.0;0.2482601705659662;35.05338464335243;0.8900273268560721;DIFF;14250140.5;DIFF;2.7058934943004895;1.055541717581217;0.830482354094;14.1268572657;SEEPAGE SLICK
19 S1B_IW_GRDH_1SDV_20200721T001515_8b.tif;2;OS03032GXS1;SENTINEL-1;IW;IMG_19_WIN_015;IMG_19_WIN_015;800;600;800;600;1;1;800;600;0;0;0;0;0;15;1;1;19;1;1;19.28184254951689;-92.98806213562914;15Q;0.37866007181744127;6.655926228324608;116.99504979299192;0.30410029966784474;9.310170245918545;2.4804847993255836;4.987714124551307;7.659439316734958;7.67184102953954;15.337483693894505;10.167230884730495;-17.80765376437621;0.10740942148059932;17.577576099794193;25.99546667998661;675.764287910294;16;156;62.97125867195243;61.0;0.4128147861139238;45.24774076387285;2047.3580442346406;45;255;180.87144298688193;180.0;0.2501652003028169;117.9001843149295;0.9088036130926604;DIFF;4956267.0;DIFF;2.872285655415088;0.9300311063573548;0.378660071817;6.65592622833;SEEPAGE SLICK
19 S1B_IW_GRDH_1SDV_20200721T001515_8b.tif;3;OS03033GXS1;SENTINEL-1;IW;IMG_19_WIN_012;IMG_19_WIN_012;800;600;800;600;1;1;800;600;0;0;0;0;0;12;1;1;19;2;2;19.464162029564104;-92.96319312880999;15Q;0.21517712851047047;4.721795716846322;103.61396188323698;0.8021666764878524;8.245337103526198;2.633622535295225;5.3310637104440515;8.918956643868116;9.677634578104474;19.591856018036154;-12.850433910258957;-18.98905089806206;0.12128066899439931;21.943762097450616;22.76680975216872;518.3276262914446;23;133;72.2979094076655;73.0;0.31490273977071365;42.36788312269698;1795.0375202985117;81;255;180.64769493454753;179.0;0.2345332064051399;108.34978552688203;0.9252467481988422;DIFF;2005593.5;DIFF;2.4986572421607818;0.9105361131522247;0.215177128511;4.72179571685;SEEPAGE SLICK
19 S1B_IW_GRDH_1SDV_20200721T001515_8b.tif;4;OS03034GXS1;SENTINEL-1;IW;IMG_19_WIN_012;IMG_19_WIN_012;800;600;800;600;1;1;800;600;0;0;0;0;0;12;1;1;19;2;2;19.469395838826834;-92.9053049997028;15Q;0.18293264765544615;4.592207149608641;115.2794035137822;0.4260736405631582;9.173643452951824;2.360698600888126;4.7912213830169295;6.998874696794582;7.0565625680223345;14.08428184785025;9.466508736627565;16.847065808681705;0.10900794271421436;25.10326728697476;24.724170973112788;611.284630307713;22;137;69.98565573770492;69.0;0.3532748348572319;39.75944061080761;1580.8131176843374;56;255;159.7854706684857;156.0;0.24883013733644382;89.79981493078077;0.8577343278241227;DIFF;1402245.5;DIFF;2.2831174329113404;0.9468319196269523;0.182932647655;4.59220714961;SEEPAGE SLICK
19 S1B_IW_GRDH_1SDV_20200721T001515_8b.tif;5;OS03035GXS1;SENTINEL-1;IW;IMG_19_WIN_008;IMG_19_WIN_008;800;600;800;600;1;1;800;600;0;0;0;0;0;8;1;1;19;1;1;19.547995420812196;-92.90067768167283;15Q;0.35070455333149936;9.068914215426812;234.51422077497008;0.6010447310292126;18.662048730840272;2.2956123090855285;4.67998979899228;7.152520020534963;7.281320179013275;14.501969830653858;9.70520290913791;-15.382651217943105;0.0535846848554968;25.85912880023125;27.64583481452246;764.292182591862;14;129;62.97649572649573;62.0;0.4389865535641608;40.583859923777645;1647.0496863128053;72;255;173.58154841588578;170.0;0.23380284537238005;110.60505268939005;0.9246730511790754;DIFF;8337684.0;DIFF;2.75629100053047;0.9428838188099641;0.350704553331;9.06891421543;SEEPAGE SLICK
19 S1B_IW_GRDH_1SDV_20200721T001515_8b.tif;6;SP00299GXS1;SENTINEL-1;IW;IMG_19_WIN_009;IMG_19_WIN_009;800;600;800;600;1;1;800;600;0;0;0;0;0;9;1;1;19;7;7;19.39391045602062;-92.05212955508303;15Q;0.3030398887043224;7.597459918899141;190.47458559357514;0.5778349554097302;15.157485915298901;2.4740974085176757;4.985161023766314;9.236850433543875;9.477754413151814;18.839625505783264;12.031053410157803;-19.675819463106606;0.06597400159815886;25.070824673883187;9.16826871659423;84.05715125968042;4;53;25.64851485148515;26.0;0.35745807387609235;15.974342528415951;255.1796192151585;17;255;54.687095166915796;53.0;0.29210442572711365;29.038580315430647;0.837430996462875;DIFF;3149914.5;DIFF;2.132173947831884;0.9942266915327047;0.303039888704;7.5974599189;OIL SPILL
19 S1B_IW_GRDH_1SDV_20200721T001515_8b.tif;7;SP00300GXS1;SENTINEL-1;IW;IMG_19_WIN_010;IMG_19_WIN_010;800;600;800;600;1;1;800;600;0;0;0;0;0;10;1;1;19;2;2;19.324120910784018;-92.4235567335109;15Q;0.9650706664360017;17.579815094195318;320.2355117552338;0.43192552163156905;25.483532324704107;2.0749512852861716;4.184311315540096;7.814897442674369;8.49122848896249;16.929929668371543;-11.502207639583945;16.71214379604923;0.039241027784463985;18.21609101343577;11.202520338191295;125.49646192758962;4;68;23.738335925349922;23.0;0.47191683416309904;23.089945115492867;533.1455654364729;21;255;79.46053281647855;77.0;0.29058381937635924;55.722196891128625;0.933104871791371;DIFF;67367863.0;DIFF;3.347350592154333;0.9938140132240139;0.965070666436;17.5798150942;OIL SPILL
19 S1B_IW_GRDH_1SDV_20200721T001515_8b.tif;8;SP00301GXS1;SENTINEL-1;IW;IMG_19_WIN_014;IMG_19_WIN_014;800;600;800;600;1;1;800;600;0;0;0;0;0;14;1;1;19;4;4;19.37289134492001;-92.33917831020943;15Q;0.1309179624713303;4.174810020108571;133.12946806528328;0.3386608362372462;10.594106456892229;2.6435168627101047;5.397397306759917;8.971060644920493;9.101259846008837;18.137437726982128;11.801101477810612;20.182612072156367;0.09439210414479345;31.88874881109467;7.890509847114347;62.26014564740848;13;54;30.25787965616046;30.0;0.2607753727881541;17.07564480705193;291.57764557659954;24;133;60.780096308186195;58.0;0.28094139108417454;30.522216652025737;0.8538405993735829;DIFF;211868.5;DIFF;2.0087361374580475;0.9641619193325667;0.130917962471;4.17481002011;OIL SPILL
19 S1B_IW_GRDH_1SDV_20200721T001515_8b.tif;9;SP00302GXS1;SENTINEL-1;IW;IMG_19_WIN_014;IMG_19_WIN_014;800;600;800;600;1;1;800;600;0;0;0;0;0;14;1;1;19;4;4;19.38102535272427;-92.35104359882251;15Q;0.04051119886736102;1.78040031759192;78.24565501652602;1.514335498951235;6.226591385671637;2.2313923608773156;4.624518630950987;7.738757042489573;8.954078658373204;-17.892843338344626;-11.394074622459838;-17.3151741275698;0.16060151342211998;43.948349280434385;7.635987103170128;58.308299039780515;13;46;29.685185185185187;30.0;0.2572322542552632;21.242808537966752;451.25691458071316;31;143;71.27547770700637;69.0;0.2980381082157038;41.59029252182118;0.9222694031611228;DIFF;67272.5;DIFF;2.401045412463097;0.9748525908646765;0.0405111988674;1.78040031759;OIL SPILL
19 S1B_IW_GRDH_1SDV_20200721T001515_8b.tif;10;SP00303GXS1;SENTINEL-1;IW;IMG_19_WIN_014;IMG_19_WIN_014;800;600;800;600;1;1;800;600;0;0;0;0;0;14;1;1;19;4;4;19.437235718683077;-92.3522790092329;15Q;0.24185985513555083;5.33625159350094;117.73587250840833;0.7598987815018027;9.369123044475186;1.9935878389946624;4.057653916492118;5.445131851170978;5.409929197683222;10.83747377041868;7.439331969188812;-12.93203188837129;0.10673357530400704;22.063403579358912;9.640643188172964;92.94200108166577;8;60;26.344186046511627;26.0;0.3659495560482322;18.70656860992252;349.93570915773853;24;185;71.57007229335424;69.0;0.26137417513352923;45.22588624684262;0.926661440641059;DIFF;7359059.0;DIFF;2.71673120463827;0.962288624309031;0.241859855136;5.3362515935;OIL SPILL
19 S1B_IW_GRDH_1SDV_20200721T001515_8b.tif;11;SP00304GXS1;SENTINEL-1;IW;IMG_19_WIN_014;IMG_19_WIN_014;800;600;800;600;1;1;800;600;0;0;0;0;0;14;1;1;19;4;4;19.395652762170418;-92.38214178239492;15Q;0.043132677714615306;1.307228001063725;39.61833897889506;0.3519498039110827;3.152727242790731;2.9613773156399783;6.191094558719315;10.514419209264322;10.210813771536005;20.589538137195973;13.306428433548739;-21.1462924443652;0.31718570082035386;30.3071376582024;7.908742261497094;62.54820415879017;10;44;26.130434782608695;25.0;0.30266401333516335;16.007911917068906;256.2532439446367;30;115;60.838235294117645;59.0;0.26312255507872506;34.70780051150895;0.9075021312872975;DIFF;23209.0;DIFF;2.3282519330527554;0.9408989450242701;0.0431326777146;1.30722800107;OIL SPILL
19 S1B_IW_GRDH_1SDV_20200721T001515_8b.tif;12;SP00305GXS1;SENTINEL-1;IW;IMG_19_WIN_006;IMG_19_WIN_006;800;600;800;600;1;1;800;600;0;0;0;0;0;6;1;1;19;5;5;19.497715179352348;-92.1421796373448;15Q;0.033738604031596446;1.9786701333981842;116.04319767158817;1.204735217667232;9.23442426081159;2.583523744770275;5.609012479567131;8.786191050855779;8.53935597640676;17.3708390469245;11.386026138207775;17.33585727289139;0.10829045447302338;58.64706588171654;6.6585969678489265;44.336913580246915;17;46;32.455555555555556;33.0;0.2051604680268413;42.225249183970895;1782.9716686484346;29;255;69.7448275862069;59.0;0.6054248127831287;37.28927203065134;0.8475095785440614;DIFF;37991.0;DIFF;2.148933407312092;0.9547388074754837;0.0337386040316;1.9786701334;OIL SPILL
19 S1B_IW_GRDH_1SDV_20200721T001515_8b.tif;13;SP00306GXS1;SENTINEL-1;IW;IMG_19_WIN_006;IMG_19_WIN_006;800;600;800;600;1;1;800;600;0;0;0;0;0;6;1;1;19;5;5;19.52165343311689;-92.16357116884217;15Q;0.3058485516091634;9.009526678796538;265.3979250477988;1.2380361047637778;21.119695828844762;1.8290393372800742;3.7143846724320406;5.680881361821375;5.736387391946226;11.445022770383424;7.5993871139266576;14.113062373330475;0.0473491667732366;29.457477014014433;8.665518386688394;75.09120891003461;10;55;29.066176470588236;29.0;0.2981306604071899;26.508693044083522;702.710806905442;18;255;77.52834861771203;74.0;0.34192258079423843;48.462172147123795;0.9232212632023825;DIFF;12099586.5;DIFF;2.6673046830277856;0.9770268867428213;0.305848551609;9.00952667879;OIL SPILL
19 S1B_IW_GRDH_1SDV_20200721T001515_8b.tif;14;SP00307GXS1;SENTINEL-1;IW;IMG_19_WIN_007;IMG_19_WIN_007;800;600;800;600;1;1;800;600;0;0;0;0;0;7;1;1;19;11;11;19.531812046219418;-92.1978215449729;15Q;0.21550180504560273;7.520339449007052;262.43634208225717;1.3746791065509012;20.884020544673408;1.6535845430031522;3.3483725023532807;5.597249315465557;5.493899253132558;11.039485883779337;7.168094299237718;-13.162087616293569;0.04788350010769626;34.89687451766661;8.256630491304747;68.17194706994329;9;60;30.339130434782607;31.0;0.2721445991688295;32.694129252392635;1068.9060875721557;24;255;75.87816954238559;70.0;0.4308766203714189;45.53903910760299;0.9206295052023876;DIFF;7596432.0;DIFF;2.501000142554985;0.9770834789292234;0.215501805046;7.520339449;OIL SPILL
19 S1B_IW_GRDH_1SDV_20200721T001515_8b.tif;15;SP00308GXS1;SENTINEL-1;IW;IMG_19_WIN_006;IMG_19_WIN_006;800;600;800;600;1;1;800;600;0;0;0;0;0;6;1;1;19;5;5;19.556512276487663;-92.18742090553363;15Q;0.21284734731771252;5.2817371046088795;131.06457371329762;2.7483118074412256;10.429787385351702;2.127441271284373;4.344686576826183;7.893196556255324;8.22288064560828;16.33344815553797;10.661287035727817;16.614832468788933;0.09587923157517741;24.814671975803144;9.527362055030416;90.7706277276334;6;53;26.797535211267604;26.0;0.3555312822585426;26.38511048984458;696.1740555613064;24;255;75.66438848920863;73.0;0.3487123998049315;48.86685327794103;0.9095830377951161;DIFF;1566632.0;DIFF;2.823557759797024;0.9746440654475835;0.212847347318;5.2817371046;OIL SPILL
19 S1B_IW_GRDH_1SDV_20200721T001515_8b.tif;16;SP00309GXS1;SENTINEL-1;IW;IMG_19_WIN_007;IMG_19_WIN_007;800;600;800;600;1;1;800;600;0;0;0;0;0;7;1;1;19;11;11;19.518046070420397;-92.20855731633563;15Q;0.11019561281859008;3.067198582214375;85.37279209314207;1.814155191092019;6.793750933590119;2.8142706905391344;5.9271734540189245;9.040646480324664;10.110737034890846;-19.884859610695337;-13.374945042088237;-19.79771336996284;0.14719409200825023;27.834126094146427;9.996070309370399;99.92142162987643;9;53;28.93877551020408;30.0;0.34542132944932974;15.286291725460412;233.67071471587948;28;107;61.67252396166134;60.0;0.2478622690221519;32.73374845145726;0.8534915563669556;DIFF;179726.5;DIFF;2.1311379930334313;1.0107668942478596;0.110195612819;3.06719858222;OIL SPILL
19 S1B_IW_GRDH_1SDV_20200721T001515_8b.tif;17;SP00310GXS1;SENTINEL-1;IW;IMG_19_WIN_007;IMG_19_WIN_007;800;600;800;600;1;1;800;600;0;0;0;0;0;7;1;1;19;11;11;19.513086561684986;-92.22200013004839;15Q;0.1356863708029515;3.37092738133895;83.7457096318291;1.2334325171721177;6.664271825322077;2.7740210432366443;6.029896197430158;8.589036605676142;8.542758370904473;17.12519116660582;11.562246460380313;-17.676042072856557;0.15005390329372872;24.84352231834934;8.986063437393017;80.74933610085162;7;53;25.718232044198896;25.0;0.34940440003611944;20.57634018160117;423.3857752689749;26;161;69.28433889602054;67.0;0.29698400113886353;43.566106851821644;0.9147476223235625;DIFF;559423.5;DIFF;2.6939775166873723;1.0072664672248466;0.135686370803;3.37092738134;OIL SPILL
19 S1B_IW_GRDH_1SDV_20200721T001515_8b.tif;18;SP00311GXS1;SENTINEL-1;IW;IMG_19_WIN_007;IMG_19_WIN_007;800;600;800;600;1;1;800;600;0;0;0;0;0;7;1;1;19;11;11;19.526974496714708;-92.22934112719162;15Q;0.07083556695625558;1.478034979485975;30.84026138921421;1.6546803793335283;2.454190023169782;3.0755451310673094;6.783559277234683;9.584169889339906;10.381778178751267;20.390601823913364;13.805197555203266;-20.839698968278203;0.4074664107339252;20.865718211851593;8.94262229702301;79.97049354721312;7;50;24.433862433862434;24.0;0.3659929870371046;21.097623164536433;445.10970319278425;25;122;65.47486033519553;61.0;0.3222247906529029;41.0409979013331;0.9238568177115662;DIFF;33530.0;DIFF;2.679677047066253;1.0526466042213696;0.0708355669563;1.47803497948;OIL SPILL
19 S1B_IW_GRDH_1SDV_20200721T001515_8b.tif;19;SP00312GXS1;SENTINEL-1;IW;IMG_19_WIN_003;IMG_19_WIN_003;800;600;800;600;1;1;800;600;0;0;0;0;0;3;1;1;19;14;14;19.58763340468921;-92.20573046273698;15Q;0.3679136931660306;6.763276907805597;124.32783933109609;1.2796709928980563;9.893695096739453;2.994262742812106;6.736366841363308;9.76916335945028;11.570540048729752;-23.405123728374846;16.22603550049335;22.241411069856067;0.101074471188177;18.38278116154131;10.385846401529715;107.86580547616775;7;62;24.426680244399186;23.0;0.42518452354617836;33.994092675451455;1155.598336827182;26;255;70.12557339449542;64.0;0.4847602811632747;45.69889315009623;0.8879463368149628;DIFF;1692952.5;DIFF;2.870859760428336;0.9864269227795781;0.367913693166;6.76327690781;OIL SPILL
19 S1B_IW_GRDH_1SDV_20200721T001515_8b.tif;20;SP00313GXS1;SENTINEL-1;IW;IMG_19_WIN_007;IMG_19_WIN_007;800;600;800;600;1;1;800;600;0;0;0;0;0;7;1;1;19;11;11;19.561402777880893;-92.22130287334322;15Q;0.3705928344753065;9.629654672077274;250.22137633812915;1.068865770197473;19.911984455735336;2.2050686771695607;4.462656267571073;8.674518664251455;10.018288057848482;20.137876608590602;12.68186524822998;-19.370952216897027;0.05022101148295973;25.984459968609894;10.92353970389158;119.32371966249573;7;57;24.490394337714864;23.0;0.44603363887324105;27.067268920362917;732.6370468072444;20;255;68.65110941086458;65.0;0.3942728552042789;44.16071507314972;0.8808566545919201;DIFF;8917392.0;DIFF;2.803185137167956;0.9890375983578688;0.370592834475;9.62965467207;OIL SPILL
19 S1B_IW_GRDH_1SDV_20200721T001515_8b.tif;21;SP00314GXS1;SENTINEL-1;IW;IMG_19_WIN_007;IMG_19_WIN_007;800;600;800;600;1;1;800;600;0;0;0;0;0;7;1;1;19;11;11;19.582152398804542;-92.22928109833971;15Q;0.47020623978413867;14.165317465694343;426.74086799873623;1.9089908589883025;33.95895928066244;2.314494409907737;4.665147270702141;8.344678472058147;8.616755075205733;17.105080933632898;11.019812041478035;-17.828976227604258;0.029447309964220226;30.12575390789652;8.512251955751818;72.45843335820066;9;54;30.69641434262948;31.0;0.2773044389073962;22.91212153468662;524.9653132202503;7;255;67.34482758620689;64.0;0.340220954688127;36.64841324357741;0.8456788727497332;DIFF;13230011.5;DIFF;2.193898832434058;0.9692994439171787;0.470206239784;14.1653174657;OIL SPILL
19 S1B_IW_GRDH_1SDV_20200721T001515_8b.tif;22;SP00315GXS1;SENTINEL-1;IW;IMG_19_WIN_007;IMG_19_WIN_007;800;600;800;600;1;1;800;600;0;0;0;0;0;7;1;1;19;11;11;19.56825475929851;-92.241114811596;15Q;0.3949295219326916;6.952014357487302;122.37754065634684;1.2545683530175655;9.738495259443495;2.7929067873705886;6.005102795588738;8.811294951777796;8.92657356067305;17.803205759194924;11.929395041702552;18.524535249718557;0.10268526844845893;17.603177203531885;10.500865487744528;110.26817599170414;7;57;23.018026565464897;21.0;0.45620181460297315;48.96418176161948;2397.4910955849095;25;255;78.48245918721778;65.0;0.6238869458055175;55.46443262175289;0.8968517030673602;DIFF;3002674.5;DIFF;3.4096085067939303;0.9777234523704483;0.394929521933;6.95201435748;OIL SPILL
19 S1B_IW_GRDH_1SDV_20200721T001515_8b.tif;23;SP00316GXS1;SENTINEL-1;IW;IMG_19_WIN_003;IMG_19_WIN_003;800;600;800;600;1;1;800;600;0;0;0;0;0;3;1;1;19;14;14;19.601688186356515;-92.279424311742;15Q;0.20903479623519683;6.350711466013459;192.94173434730712;1.2354343107042163;15.353815375048628;2.1062693858994095;4.291211853307576;7.1851811508215295;7.825549451711214;15.560756558319042;10.776568840745025;-15.423454685651954;0.06513039108344969;30.381121135774524;8.857841380028615;78.46135391374726;11;69;29.155913978494624;29.0;0.3038094222174668;16.435241143489613;270.11715144465376;22;129;63.07408175970118;62.0;0.2605704385218699;33.918167781206556;0.8420469750487356;DIFF;2629057.5;DIFF;2.1633374898219473;0.9774281558755333;0.209034796235;6.35071146601;OIL SPILL
19 S1B_IW_GRDH_1SDV_20200721T001515_8b.tif;24;SP00317GXS1;SENTINEL-1;IW;IMG_19_WIN_003;IMG_19_WIN_003;800;600;800;600;1;1;800;600;0;0;0;0;0;3;1;1;19;14;14;19.59546743710965;-92.27130134755775;15Q;0.16745945288312145;6.2900253686284655;236.26268005069684;1.8480759712630237;18.801186699103667;2.0701700002609993;4.171657632779144;6.799870019754492;6.904834241366858;13.757385522021599;9.005313226335419;-15.276072839243103;0.053188132004862984;37.56148285650137;8.180525016465355;66.9209895450155;12;63;33.48769574944072;34.0;0.24428450012425768;39.5668546036785;1565.5359832286347;9;255;71.51724821570183;63.0;0.5532491194899117;38.02955246626111;0.807532195427442;DIFF;2141638.5;DIFF;2.13562762725758;0.9827525443424341;0.167459452883;6.29002536863;OIL SPILL
19 S1B_IW_GRDH_1SDV_20200721T001515_8b.tif;25;SP00318GXS1;SENTINEL-1;IW;IMG_19_WIN_007;IMG_19_WIN_007;800;600;800;600;1;1;800;600;0;0;0;0;0;7;1;1;19;11;11;19.57152885571435;-92.25704632291372;15Q;0.138634007674351;5.543227624962719;221.64383052625814;2.457256985907561;17.637855617038156;2.14962250567618;4.425901749710669;6.734649954890831;7.659566307882011;-15.427827785349056;-10.172736376749198;14.87291445442072;0.05669623460541318;39.984616458493136;8.782987074055393;77.1408619430241;10;54;30.745945945945945;31.0;0.28566325750707594;34.20989373698851;1170.3168294960458;20;255;73.02467424452453;67.0;0.46847033678556405;42.278728298578585;0.8712308649098226;DIFF;1309669.0;DIFF;2.375099285379226;0.9904433228230297;0.138634007674;5.54322762497;OIL SPILL
19 S1B_IW_GRDH_1SDV_20200721T001515_8b.tif;26;SP00319GXS1;SENTINEL-1;IW;IMG_19_WIN_003;IMG_19_WIN_003;800;600;800;600;1;1;800;600;0;0;0;0;0;3;1;1;19;14;14;19.605237595529903;-92.24591465842217;15Q;0.08878313513212613;4.837372339512276;263.5654971662646;2.4506087789752757;20.97387585124197;1.8870337030283928;3.8802492180958112;6.820524053945422;6.872085155074351;13.72063842854494;8.86373452280173;14.711927519034608;0.04767835983642407;54.485261556863804;7.110186664349558;50.55475440189429;14;49;30.41350210970464;31.0;0.23378388449651016;18.645867480673274;347.6683741068291;23;142;66.69793322734499;65.0;0.2795569004682261;36.28443111764035;0.8849060527392618;DIFF;733641.0;DIFF;2.1930369277026585;0.9601751709498311;0.0887831351322;4.83737233951;OIL SPILL
19 S1B_IW_GRDH_1SDV_20200721T001515_8b.tif;27;SP00320GXS1;SENTINEL-1;IW;IMG_19_WIN_003;IMG_19_WIN_003;800;600;800;600;1;1;800;600;0;0;0;0;0;3;1;1;19;14;14;19.613955124764146;-92.25934128079717;15Q;0.13672519155019788;3.8408402032287343;107.89565038804142;1.3910215821415886;8.586063048685883;2.823509925423417;6.1248539240446345;8.92562052432406;9.874542457557432;20.22179059549101;-13.039160649550753;19.277411388187872;0.11646781468173033;28.09167908035873;9.77728879818928;95.59537624319759;9;48;27.44931506849315;28.0;0.3561942720170763;17.984634935688486;323.44709376998685;28;142;63.073544433094995;61.0;0.2851375342441016;35.624229364601845;0.8593084920312871;DIFF;351004.0;DIFF;2.297818516626377;1.0002765693676854;0.13672519155;3.84084020323;OIL SPILL
19 S1B_IW_GRDH_1SDV_20200721T001515_8b.tif;28;SP00321GXS1;SENTINEL-1;IW;IMG_19_WIN_003;IMG_19_WIN_003;800;600;800;600;1;1;800;600;0;0;0;0;0;3;1;1;19;14;14;19.63191220305717;-92.26365497633478;15Q;0.37117704487692194;11.174454338590161;336.4120478049536;1.1302906142291855;26.770820161912685;1.9225282464750297;3.8644344709721667;6.665901330492789;6.739221972600927;13.441787664147014;8.682004895167596;15.806972160838647;0.03735410398157011;30.10545639290674;9.522586770733431;90.67965880614736;5;54;26.919273461150354;27.0;0.353746054271351;18.64715248857037;347.71629593199617;21;158;68.35356746392169;66.0;0.27280437847538375;41.43429400277134;0.9103877576562257;DIFF;19437862.5;DIFF;2.539205508743352;0.9920081632435639;0.371177044877;11.1744543386;OIL SPILL
19 S1B_IW_GRDH_1SDV_20200721T001515_8b.tif;29;SP00322GXS1;SENTINEL-1;IW;IMG_19_WIN_003;IMG_19_WIN_003;800;600;800;600;1;1;800;600;0;0;0;0;0;3;1;1;19;14;14;19.64672266961277;-92.28634574668042;15Q;0.45727770704966153;13.478321363901019;397.275318669452;0.9782744886732908;31.614165367325615;1.9535059028833117;3.921513245505007;6.899827520970929;6.909209851636031;13.813739286500772;8.876721067906145;-15.966435902006394;0.031631390181615746;29.475133285772092;9.539956591748336;91.01077177244252;7;61;28.63144963144963;29.0;0.3331985182220521;18.89271516459368;356.9346862904681;14;177;68.55832704452476;67.0;0.2755714145755618;39.92687741307513;0.8820368173349069;DIFF;30249433.0;DIFF;2.3945112080255364;0.9754362756454741;0.45727770705;13.4783213639;OIL SPILL
19 S1B_IW_GRDH_1SDV_20200721T001515_8b.tif;30;SP00323GXS1;SENTINEL-1;IW;IMG_19_WIN_003;IMG_19_WIN_003;800;600;800;600;1;1;800;600;0;0;0;0;0;3;1;1;19;14;14;19.59980578475873;-92.29891683229643;15Q;0.06818020257814507;3.9100856733996725;224.24060644000102;1.2493239068381532;17.844500478425232;2.2590099206727325;4.930612895993766;6.795948306626625;7.3123264389391815;14.413790396129961;9.881117089087427;-14.720522072025574;0.05603967458820397;57.34928213095449;7.937679917223983;63.006762468300934;10;53;32.53846153846154;33.5;0.2439476097492004;36.40818561339271;1325.5559796592559;22;255;72.95584045584046;65.5;0.4990441530919005;40.41737891737892;0.8574141907475241;DIFF;374802.5;DIFF;2.242141668855617;0.9629312804081885;0.0681802025783;3.9100856734;OIL SPILL
19 S1B_IW_GRDH_1SDV_20200721T001515_8b.tif;31;SP00324GXS1;SENTINEL-1;IW;IMG_19_WIN_003;IMG_19_WIN_003;800;600;800;600;1;1;800;600;0;0;0;0;0;3;1;1;19;14;14;19.62561610172348;-92.31089020443224;15Q;0.08577323503316235;3.6920535679615747;158.9220640148126;1.9993993686955995;12.646616027162024;2.248543282883754;4.561885385777664;7.609798457730377;8.538384725307576;-16.616874905544183;-10.829195894777751;-17.461392378598212;0.07907253591413149;43.044354879865764;8.379171934102608;70.21052230125284;14;55;31.69868995633188;32.0;0.26433811446611066;17.187998947402924;295.42730781592405;29;161;64.72054054054054;63.0;0.2655725493614577;33.021850584208664;0.8352814823557182;DIFF;413765.0;DIFF;2.0417418079327434;0.9921091954076299;0.0857732350332;3.69205356796;OIL SPILL
19 S1B_IW_GRDH_1SDV_20200721T001515_8b.tif;32;SP00325GXS1;SENTINEL-1;IW;IMG_19_WIN_003;IMG_19_WIN_003;800;600;800;600;1;1;800;600;0;0;0;0;0;3;1;1;19;14;14;19.59472392340879;-92.25899527908653;15Q;0.12999781254365075;5.122116621978915;201.81938584807432;1.254768979666615;16.060276434745766;1.7896628967159782;3.6297234740947415;5.420946379448962;5.46795284686135;10.91254888696596;7.288255059665003;12.498042319839891;0.06226542887123287;39.40156008593611;8.648389537743913;74.79464159655839;9;55;28.080691642651296;28.0;0.30798349441678347;19.92248573092431;396.90543769888285;23;210;70.37188142060464;68.0;0.2831029287372595;42.29118977795334;0.9024321853042008;DIFF;2341090.5;DIFF;2.5060594060909085;0.9678387913809106;0.129997812544;5.12211662198;OIL SPILL
19 S1B_IW_GRDH_1SDV_20200721T001515_8b.tif;33;SP00326GXS1;SENTINEL-1;IW;IMG_19_WIN_003;IMG_19_WIN_003;800;600;800;600;1;1;800;600;0;0;0;0;0;3;1;1;19;14;14;19.627907837391636;-92.2321170276692;15Q;0.07641060075891701;2.2960304040962507;68.99246392745036;1.9069421267597055;5.4902458350715015;2.9142056453356555;6.15898927628525;9.544966103531777;9.904333041465788;19.639490170796;12.984090486599351;-20.29184149134018;0.1821412064305089;30.048584637365348;8.969907828047928;80.45924644367551;11;56;30.03921568627451;30.0;0.2986065921869741;16.03693713472774;257.18335266320963;23;119;61.18266253869969;59.0;0.2621157116950238;31.14344685242518;0.8464912280701754;DIFF;64273.5;DIFF;2.036759653703449;0.95072132651769;0.076410600759;2.29603040409;OIL SPILL
19 S1B_IW_GRDH_1SDV_20200721T001515_8b.tif;34;SP00327GXS1;SENTINEL-1;IW;IMG_19_WIN_003;IMG_19_WIN_003;800;600;800;600;1;1;800;600;0;0;0;0;0;3;1;1;19;14;14;19.6113571963239;-92.21668676446761;15Q;0.05506653980747208;2.559900024460054;119.00308532444566;1.1957925952469401;9.469964636286058;1.7323340718073879;3.542328922893562;6.099419987584815;6.218387092443754;12.380017092745728;8.088440453609197;-13.329230005877948;0.10559701523787117;46.48739567458161;9.019915645125272;81.35887824517563;9;47;28.959183673469386;30.0;0.31146995532849775;17.64520211414352;311.35315764897496;27;167;65.65601162368326;64.0;0.26875226925570045;36.69682795021387;0.8933383742163774;DIFF;399379.5;DIFF;2.267191380944665;0.9780826582713001;0.0550665398075;2.55990002446;OIL SPILL
19 S1B_IW_GRDH_1SDV_20200721T001515_8b.tif;35;SP00328GXS1;SENTINEL-1;IW;IMG_19_WIN_003;IMG_19_WIN_003;800;600;800;600;1;1;800;600;0;0;0;0;0;3;1;1;19;14;14;19.600027471597798;-92.21896449425594;15Q;0.04008514046377291;1.988470309307892;98.64039704619417;2.3036960679550202;7.849553389224496;2.3836238752688677;4.8609630642062065;7.331934779765346;7.364541610930271;14.712780169754994;9.853432953014083;17.600918728499234;0.12739578297190177;49.60617042380029;8.832245450593925;78.00855969953709;10;46;27.97196261682243;28.0;0.3157535126005847;16.35281947167461;267.4147046731803;22;131;63.107994389901826;62.0;0.2591243729065694;35.136031773079395;0.8831316931223865;DIFF;75008.0;DIFF;2.256116070738221;0.9961778171983308;0.0400851404639;1.98847030931;OIL SPILL
19 S1B_IW_GRDH_1SDV_20200721T001515_8b.tif;36;SP00329GXS1;SENTINEL-1;IW;IMG_19_WIN_007;IMG_19_WIN_007;800;600;800;600;1;1;800;600;0;0;0;0;0;7;1;1;19;11;11;19.571624087610303;-92.32294931957034;15Q;0.12439255026328157;2.625141636351645;55.40017144371707;0.7665181285453845;4.4086055667030175;2.856419091341392;5.858070041980825;9.379874783512806;9.688351506300307;19.22250429488993;12.620286189484926;-21.091774632825008;0.226829092525928;21.103688531149434;9.985161003563862;99.70344026709247;9;51;27.433734939759034;27.0;0.3639738090890648;18.236210366833028;332.5593685433884;19;124;60.89204545454545;59.0;0.2994842796083431;33.45831051478642;0.7952662924424972;DIFF;224776.5;DIFF;2.2196046432706513;0.964073046946306;0.124392550263;2.62514163635;OIL SPILL
19 S1B_IW_GRDH_1SDV_20200721T001515_8b.tif;37;SP00330GXS1;SENTINEL-1;IW;IMG_19_WIN_005;IMG_19_WIN_005;800;600;800;600;1;1;800;600;0;0;0;0;0;5;1;1;19;1;1;19.518825967783343;-92.35967391630922;15Q;1.351496487818162;18.679535853117333;258.1768157246164;1.3632005411983315;20.545058207149037;2.5227310149841657;5.160737070959538;8.2066094418606;8.922635337676876;18.381691246414423;-12.012553031822225;-17.49081766476671;0.04867350532265863;13.821372102322906;10.705694792558527;114.61190099141476;6;60;24.54991680532446;24.0;0.436078658736499;19.055937429711154;363.1287513250665;16;211;70.83629040481289;69.0;0.269013768519087;46.28637359948843;0.9054241028217307;DIFF;70169810.0;DIFF;2.885398389189233;0.9728032935275658;1.35149648782;18.6795358531;OIL SPILL
19 S1B_IW_GRDH_1SDV_20200721T001515_8b.tif;38;SP00331GXS1;SENTINEL-1;IW;IMG_19_WIN_007;IMG_19_WIN_007;800;600;800;600;1;1;800;600;0;0;0;0;0;7;1;1;19;11;11;19.552759903838016;-92.30088645121896;15Q;0.08281369715835804;2.9454984739495944;104.76481014304964;0.6993239505032488;8.336918698175143;2.745555224809288;5.9001909649088855;8.757504359160206;10.294652165918444;-19.871220519781318;-13.569559395009515;20.16226061872539;0.11994839294989029;35.56776928238275;6.525225764854752;42.578571282324276;13;51;33.34389140271493;33.0;0.19569478817110872;17.189915469469724;295.49319384751453;26;132;62.45353159851301;60.0;0.2752432893623426;29.10964019579808;0.8351528200642568;DIFF;115820.5;DIFF;1.8730126860186425;1.0065257611475327;0.0828136971583;2.94549847395;OIL SPILL
19 S1B_IW_GRDH_1SDV_20200721T001515_8b.tif;39;SP00332GXS1;SENTINEL-1;IW;IMG_19_WIN_011;IMG_19_WIN_011;800;600;800;600;1;1;800;600;0;0;0;0;0;11;1;1;19;1;1;19.477576537759518;-92.49298619824091;15Q;0.38236634646591583;10.749520851729166;302.2028471118613;0.8492981886956019;24.048538467148514;2.406777683497361;4.919519597597363;8.99457359697696;9.245729305296443;18.385992887621853;11.926804767616435;18.892507322908205;0.04158256857754783;28.113145811819972;9.360850645008421;87.62552479815456;9;65;29.723529411764705;29.0;0.314930656966442;22.3112179147173;497.79044483800226;17;185;74.5959364497403;72.0;0.2990942801522398;44.87240703797559;0.8812808899911935;DIFF;6571796.5;DIFF;2.509659449130388;0.972291970148213;0.382366346466;10.7495208517;OIL SPILL
19 S1B_IW_GRDH_1SDV_20200721T001515_8b.tif;40;SP00333GXS1;SENTINEL-1;IW;IMG_19_WIN_017;IMG_19_WIN_017;800;600;800;600;1;1;800;600;0;0;0;0;0;17;1;1;19;4;4;19.62376660035089;-92.3413409063204;15Q;0.06255082357387158;2.7271531588740645;118.90114193577921;3.3544306238244688;9.461852239175156;2.32223490773433;4.683500268255438;8.711032046196692;9.435909639582524;18.770506948896568;12.36396362369821;18.58696570328078;0.1056875519424911;43.59899683260505;8.450147832225221;71.40499838646062;11;53;27.161676646706585;27.0;0.31110553086014375;19.724887614471605;389.07119140353535;19;132;64.56942003514939;61.0;0.3054834254935858;37.40774338844281;0.9015185797122803;DIFF;93410.0;DIFF;2.3772251203416994;0.9761489349880065;0.0625508235739;2.72715315888;OIL SPILL
19 S1B_IW_GRDH_1SDV_20200721T001515_8b.tif;41;SP00334GXS1;SENTINEL-1;IW;IMG_19_WIN_017;IMG_19_WIN_017;800;600;800;600;1;1;800;600;0;0;0;0;0;17;1;1;19;4;4;19.66149420384052;-92.36222565703667;15Q;0.06777847382877403;2.2225453244090057;72.8801851090851;3.0392471896172766;5.79962085678162;2.043277255761212;4.113295247432095;5.854065526190756;5.846809362358187;11.697255151498306;7.903457996408394;-13.904918462423959;0.17242506444721792;32.79131557349212;9.77392570249345;95.52962363786209;8;52;25.027624309392266;25.0;0.39052550820117315;17.47858728416074;305.5010134500255;20;132;66.72538860103627;65.0;0.2619480777949233;41.697764291644006;0.9442611570721093;DIFF;277396.5;DIFF;2.666069610769882;0.9915002360389777;0.0677784738288;2.22254532441;OIL SPILL
19 S1B_IW_GRDH_1SDV_20200721T001515_8b.tif;42;SP00335GXS1;SENTINEL-1;IW;IMG_19_WIN_017;IMG_19_WIN_017;800;600;800;600;1;1;800;600;0;0;0;0;0;17;1;1;19;4;4;19.669964039592415;-92.34991286615005;15Q;0.04418496661835923;1.15517676636907;30.201072076954617;0.7063211504479429;2.4033249538609707;3.0461566780181255;6.566322835486318;9.863859336112975;10.37228625345534;20.56381808635107;13.911221308237062;-20.7614086521965;0.4160902163452711;26.144113140261695;8.00653281095964;64.10456765297329;13;46;26.88135593220339;26.5;0.2978470591718908;16.524325208427246;273.05332359386415;32;108;62.972972972972975;62.5;0.26240344751579747;36.091617040769584;0.8952130096197893;DIFF;17259.0;DIFF;2.3426263590198015;1.013185275033348;0.0441849666183;1.15517676637;OIL SPILL
19 S1B_IW_GRDH_1SDV_20200721T001515_8b.tif;43;SP00336GXS1;SENTINEL-1;IW;IMG_19_WIN_017;IMG_19_WIN_017;800;600;800;600;1;1;800;600;0;0;0;0;0;17;1;1;19;4;4;19.688959904904127;-92.35053857617007;15Q;0.12093304018138669;4.7461520009847105;186.26802718814173;2.319098937171652;14.822738633484155;1.5532262060227728;3.1123394746414146;5.195874682516045;5.195883940084673;10.391763373468292;6.752062516869116;-13.516812412731547;0.06746391640078088;39.24611498946845;7.576598464393995;57.404844290657444;12;50;31.647058823529413;32.0;0.23940924515743106;19.435405778077367;377.7349977585231;23;151;70.22148684008003;68.0;0.27677291741684257;38.57442801655062;0.8845397089678447;DIFF;2066814.0;DIFF;2.218894565578737;0.9808408454897187;0.120933040181;4.74615200099;OIL SPILL
19 S1B_IW_GRDH_1SDV_20200721T001515_8b.tif;44;SP00337GXS1;SENTINEL-1;IW;IMG_19_WIN_009;IMG_19_WIN_009;800;600;800;600;1;1;800;600;0;0;0;0;0;9;1;1;19;7;7;19.428156052621397;-92.10082939148911;15Q;0.2989043832342022;11.420693701595194;436.36778830191275;0.42291865471759976;34.72504525716358;1.9350893756011667;3.9062365104183927;6.557496659303405;6.685781023348187;13.30928969847772;8.691445184966868;14.340829765073241;0.028797658652257786;38.20851865075085;7.2736033149339745;52.905305183018505;6;51;29.672521957340024;30.0;0.24512925882711226;16.4739070396632;271.3896131514647;11;255;59.0728714078817;57.0;0.2788743233068098;29.400349450541675;0.8579613331990543;DIFF;10218511.5;DIFF;1.9908274562172488;1.0049985910776325;0.298904383234;11.4206937016;OIL SPILL
19 S1B_IW_GRDH_1SDV_20200721T001515_8b.tif;45;SP00338GXS1;SENTINEL-1;IW;IMG_19_WIN_009;IMG_19_WIN_009;800;600;800;600;1;1;800;600;0;0;0;0;0;9;1;1;19;7;7;19.405847918306893;-92.05346411776583;15Q;0.15003852125714096;6.200822521370684;256.26885428736443;0.09101691280716019;20.393227460165356;2.019498313657222;4.046607685231893;6.970544765989432;7.0130692858430095;14.004899874369949;9.044940758783405;15.98715354664023;0.049035887132300525;41.32820338014069;7.0921254747783475;50.298243750000005;8;47;29.2725;30.0;0.24227945938264062;16.286254918617583;265.2420992741955;26;123;56.72697899838449;54.0;0.28709892904893447;27.454478998384488;0.8356462035541196;DIFF;482382.5;DIFF;1.9378932102958233;1.0013839231132244;0.150038521257;6.20082252137;OIL SPILL
19 S1B_IW_GRDH_1SDV_20200721T001515_8b.tif;46;SP00339GXS1;SENTINEL-1;IW;IMG_19_WIN_009;IMG_19_WIN_009;800;600;800;600;1;1;800;600;0;0;0;0;0;9;1;1;19;7;7;19.440336787705895;-92.03980097474383;15Q;0.1012556686143072;3.0118532925915127;89.58767820345604;0.6983168664120154;7.129160913103038;2.6182236055421666;5.631953942142719;8.345624566277078;8.939509252882695;17.583899860518688;12.369873494340483;-18.620888063540427;0.1402689618300031;29.745033871278437;7.015582303823995;49.218395061728394;8;45;26.455555555555556;26.0;0.26518370741039876;32.904943714208635;1082.7353208352386;25;255;62.94567901234568;56.0;0.5227514299711489;36.49012345679012;0.8864197530864198;DIFF;215879.0;DIFF;2.379299080685053;1.027543965779233;0.101255668614;3.01185329259;OIL SPILL
19 S1B_IW_GRDH_1SDV_20200721T001515_8b.tif;47;SP00340GXS1;SENTINEL-1;IW;IMG_19_WIN_009;IMG_19_WIN_009;800;600;800;600;1;1;800;600;0;0;0;0;0;9;1;1;19;7;7;19.444660853741947;-92.05451971552742;15Q;0.051376145720689936;1.5354465556663477;45.88892553608223;0.429790876998967;3.6517246661216958;2.9482293552439907;6.179644436132095;9.78769464252828;10.168859324834973;20.174831856330965;13.259062117343243;20.608009098375003;0.27384320873841983;29.88637107995434;8.38920831383899;70.37881613298525;9;49;27.284671532846716;27.0;0.3074696466013755;13.857738316689959;192.03691125385706;29;86;53.36123348017621;52.0;0.2596967388663932;26.076561947329495;0.7700569150133445;DIFF;29808.0;DIFF;1.9557220403381863;1.0396251360859898;0.0513761457208;1.53544655567;OIL SPILL
19 S1B_IW_GRDH_1SDV_20200721T001515_8b.tif;48;SP00341GXS1;SENTINEL-1;IW;IMG_19_WIN_009;IMG_19_WIN_009;800;600;800;600;1;1;800;600;0;0;0;0;0;9;1;1;19;7;7;19.468186558020104;-92.08624354254816;15Q;0.20247247877293179;4.382827655819416;94.87303349586672;0.5849507747371184;7.549756123495074;2.7684295315644096;5.838902017291813;8.71207424648369;8.934319633605526;17.786003830726226;11.879864395217385;18.212656348058633;0.13245460961155675;21.64653528410968;8.522969851475672;72.64101508916323;7;48;25.14814814814815;26.0;0.3389104359202403;16.70393135068038;279.0213225682429;28;128;58.34901960784314;56.0;0.2862761270531284;33.200871459694994;0.862636165577342;DIFF;541268.5;DIFF;2.3202113835224814;0.9927213466197323;0.202472478773;4.38282765582;OIL SPILL
19 S1B_IW_GRDH_1SDV_20200721T001515_8b.tif;49;SP00342GXS1;SENTINEL-1;IW;IMG_19_WIN_006;IMG_19_WIN_006;800;600;800;600;1;1;800;600;0;0;0;0;0;6;1;1;19;5;5;19.484501710041847;-92.09595372426455;15Q;0.04198998220856576;1.0051579815696625;24.06151455113246;0.8257165337187227;1.9147544895451492;3.1478626208746587;7.162639562465189;10.945284229019384;12.350443476514382;-24.302089273001332;-16.171986653049206;24.059867077590628;0.5222601672747875;23.938042568749054;8.67955884300485;75.33474170918369;5;40;21.258928571428573;20.0;0.4082782824092999;8.974156326409371;80.53548177083333;30;71;50.28125;51.0;0.17847918113430694;29.022321428571427;0.9211309523809523;DIFF;10669.0;DIFF;2.3651826963460727;1.008085092196845;0.0419899822085;1.00515798157;OIL SPILL
19 S1B_IW_GRDH_1SDV_20200721T001515_8b.tif;50;SP00343GXS1;SENTINEL-1;IW;IMG_19_WIN_016;IMG_19_WIN_016;800;600;800;600;1;1;800;600;0;0;0;0;0;16;1;1;19;7;7;19.543797280932925;-92.00526146937219;15Q;0.06408976437134015;2.642117493185072;108.9219927124004;1.6321338399579524;8.66773677579896;2.785985057902676;5.8346426256603765;9.390920246470468;9.432148723855127;18.843712723678685;12.425439710640335;20.777056226073533;0.11537037012846107;41.22526458166512;9.574676482214164;91.674429739065;5;48;25.660818713450293;28.0;0.37312435698692387;9.4408627358243;89.12988919667589;28;82;47.689473684210526;47.0;0.19796533713791162;22.028654970760233;0.8301169590643275;DIFF;62923.5;DIFF;1.8584548769371012;1.0077173693937933;0.0640897643714;2.64211749319;OIL SPILL
19 S1B_IW_GRDH_1SDV_20200721T001515_8b.tif;51;SP00344GXS1;SENTINEL-1;IW;IMG_19_WIN_016;IMG_19_WIN_016;800;600;800;600;1;1;800;600;0;0;0;0;0;16;1;1;19;7;7;19.511162080210337;-92.00654976644765;15Q;0.05735482017849733;2.5045047522546025;109.36385180085531;0.8853227300016336;8.702898804837801;2.1902543762834368;4.488134423991196;7.306269561328202;7.413564083770139;14.780016137556856;9.658207479424306;15.53748700521502;0.11490424310622986;43.66685737066536;6.778745180265711;45.95138621897561;12;47;29.751633986928105;31.0;0.22784446673564449;13.518539116118289;182.75089983402026;25;108;53.7906976744186;52.0;0.25131741547474556;24.039063687490497;0.8490756901530996;DIFF;184747.5;DIFF;1.8079913761392896;1.05359144081617;0.0573548201785;2.50450475226;OIL SPILL
19 S1B_IW_GRDH_1SDV_20200721T001515_8b.tif;52;SP00345GXS1;SENTINEL-1;IW;IMG_19_WIN_016;IMG_19_WIN_016;800;600;800;600;1;1;800;600;0;0;0;0;0;16;1;1;19;7;7;19.51718567832616;-91.98546065127755;15Q;0.0266149204578738;0.9296691653816475;32.47369303355244;1.0596338858511145;2.584174383369359;3.000902589526697;6.312945279505772;10.270834491068724;10.655531802838835;21.128257479457165;13.815504906085623;21.802014140615473;0.386970788982188;34.930375495697284;7.665233357188465;58.755802420154744;8;41;24.464788732394368;25.0;0.31331696508945367;13.01867164718104;169.48581145711552;30;89;55.4639175257732;54.0;0.23472326204025296;30.99912879337883;0.9305938725134312;DIFF;6830.0;DIFF;2.2670916202244658;1.0861940329660833;0.0266149204579;0.929669165381;OIL SPILL
19 S1B_IW_GRDH_1SDV_20200721T001515_8b.tif;53;SP00346GXS1;SENTINEL-1;IW;IMG_19_WIN_016;IMG_19_WIN_016;800;600;800;600;1;1;800;600;0;0;0;0;0;16;1;1;19;7;7;19.52737092457149;-91.99717840904702;15Q;0.0847121766578299;3.1070469317963054;113.95930334051386;0.8991242008468782;9.06859321897576;2.6319662708961067;6.920010849824328;7.969255596539535;8.377097401131184;16.673760823507923;11.918239032671128;16.73166586536673;0.11027068651701455;36.67768972985211;7.682706806014292;59.02398386717832;9;44;28.32300884955752;30.0;0.2712532007747587;12.222181250621611;149.38171452304647;29;99;53.911407766990294;52.5;0.22670862729919652;25.588398917432773;0.849460864335424;DIFF;182539.0;DIFF;1.9034491728385887;0.9930011807784997;0.0847121766579;3.1070469318;OIL SPILL
19 S1B_IW_GRDH_1SDV_20200721T001515_8b.tif;54;SP00347GXS1;SENTINEL-1;IW;IMG_19_WIN_016;IMG_19_WIN_016;800;600;800;600;1;1;800;600;0;0;0;0;0;16;1;1;19;7;7;19.532220966291803;-92.0248327138314;15Q;0.044977929559225464;1.5137245698149395;50.944142954473556;1.1796841874297366;4.0540060863923095;2.8760276103967315;5.928448272662199;9.39930703645397;10.017961794947107;19.784696768209105;13.217046727972825;-20.04128615163966;0.24666958526692973;33.65482992768079;10.445240808883037;109.10305555555556;10;49;28.383333333333333;29.0;0.3680061353687506;14.26711491067927;203.55056787452676;32;109;59.76744186046512;58.0;0.2387104829413263;31.384108527131787;0.8585271317829457;DIFF;30286.5;DIFF;2.1057231424708793;0.9590180483440356;0.0449779295593;1.51372456982;OIL SPILL
19 S1B_IW_GRDH_1SDV_20200721T001515_8b.tif;55;SP00348GXS1;SENTINEL-1;IW;IMG_19_WIN_016;IMG_19_WIN_016;800;600;800;600;1;1;800;600;0;0;0;0;0;16;1;1;19;7;7;19.485102912723296;-91.95938712715201;15Q;0.05549061298760223;2.242827197940921;90.65089695346117;0.7356444604881304;7.21376917292869;2.457396399744322;5.276418180008574;7.958589644981202;8.270011206297877;16.389900608983968;10.922242982811225;17.181811121550876;0.1386237868204499;40.4181369998925;7.86921434017583;61.92453433162892;10;47;31.966216216216218;34.0;0.24617284344663343;12.71214493830572;161.59862893249172;29;103;57.242245199409155;56.0;0.2220762811455364;25.276028983192937;0.841071499860274;DIFF;97779.5;DIFF;1.7907106931964816;0.9968819735650288;0.0554906129876;2.24282719794;OIL SPILL
19 S1B_IW_GRDH_1SDV_20200721T001515_8b.tif;56;SP00349GXS1;SENTINEL-1;IW;IMG_19_WIN_016;IMG_19_WIN_016;800;600;800;600;1;1;800;600;0;0;0;0;0;16;1;1;19;7;7;19.51113893975824;-91.9835899803442;15Q;0.05210728933574134;2.5504628983747333;124.83591219020181;1.4484738907584227;9.934126250228205;2.6944160116435047;5.805052173535062;8.576988525189984;9.032356271311784;17.857732597095772;11.989574262518532;-18.357649177170146;0.10066310562310682;48.94637450705624;6.088380014611335;37.06837120231872;20;52;35.17985611510792;36.0;0.17306438078343056;11.549415185455759;133.38899112603607;29;100;52.18485523385301;51.0;0.2213173751982261;17.00499911874509;0.7154508019419654;DIFF;57556.0;DIFF;1.4833731855839607;1.0242826926292368;0.0521072893358;2.55046289837;OIL SPILL
19 S1B_IW_GRDH_1SDV_20200721T001515_8b.tif;57;SP00350GXS1;SENTINEL-1;IW;IMG_19_WIN_018;IMG_19_WIN_018;800;600;800;600;1;1;800;600;0;0;0;0;0;18;1;1;19;2;2;19.683086559901486;-92.0897813364462;15Q;0.13106107199199796;3.612153988831862;99.5540189067778;1.0835204708488075;7.922257106838847;2.8297882990074426;7.321536775436718;8.758921154125158;9.332697144193975;18.74078779346405;-14.462597580971105;-18.423876626681924;0.12622665315125348;27.5608457487087;9.473510221579293;89.74739591836735;8;51;28.394285714285715;28.0;0.3336414346501059;18.460022483084906;340.77243007600015;29;255;60.96149068322981;58.0;0.3028144862632626;32.5672049689441;0.8465838509316771;DIFF;276062.5;DIFF;2.14696334666235;0.9705624482858873;0.131061071992;3.61215398883;OIL SPILL
19 S1B_IW_GRDH_1SDV_20200721T001515_8b.tif;58;SP00351GXS1;SENTINEL-1;IW;IMG_19_WIN_018;IMG_19_WIN_018;800;600;800;600;1;1;800;600;0;0;0;0;0;18;1;1;19;2;2;19.705201417251665;-92.09545992398101;15Q;0.2523515258093644;7.451699772989318;220.04158416984103;0.9395828560788985;17.510352903200772;2.3415467374401238;4.7600226984015634;7.456138368242132;7.541264975240311;15.039968250066153;9.924632902977647;-17.605866382683956;0.05710907173191277;29.52904583829862;10.96840120952526;120.30582509311519;5;68;28.559347181008903;31.0;0.3840564400862395;16.285919143485714;265.23116234815444;25;143;62.05662603224538;60.0;0.2624364259672021;33.49727885123648;0.8380712282859447;DIFF;3344302.0;DIFF;2.1729007192962433;1.011321397948248;0.252351525809;7.45169977299;OIL SPILL
19 S1B_IW_GRDH_1SDV_20200721T001515_8b.tif;59;SP00352GXS1;SENTINEL-1;IW;IMG_19_WIN_002;IMG_19_WIN_002;800;600;800;600;1;1;800;600;0;0;0;0;0;2;1;1;19;1;1;19.9112977545545;-92.29880271755032;15Q;0.5556185470497828;10.023453058328185;180.8247974189866;0.7218787265291522;14.389580171411158;2.5755889114590977;5.235675344639845;8.81202526479058;9.105277014863061;18.0698228623396;11.723974703396259;18.850014863453925;0.06949473077656386;18.040170025911852;9.651379593950821;93.14912806653032;6;57;23.30955585464334;23.0;0.4140524879210959;16.955031115746458;287.47308013593056;14;146;59.37480339729475;57.0;0.2855593643366736;36.065247542651406;0.8654784489565397;DIFF;9276204.5;DIFF;2.547230147479069;1.0016637290673622;0.55561854705;10.0234530583;OIL SPILL
19 S1B_IW_GRDH_1SDV_20200721T001515_8b.tif;60;SP00353GXS1;SENTINEL-1;IW;IMG_19_WIN_004;IMG_19_WIN_004;800;600;800;600;1;1;800;600;0;0;0;0;0;4;1;1;19;1;1;19.67878255222257;-91.93304921165215;15Q;1.3414653727441317;47.319874507541094;1669.1974082260058;1.4427641218985996;132.83050925767458;2.6007763888680153;6.217573944359954;8.419803827028547;9.638916667252449;-19.088077346376817;13.001872858500148;18.702211808782252;0.007528390921547437;35.27476405204742;5.882179585628726;34.600036677587326;11;56;32.13539921831379;32.0;0.1830436132337358;12.68341147851998;160.86892673345238;17;123;51.996886612433464;50.0;0.2439263637659246;19.86148739411967;0.763475574787331;DIFF;67446514.5;DIFF;1.618056345253079;1.0332532187974333;1.34146537274;47.3198745075;OIL SPILL
20 S1B_IW_GRDH_1SDV_20200730T120033_8b.tif;0;OS03036GXS1;SENTINEL-1;IW;IMG_20_WIN_003;IMG_20_WIN_003;800;600;800;600;1;1;800;600;0;0;0;0;0;3;1;1;6;4;4;19.383818025485926;-92.0498665941239;15Q;1.212097908713536;37.04805907226881;1132.3826822530277;0.27565343182616214;90.11215067611421;2.1257072503084697;4.327237139000299;8.324126142149861;7.88462689314565;15.995127906148507;10.053044631384031;-16.76690046414443;0.011097282580617257;30.565236360806768;7.801825192659596;60.868476336817935;14;64;37.63819251005881;38.0;0.2072847996240669;40.110815167114644;1608.8774933704342;27;255;80.3217207706519;70.0;0.4993769404124919;42.683528260593086;0.863270234684628;DIFF;60007658.0;DIFF;2.134048300783464;0.9228458675950225;1.21209790871;37.0480590723;SEEPAGE SLICK
20 S1B_IW_GRDH_1SDV_20200730T120033_8b.tif;1;SP00354GXS1;SENTINEL-1;IW;IMG_20_WIN_006;IMG_20_WIN_006;800;600;800;600;1;1;800;600;0;0;0;0;0;6;1;1;6;3;3;19.608049119842025;-92.22821667404361;15Q;1.4085242580759525;28.19979490718602;564.5827029586545;0.568587999287383;44.92806398002656;1.9517064002061058;3.991122002614338;6.460338221988866;7.028584544400856;13.917439262527829;9.631890079388095;-13.929860184736008;0.022257803061457644;20.020808832719013;9.023016928052911;81.41483448392938;6;65;35.96648936170213;36.0;0.25087288440391425;22.017489375823935;484.7698384145199;20;255;69.77917571422489;67.0;0.31553094673968096;33.81268635252276;0.828866908267045;DIFF;171458051.5;DIFF;1.94011639591734;0.9626651331437572;1.40852425808;28.1997949072;OIL SPILL
20 S1B_IW_GRDH_1SDV_20200730T120033_8b.tif;2;SP00355GXS1;SENTINEL-1;IW;IMG_20_WIN_006;IMG_20_WIN_006;800;600;800;600;1;1;800;600;0;0;0;0;0;6;1;1;6;3;3;19.59339228085036;-92.22772564433241;15Q;0.41173039747441276;8.065510467142461;157.9977079531208;0.625858190327966;12.57305810896442;2.8578236725885726;6.034183275939876;8.91877939085669;9.497055655376055;18.730195932501733;12.578860677531893;19.18494340190813;0.07953514501670947;19.589300466074278;7.212583182682674;52.02135616711693;17;66;38.46587807097361;38.0;0.1875060064760434;16.240784347081945;263.763076208422;27;169;62.66114529105537;60.0;0.2591842883120787;24.19526722008176;0.7400149083600933;DIFF;2185696.0;DIFF;1.629005977075031;0.9538335049487194;0.411730397474;8.06551046715;OIL SPILL
20 S1B_IW_GRDH_1SDV_20200730T120033_8b.tif;3;SP00356GXS1;SENTINEL-1;IW;IMG_20_WIN_006;IMG_20_WIN_006;800;600;800;600;1;1;800;600;0;0;0;0;0;6;1;1;6;3;3;19.599323293546576;-92.24648882370124;15Q;0.09253238723675083;3.6193001417751054;141.56484996693862;0.47946923336417147;11.265372820150407;2.240062829989176;4.5153159010663;7.72847791203611;7.723616285457959;15.449669691065676;9.981329968523676;17.718137076698625;0.08876759038203307;39.11387407000387;5.7498402743765125;33.06066318084217;29;57;41.008097165991906;40.0;0.1402123159019645;13.653602790797372;186.42086916886979;32;119;61.4755525787006;60.0;0.2220980896970079;20.467455412708695;0.7533509956043182;DIFF;345597.5;DIFF;1.4991076598814341;0.931649244899767;0.0925323872367;3.61930014178;OIL SPILL
20 S1B_IW_GRDH_1SDV_20200730T120033_8b.tif;4;SP00357GXS1;SENTINEL-1;IW;IMG_20_WIN_001;IMG_20_WIN_001;800;600;800;600;1;1;800;600;0;0;0;0;0;1;1;1;6;3;3;19.540161426700248;-92.17782767302427;15Q;0.0670840070380812;3.5968941104091967;192.85740093241782;0.16590040897227276;15.347104335124902;1.966098317506756;3.95821768719166;7.383473402582234;7.341518000203654;14.704016981386287;9.330368004933225;17.114469501137663;0.06515887154759879;53.617758825398845;5.630386999442448;31.701257763490528;26;51;39.3463687150838;39.0;0.14309800836294168;15.71871262215528;247.07792649790372;31;130;66.28191072826938;64.0;0.23714935869299275;26.935542013185582;0.8385794219167655;DIFF;222180.0;DIFF;1.6845750419367058;0.9727647321113326;0.0670840070382;3.59689411041;OIL SPILL
20 S1B_IW_GRDH_1SDV_20200730T120033_8b.tif;5;SP00358GXS1;SENTINEL-1;IW;IMG_20_WIN_001;IMG_20_WIN_001;800;600;800;600;1;1;800;600;0;0;0;0;0;1;1;1;6;3;3;19.523327098736445;-92.19716540148137;15Q;0.15554419984363188;6.467460988500857;268.9142486819187;0.1857686496905517;21.39951597278528;1.7783604897692662;3.5733630233530618;5.059980446837901;5.070868584652737;10.136294086998396;6.857899859080217;12.807600121159224;0.04673002890681007;41.57957027650389;6.068394237559189;36.82540862244157;22;69;39.89638554216867;40.0;0.15210385991345435;17.01367841825192;289.4652533196912;28;152;71.5759539236861;70.0;0.23770103625013247;31.679568381517427;0.8699344534364962;DIFF;1690539.0;DIFF;1.7940460758790682;0.9475596308022135;0.155544199844;6.46746098851;OIL SPILL
20 S1B_IW_GRDH_1SDV_20200730T120033_8b.tif;6;SP00359GXS1;SENTINEL-1;IW;IMG_20_WIN_001;IMG_20_WIN_001;800;600;800;600;1;1;800;600;0;0;0;0;0;1;1;1;6;3;3;19.510962651923936;-92.20834343368465;15Q;0.06934390879168163;4.18130925149894;252.1252026503573;0.25548328200190196;20.063486139925097;2.1301735215634965;4.302223902169887;8.033347965591952;8.184020489648947;16.29271265889318;10.383952609302414;18.511131191145015;0.04984178686724147;60.2981476579313;5.919365650178347;35.03888970051132;21;52;39.605405405405406;40.0;0.14945852945038818;14.14488965161228;200.07790325628818;21;147;61.90461215932914;60.0;0.22849492401642676;22.299206753923734;0.8026687064422913;DIFF;168238.5;DIFF;1.563034427388548;0.9657875788734639;0.0693439087916;4.1813092515;OIL SPILL
20 S1B_IW_GRDH_1SDV_20200730T120033_8b.tif;7;SP00360GXS1;SENTINEL-1;IW;IMG_20_WIN_005;IMG_20_WIN_005;800;600;800;600;1;1;800;600;0;0;0;0;0;5;1;1;6;1;1;19.410997952114965;-92.1712521673176;15Q;0.5235882615975538;18.820572128215233;676.5123689988526;0.2471281928636973;53.83514379448785;1.9953217915903978;4.002971031942219;6.477849001318104;6.458729867939592;12.927019474165137;8.460583403064293;15.97814208436314;0.018575226692389545;35.94536682466978;6.893204653270401;47.51627039186871;19;60;39.48567335243553;40.0;0.17457482848890604;15.230613321486326;231.9715821486367;27;133;63.715855720458386;62.0;0.23903961030214904;24.230182368022852;0.7709816889133871;DIFF;14106588.0;DIFF;1.613644907401036;0.9507212289926684;0.523588261597;18.8205721282;OIL SPILL
20 S1B_IW_GRDH_1SDV_20200730T120033_8b.tif;8;SP00361GXS1;SENTINEL-1;IW;IMG_20_WIN_003;IMG_20_WIN_003;800;600;800;600;1;1;800;600;0;0;0;0;0;3;1;1;6;4;4;19.42718255376407;-92.08269366691788;15Q;0.2171497035700158;7.784783483374439;279.0832908665667;0.5891076206265154;22.20874263788365;2.499500158920194;5.5162470159638435;9.474862570626525;7.88429955833103;16.576997075333928;10.643845185056149;17.17987480042877;0.045027312725674125;35.84984623690441;6.301178551425382;39.704851136943276;23;63;39.76165803108808;40.0;0.1584737373501562;41.19122859011194;1696.7173127628555;28;255;72.12197580645162;62.0;0.571132836136572;32.360317775363534;0.790808331940498;DIFF;1648276.0;DIFF;1.8138573534851659;0.9221540709155759;0.21714970357;7.78478348339;OIL SPILL
20 S1B_IW_GRDH_1SDV_20200730T120033_8b.tif;9;SP00362GXS1;SENTINEL-1;IW;IMG_20_WIN_003;IMG_20_WIN_003;800;600;800;600;1;1;800;600;0;0;0;0;0;3;1;1;6;4;4;19.43907632737408;-92.11039103045012;15Q;0.13725385461643627;4.402502343236395;141.2129876888786;0.3221688597802795;11.237372509729996;2.502386592821356;5.056649632175456;7.830211175656551;7.833944752076877;15.666022946769528;10.365074291555384;-18.652757685270352;0.08898877376665583;32.07561897288378;7.420579924778017;55.06500642001851;22;59;38.76502732240437;39.0;0.19142460195015182;14.433619660579971;208.32937650628068;31;131;63.18509418509419;61.0;0.2284339344070324;24.420066862689815;0.7883822719888294;DIFF;429760.5;DIFF;1.629950977709647;0.965330726167692;0.137253854616;4.40250234324;OIL SPILL
20 S1B_IW_GRDH_1SDV_20200730T120033_8b.tif;10;SP00363GXS1;SENTINEL-1;IW;IMG_20_WIN_003;IMG_20_WIN_003;800;600;800;600;1;1;800;600;0;0;0;0;0;3;1;1;6;4;4;19.44788125624877;-92.09150744616149;15Q;0.10012342932401953;3.3757560345573596;113.81680473579827;0.39073522215890344;9.057253540313669;2.39961804936448;4.858783695213691;7.1723401376999885;7.165253403479148;14.33406659339246;9.596958599714961;-16.39475790846209;0.11040874538280489;33.715944982594785;6.725586538504774;45.23351428691663;20;56;40.07865168539326;41.0;0.16780970056824357;15.834655552177153;250.73631645609473;36;141;65.09703504043127;62.0;0.24324695498562063;25.018383355038004;0.7906356946000788;DIFF;285727.0;DIFF;1.6242321610872952;0.9149862282733081;0.100123429324;3.37575603455;OIL SPILL
20 S1B_IW_GRDH_1SDV_20200730T120033_8b.tif;11;SP00364GXS1;SENTINEL-1;IW;IMG_20_WIN_004;IMG_20_WIN_004;800;600;800;600;1;1;800;600;0;0;0;0;0;4;1;1;6;4;4;19.29771060663135;-92.1849164120717;15Q;0.38132016011706343;8.812976744892557;203.6833276325415;0.13746296244018033;16.208604209062507;1.9376850024296854;3.883618056556969;8.307427118737003;8.277312455212803;16.569796080924164;10.238306778742086;18.209971283542796;0.061695627032516645;23.11175140120317;7.86654665435301;61.88255626511253;14;64;37.318897637795274;38.0;0.21079257835274443;41.46329416256787;1719.2047628116347;31;255;73.12236842105263;63.0;0.5670398136424447;35.80347078325735;0.814657583920431;DIFF;2992838.5;DIFF;1.9593925075374372;0.940820405014215;0.381320160117;8.8129767449;OIL SPILL
20 S1B_IW_GRDH_1SDV_20200730T120033_8b.tif;12;SP00365GXS1;SENTINEL-1;IW;IMG_20_WIN_004;IMG_20_WIN_004;800;600;800;600;1;1;800;600;0;0;0;0;0;4;1;1;6;4;4;19.30026579826405;-92.20665403881748;15Q;0.19853688412721;9.10326032265343;417.4002672918889;0.38168699333357575;33.215657893691244;2.3296224886909527;4.844469599244522;7.239061704868967;7.1931750370273475;14.412172375840369;9.616545094109167;15.349490050674518;0.030106283103004054;45.85173360946187;6.101894338531406;37.23311451860163;24;56;40.0359168241966;40.0;0.15241050592960545;17.17902022690049;295.11873595625616;32;255;65.33267973856209;63.0;0.2629468176668209;25.296762914365495;0.8181060577980406;DIFF;1562454.0;DIFF;1.6318517201803364;0.9477653265780857;0.198536884127;9.10326032266;OIL SPILL
20 S1B_IW_GRDH_1SDV_20200730T120033_8b.tif;13;SP00366GXS1;SENTINEL-1;IW;IMG_20_WIN_004;IMG_20_WIN_004;800;600;800;600;1;1;800;600;0;0;0;0;0;4;1;1;6;4;4;19.265445176237165;-92.21350838423632;15Q;0.13626396826215234;4.683257650559621;160.9589277433155;0.3310786815713529;12.808704492559938;2.3057205652837194;4.651121196270291;7.004029860004984;6.99624827129131;13.996388469329354;9.321881548082374;-16.637767068199675;0.078071908098189;34.36900972639887;7.13562012564292;50.91707457748029;20;61;38.05509641873278;38.0;0.18750760862953383;17.168705228326278;294.7644392171581;34;214;67.23149693934334;65.0;0.25536699329803686;29.176400520610564;0.8470453510672057;DIFF;634866.5;DIFF;1.7666883877936612;0.9663366865180405;0.136263968262;4.68325765057;OIL SPILL
20 S1B_IW_GRDH_1SDV_20200730T120033_8b.tif;14;SP00367GXS1;SENTINEL-1;IW;IMG_20_WIN_004;IMG_20_WIN_004;800;600;800;600;1;1;800;600;0;0;0;0;0;4;1;1;6;4;4;19.241861043008925;-92.26339293059695;15Q;0.19860147326259858;9.506345589727731;455.03492490130907;0.33546061281028333;36.21052878874636;1.7024707298421484;3.428134194655719;4.794836514700629;4.803912274977347;9.603286757881689;6.517985121822398;-12.79926133165215;0.02761627718374507;47.86644043248396;6.208957709223066;38.55115583492054;20;60;40.25141776937618;40.0;0.15425438539327488;21.61059699004365;467.01790226608364;31;255;71.81279643790533;69.0;0.3009296122972982;31.56137866852915;0.8537755674691346;DIFF;5321088.5;DIFF;1.784106012100311;0.9310200054436651;0.198601473262;9.50634558972;OIL SPILL
20 S1B_IW_GRDH_1SDV_20200730T120033_8b.tif;15;SP00368GXS1;SENTINEL-1;IW;IMG_20_WIN_002;IMG_20_WIN_002;800;600;800;600;1;1;800;600;0;0;0;0;0;2;1;1;6;1;1;19.485910638662148;-91.95869500165439;15Q;0.10573167426566013;5.0554493279883985;241.72101771170966;0.30496241783521183;19.23554740901109;2.2250304205970095;4.502056441901712;6.618460098712578;6.650295756918817;13.284755658559694;8.902669609956819;14.996254227560652;0.05198708301545605;47.813953227356805;6.323966769872641;39.9925557064534;19;55;39.54609929078014;39.0;0.1599137938579703;24.307771460024295;590.8677533527716;32;255;69.97160883280758;66.0;0.347394777188932;30.425509542027434;0.838758753383896;DIFF;520713.0;DIFF;1.7693681573575804;0.9214829819845167;0.105731674265;5.05544932799;OIL SPILL
21 S1B_IW_GRDH_1SDV_20200802T001516_8b.tif;0;OS03037GXS1;SENTINEL-1;IW;IMG_21_WIN_014;IMG_21_WIN_014;800;600;800;600;1;1;800;600;0;0;0;0;0;14;1;1;18;4;4;19.353795414774844;-92.23851914922362;15Q;35.88854062607041;376.48518346067345;3949.4805554297845;0.21582405021717002;314.2896765209873;1.5269594036002514;3.059408416328961;5.132527876652991;5.1491350859529605;10.28996783657194;6.681318342265243;12.906559481955423;0.0031817780687849705;10.490401027540932;10.519099253533179;110.65144910568229;0;83;24.39610274208892;23.0;0.43117949472254435;42.030666899105384;1766.5769599835533;0;255;44.01094855781201;53.0;0.9550047948613205;19.614845815723086;0.5118461763274905;DIFF;82756932380.0;DIFF;1.8040155439205845;0.7335223783268365;35.8885406261;376.485183461;SEEPAGE SLICK
21 S1B_IW_GRDH_1SDV_20200802T001516_8b.tif;1;OS03038GXS1;SENTINEL-1;IW;IMG_21_WIN_005;IMG_21_WIN_005;800;600;800;600;1;1;800;600;0;0;0;0;0;5;1;1;18;7;7;19.551479768234586;-92.64744168600858;15Q;0.08730244108846243;4.12374377137166;194.7856495180398;1.6543155525792854;15.50054948208075;2.239100970553823;4.562723387313545;8.371662625545639;8.169681024802816;16.445961867230128;10.547912653533182;-17.2370850916978;0.06451384198708825;47.23514852457704;9.112522922402437;83.03807401130985;14;70;32.11587982832618;31.0;0.2837388535239567;30.26885539111061;916.2036066879657;19;195;85.17712505562973;83.0;0.35536366567129174;53.06124522730355;0.8544057789976526;DIFF;510309.0;DIFF;2.6521809619085563;0.9688961928943128;0.0873024410885;4.12374377137;SEEPAGE SLICK
21 S1B_IW_GRDH_1SDV_20200802T001516_8b.tif;2;OS03039GXS1;SENTINEL-1;IW;IMG_21_WIN_006;IMG_21_WIN_006;800;600;800;600;1;1;800;600;0;0;0;0;0;6;1;1;18;3;3;19.59559267637809;-92.77887055174503;15Q;1.0398345668607152;18.051026358227716;313.3571079187615;0.42838371269066927;24.9361663391257;2.367216121307491;4.829744111191497;7.496264247458721;7.82647607474153;15.508750795773864;10.390405714248185;-16.00647131274373;0.04010239530809376;17.359517497792158;22.950194708632985;526.7114371641654;12;155;60.51945244956772;61.0;0.3792201313744192;29.40828003334033;864.8469345193636;46;255;121.32929498202283;118.0;0.2423840016353652;60.80984253245511;0.7780972506474801;DIFF;34092666.5;DIFF;2.0047982932946953;0.9195906327038048;1.03983456686;18.0510263582;SEEPAGE SLICK
21 S1B_IW_GRDH_1SDV_20200802T001516_8b.tif;3;OS03040GXS1;SENTINEL-1;IW;IMG_21_WIN_006;IMG_21_WIN_006;800;600;800;600;1;1;800;600;0;0;0;0;0;6;1;1;18;3;3;19.602569949899724;-92.75322666592048;15Q;0.4247573983290171;11.733586837683076;324.13104661406004;1.2740752576659171;25.7935291390886;2.314974425512877;4.677705403420862;7.765402429918707;7.7890680979935105;15.56630351154162;10.128064765218697;-18.647226409373076;0.03876941362337881;27.6242082747532;19.20140535888673;368.69396775628405;13;130;70.62786596119929;73.0;0.2718672735975822;29.687428765767017;881.343426722491;41;255;124.86751043489969;121.0;0.23775142679123654;54.239644473700395;0.7855264492085101;DIFF;8050738.5;DIFF;1.7679638020423545;0.9205944468321592;0.424757398329;11.7335868377;SEEPAGE SLICK
21 S1B_IW_GRDH_1SDV_20200802T001516_8b.tif;4;OS03041GXS1;SENTINEL-1;IW;IMG_21_WIN_006;IMG_21_WIN_006;800;600;800;600;1;1;800;600;0;0;0;0;0;6;1;1;18;3;3;19.611184603317113;-92.76923431463;15Q;0.799653828593913;21.457375061188454;575.7728257564888;0.9328997945492822;45.818545658566876;2.494312040351893;5.092951773740662;8.137749091003457;8.336638103667092;16.573952579149893;10.88784301079756;-18.20109539720828;0.02182522351215279;26.833329990951775;17.426020241672486;303.6661814631792;19;120;73.4543325526932;75.0;0.2372361116911893;27.677803563118342;766.0608100785663;28;249;118.69417666732245;116.0;0.2331858591571349;45.23984411462925;0.7274781023764295;DIFF;20204071.5;DIFF;1.6158907520148793;0.9181881484950585;0.799653828594;21.4573750612;SEEPAGE SLICK
21 S1B_IW_GRDH_1SDV_20200802T001516_8b.tif;5;OS03042GXS1;SENTINEL-1;IW;IMG_21_WIN_007;IMG_21_WIN_007;800;600;800;600;1;1;800;600;0;0;0;0;0;7;1;1;18;1;1;19.559174522331872;-92.90401597074262;15Q;0.6773831411985793;12.445342223908806;228.65426322265284;0.31783912711344453;18.19572812546029;2.532019400786368;5.132453135209521;7.584386472964066;7.655109564891303;15.275010706545395;10.222667668348228;-16.850791471862287;0.05495795458719537;18.37267783471507;24.32597928992246;591.7532684137365;12;132;58.29756637168141;58.0;0.4172726376746154;42.82324257172006;1833.8301043563774;54;255;160.87308697275103;158.0;0.2661927074164589;102.57552060106961;0.8988339053558707;DIFF;14394495.5;DIFF;2.7595163397917863;0.9253546414485243;0.677383141198;12.4453422239;SEEPAGE SLICK
21 S1B_IW_GRDH_1SDV_20200802T001516_8b.tif;6;OS03043GXS1;SENTINEL-1;IW;IMG_21_WIN_015;IMG_21_WIN_015;800;600;800;600;1;1;800;600;0;0;0;0;0;15;1;1;18;1;1;19.289741838550537;-92.99043249310911;15Q;0.5812852362419405;11.29680752532426;219.54429995381162;0.34705344410366074;17.470780282649443;2.361613865669883;4.740964943629703;7.292622160879442;7.30727573825346;14.60722480815079;9.678104186803639;-17.735413360024413;0.05723842803936574;19.434189655940862;20.067816976127414;402.71727818734763;15;128;62.20787604906391;62.0;0.32259286525551434;49.1007430587807;2410.882968924401;57;255;176.10367855121675;175.0;0.2788172482410729;113.89580250215283;0.9157937848432071;DIFF;13574610.0;DIFF;2.830890390990398;0.9231622526875993;0.581285236242;11.2968075253;SEEPAGE SLICK
21 S1B_IW_GRDH_1SDV_20200802T001516_8b.tif;7;OS03044GXS1;SENTINEL-1;IW;IMG_21_WIN_011;IMG_21_WIN_011;800;600;800;600;1;1;800;600;0;0;0;0;0;11;1;1;18;1;1;19.467858914881692;-92.83605965924542;15Q;0.21892249449486745;5.820718789713503;154.76147075292047;1.1010186624821081;12.31552653524954;2.8116504890814418;5.970522625577077;8.747611722992117;8.81019966154461;17.589824677302907;11.829953709338604;18.829379952753538;0.08119831475640092;26.588034286490224;19.6071427045501;384.4400450365922;18;126;68.60958904109589;70.0;0.28577846010425423;30.296598822034102;917.8839001832781;49;255;122.64382785956965;119.0;0.24702913591970146;54.03423881847377;0.7676565723948555;DIFF;979280.0;DIFF;1.7875610329936278;0.9227790908986373;0.218922494495;5.82071878972;SEEPAGE SLICK
21 S1B_IW_GRDH_1SDV_20200802T001516_8b.tif;8;SP00369GXS1;SENTINEL-1;IW;IMG_21_WIN_017;IMG_21_WIN_017;800;600;800;600;1;1;800;600;0;0;0;0;0;17;1;1;18;4;4;19.47190376912801;-92.43806122780983;15Q;25.17187335013415;313.89362182357223;3914.2579676531973;0.29081809450595714;311.4867520444213;1.807301223061117;3.739382169813944;5.537392892481633;5.547607268444963;11.09017565881413;7.418436454324616;-12.841276817345339;0.0032104094104695325;12.470014347259513;10.816878408196807;117.0048584977143;5;87;22.819286618512177;20.0;0.4740235130497726;22.217458774990444;493.61547441839986;11;255;76.27866871181868;74.0;0.2912669970542899;53.4593820933065;0.9190383678926094;DIFF;100886239473.5;DIFF;3.3427280171825138;0.9723484221345083;25.1718733501;313.893621824;OIL SPILL
21 S1B_IW_GRDH_1SDV_20200802T001516_8b.tif;9;SP00370GXS1;SENTINEL-1;IW;IMG_21_WIN_009;IMG_21_WIN_009;800;600;800;600;1;1;800;600;0;0;0;0;0;9;1;1;18;3;3;19.47692174737292;-92.34081353064836;15Q;5.811144423904265;71.8337942191529;887.9651950644093;0.5577303753141146;70.6620250440299;2.8526665631954544;5.917758330350345;9.512267817634179;9.749435580096186;19.38666811306001;12.935528511020648;-20.149408314829955;0.014151872938496941;12.361385121261671;10.958392193296573;120.08635946210327;6;78;24.189278111089607;22.0;0.45302683870804245;18.57107796745423;344.88493687326394;19;180;66.76120833333333;65.0;0.27817168728777847;42.57193022224372;0.8740501459583253;DIFF;733414008.5;DIFF;2.7599504221139433;0.9645888174181946;5.8111444239;71.8337942192;OIL SPILL
21 S1B_IW_GRDH_1SDV_20200802T001516_8b.tif;10;SP00371GXS1;SENTINEL-1;IW;IMG_21_WIN_010;IMG_21_WIN_010;800;600;800;600;1;1;800;600;0;0;0;0;0;10;1;1;18;7;7;19.514636654324303;-92.16260750701787;15Q;0.15405530090514932;5.644978887698151;206.84641460132147;0.5283321107561014;16.460314672317953;2.481596123387154;5.282967098002716;8.299937934099551;8.863566663566644;18.12099283264041;11.522827461574355;17.455210424470092;0.06075218001037032;36.64254884143014;8.26937610745814;68.38258120659954;9;59;33.14598540145985;34.0;0.24948348969869305;19.936104987276813;397.44828206372347;19;255;63.11019141231247;60.0;0.3158935908945347;29.964206010852614;0.8018699423384097;DIFF;764175.5;DIFF;1.9040070961212967;0.9996023743040436;0.154055300905;5.6449788877;OIL SPILL
21 S1B_IW_GRDH_1SDV_20200802T001516_8b.tif;11;SP00372GXS1;SENTINEL-1;IW;IMG_21_WIN_010;IMG_21_WIN_010;800;600;800;600;1;1;800;600;0;0;0;0;0;10;1;1;18;7;7;19.51739964423184;-92.17161189144394;15Q;0.1844126719582522;5.26169899094098;150.12784087601548;0.5863500060634783;11.94679398556568;2.3791096137901455;4.813519396647467;7.730322763239207;7.897915089158253;15.71508749536973;10.338956623850999;-16.639538583342233;0.08370446508144504;28.532198655698327;8.434784012282835;71.14558133386213;11;62;32.447154471544714;32.0;0.2599545060162337;17.317882841974754;299.9090661283636;14;133;64.47653668208856;62.0;0.2685920139811979;32.02938221054385;0.8213746446783702;DIFF;1441912.5;DIFF;1.9871245331738647;0.9887835676750416;0.184412671958;5.26169899094;OIL SPILL
21 S1B_IW_GRDH_1SDV_20200802T001516_8b.tif;12;SP00373GXS1;SENTINEL-1;IW;IMG_21_WIN_010;IMG_21_WIN_010;800;600;800;600;1;1;800;600;0;0;0;0;0;10;1;1;18;7;7;19.48039618087087;-92.14740831377699;15Q;2.2273432672820794;65.54239843088475;1928.6681380346056;0.7464059241409798;153.4785338760247;2.65706412997318;5.793476358231776;8.31222563107027;8.716587375533997;17.238991325004623;11.80569073284918;17.95188182451686;0.006515569146677995;29.4262673354624;9.043206875552942;81.779590594048;8;68;32.05419962969197;33.0;0.28212237335591345;18.624602380315014;346.87581382483575;16;255;60.979274094281244;58.0;0.3054251244696543;28.925074464589272;0.788119626867027;DIFF;171002146.5;DIFF;1.9023801810292535;0.9801295423252238;2.22734326728;65.5423984309;OIL SPILL
21 S1B_IW_GRDH_1SDV_20200802T001516_8b.tif;13;SP00374GXS1;SENTINEL-1;IW;IMG_21_WIN_010;IMG_21_WIN_010;800;600;800;600;1;1;800;600;0;0;0;0;0;10;1;1;18;7;7;19.46087491492538;-92.1084345001236;15Q;0.11248850003929192;3.94343507811568;138.24239997761026;0.45989496233273097;11.000980650661797;2.635778472852811;5.55613049308267;8.024857207086907;8.36783328970817;16.567492764077286;11.271355601967414;-17.474019643116296;0.09090098708062376;35.056339774628064;8.825631233326412;77.89176666666667;13;82;32.93;33.0;0.2680118807569515;14.476781005152938;209.5771882711569;25;128;58.86144578313253;57.0;0.24594674514946144;25.93144578313253;0.78855421686747;DIFF;285221.0;DIFF;1.787471782056864;0.9718304932768571;0.112488500039;3.94343507811;OIL SPILL
21 S1B_IW_GRDH_1SDV_20200802T001516_8b.tif;14;SP00375GXS1;SENTINEL-1;IW;IMG_21_WIN_010;IMG_21_WIN_010;800;600;800;600;1;1;800;600;0;0;0;0;0;10;1;1;18;7;7;19.446522958634805;-92.17263052826482;15Q;0.08399630331879167;4.45436193159871;236.21682661880766;0.053312744770159626;18.797537798932222;0.7275510964915035;1.4561156871001621;2.609604815912789;2.6090872911979788;5.218433344821018;3.3372824022549423;9.97165900134178;0.05319845666472362;53.03045200326309;9.072376523515699;82.30801578443878;7;50;30.566964285714285;31.5;0.29680332134767295;18.420021931185488;339.2972079453544;19;161;65.38181385384432;64.0;0.28173005374800303;34.814849568130036;0.8373527136396096;DIFF;915154.5;DIFF;2.138969812072605;0.9877539229808489;0.0839963033187;4.45436193159;OIL SPILL
21 S1B_IW_GRDH_1SDV_20200802T001516_8b.tif;15;SP00376GXS1;SENTINEL-1;IW;IMG_21_WIN_014;IMG_21_WIN_014;800;600;800;600;1;1;800;600;0;0;0;0;0;14;1;1;18;4;4;19.391416212168888;-92.08057186936861;15Q;1.3181834004410593;36.25247689968674;997.0100373912918;0.13284854248221284;79.33953788152975;1.7696186562511529;3.5467795030788736;7.6917866625969555;7.92178544930209;15.733153468097361;9.784919424013166;16.568709834432703;0.012604056271328498;27.501846015931317;9.429457053707337;88.91466032771103;7;63;30.24843483210017;31.0;0.3117337179939185;19.036877579760016;362.4027079867696;15;255;63.30142792270044;61.0;0.30073377812277163;33.05299309060027;0.8297470738527442;DIFF;67769209.5;DIFF;2.092717467005065;0.9914560207184334;1.31818340044;36.2524768997;OIL SPILL
21 S1B_IW_GRDH_1SDV_20200802T001516_8b.tif;16;SP00377GXS1;SENTINEL-1;IW;IMG_21_WIN_014;IMG_21_WIN_014;800;600;800;600;1;1;800;600;0;0;0;0;0;14;1;1;18;4;4;19.41329163236529;-92.05225973083418;15Q;0.09376993584696394;2.4879756944988656;66.01287502765773;0.5547487403367334;5.253137684179632;2.8322243128121602;6.460262453631331;8.234558265072756;8.400070420131007;16.72163845479713;11.63033196341225;-17.573502271197253;0.1903624195900297;26.53276524108255;9.655530228837772;93.229264;8;49;25.644;25.0;0.37652200237239797;14.56117858661267;212.02792183122736;31;108;57.01405975395431;54.0;0.2553962768035082;31.37005975395431;0.8543690685413006;DIFF;139591.0;DIFF;2.223290428714487;1.012511871025683;0.093769935847;2.4879756945;OIL SPILL
21 S1B_IW_GRDH_1SDV_20200802T001516_8b.tif;17;SP00378GXS1;SENTINEL-1;IW;IMG_21_WIN_014;IMG_21_WIN_014;800;600;800;600;1;1;800;600;0;0;0;0;0;14;1;1;18;4;4;19.40378262288323;-92.0529307619672;15Q;0.10315296184337874;5.632871135145648;307.59404924632986;0.15036780674006575;24.477556701602637;1.6798840750114614;3.3663080169163604;6.4274940409086225;6.530366138153544;13.009800130931875;8.253868065794322;-14.326751709883128;0.04085375073135981;54.60697428832205;7.692850818715273;59.17995371900825;14;56;33.53090909090909;34.0;0.22942565612696023;17.055319233737933;290.8839141647111;19;132;63.939971949509115;62.0;0.26673954826263996;30.409062858600024;0.8203901568277445;DIFF;950012.5;DIFF;1.9068964630858916;0.9706153033205153;0.103152961843;5.63287113514;OIL SPILL
21 S1B_IW_GRDH_1SDV_20200802T001516_8b.tif;18;SP00379GXS1;SENTINEL-1;IW;IMG_21_WIN_018;IMG_21_WIN_018;800;600;800;600;1;1;800;600;0;0;0;0;0;18;1;1;18;1;1;19.50282306904285;-92.03798467956881;15Q;0.16044879685510952;5.42117093508347;183.16805662265637;0.39520941697587975;14.576050814015968;1.9468067994510556;3.922008549448683;6.8366365335286385;6.761348233846814;13.56034400489067;8.722535396490377;15.963789039737533;0.0686056883829209;33.78754494481479;7.549996399233523;57.00244562843916;14;52;32.81308411214953;33.0;0.23009103238905923;13.972091893002506;195.21935186650637;28;128;58.60210766163486;57.0;0.23842302692723183;25.78902354948533;0.8025298328085029;DIFF;1449505.0;DIFF;1.7859372030176388;0.9778171055307855;0.160448796855;5.42117093508;OIL SPILL
21 S1B_IW_GRDH_1SDV_20200802T001516_8b.tif;19;SP00380GXS1;SENTINEL-1;IW;IMG_21_WIN_010;IMG_21_WIN_010;800;600;800;600;1;1;800;600;0;0;0;0;0;10;1;1;18;7;7;19.519741227129266;-92.12360548927334;15Q;0.04985181796571238;1.321098002751372;35.0097549917651;1.196644970360748;2.7859877816877865;3.0612617574420473;7.330895175007163;9.40573938359861;10.939636995490062;21.596783637621783;15.244192797431344;-21.137001485786577;0.3589391190345377;26.50049800911997;9.018420104515272;81.33190118152525;11;45;28.714285714285715;28.0;0.3140743319980443;12.58288731675144;158.32905322606427;31;91;57.14598540145985;56.0;0.2201884739296139;28.431699687174138;0.8580209648208111;DIFF;17952.5;DIFF;1.9901586955732287;1.0325544528136192;0.0498518179658;1.32109800275;OIL SPILL
21 S1B_IW_GRDH_1SDV_20200802T001516_8b.tif;20;SP00381GXS1;SENTINEL-1;IW;IMG_21_WIN_004;IMG_21_WIN_004;800;600;800;600;1;1;800;600;0;0;0;0;0;4;1;1;18;10;10;19.54998419872607;-92.22034597300585;15Q;0.2566975010057721;6.755644493146427;177.79188476304415;0.812346372730281;14.148228650831554;2.020381239601804;4.066956671449679;6.729750539169431;6.712266825258592;13.433287625385631;8.750163117734472;15.559944808639857;0.07068022610316138;26.317531205707063;9.200400976234759;84.64737812350151;10;62;29.185401459854013;29.0;0.3152398293677876;19.444547534537413;378.09042882288503;21;177;71.93284213069211;70.0;0.27031529630386825;42.747440670838095;0.8838838570545651;DIFF;5600061.0;DIFF;2.46468571726311;0.9630268543059276;0.256697501006;6.75564449315;OIL SPILL
21 S1B_IW_GRDH_1SDV_20200802T001516_8b.tif;21;SP00382GXS1;SENTINEL-1;IW;IMG_21_WIN_004;IMG_21_WIN_004;800;600;800;600;1;1;800;600;0;0;0;0;0;4;1;1;18;10;10;19.575296818248276;-92.29269886940203;15Q;1.0131146924364336;33.09202230925089;1080.906188303718;0.1770607890372796;86.01578144357786;1.360696400111108;2.733414613903782;5.35479347603167;5.69078617491073;11.232607151933424;7.2772613412971845;11.75166670780797;0.01162577358732654;32.66364860395824;9.275798811425103;86.04044359003537;8;70;29.799556213017752;30.0;0.31127305202528577;20.5844977340529;423.72154696322895;16;255;68.06544546611289;66.0;0.30242214082476127;38.26588925309514;0.8563025181135152;DIFF;219982079.0;DIFF;2.2841093665810677;0.9881768921337899;1.01311469244;33.0920223093;OIL SPILL
21 S1B_IW_GRDH_1SDV_20200802T001516_8b.tif;22;SP00383GXS1;SENTINEL-1;IW;IMG_21_WIN_004;IMG_21_WIN_004;800;600;800;600;1;1;800;600;0;0;0;0;0;4;1;1;18;10;10;19.59229683222883;-92.21006558886998;15Q;0.5994340043448372;11.345525772513074;214.73749257092345;0.7994438707599331;17.08826670491081;2.757996472140132;5.871925488819734;9.121760834034207;10.082593179011067;-19.946800630877306;13.867473623219011;19.761968340343817;0.0585196858914088;18.927064014183486;9.876289452996758;97.54109335937501;7;60;27.594375;27.0;0.35790951789981684;23.339271624626853;544.7215999681122;19;255;66.20267857142858;63.0;0.3525427086676747;38.60830357142858;0.8429464285714287;DIFF;8741943.0;DIFF;2.399136728823486;0.9619659638293983;0.599434004345;11.3455257725;OIL SPILL
21 S1B_IW_GRDH_1SDV_20200802T001516_8b.tif;23;SP00384GXS1;SENTINEL-1;IW;IMG_21_WIN_004;IMG_21_WIN_004;800;600;800;600;1;1;800;600;0;0;0;0;0;4;1;1;18;10;10;19.606315674077628;-92.26732591413683;15Q;1.6797310654150006;33.137003473868134;653.712383985622;0.3281478960571886;52.02077863584945;2.2593957975829393;4.537635356427289;7.186032413149601;7.193992806092016;14.38400610240348;9.463492310105568;-17.13400234763777;0.01922308789339925;19.727564820432242;10.511773811943236;110.49738867345565;8;64;26.964317573595004;26.0;0.3898401575805858;32.13553150779082;1032.6923852882169;18;255;75.41666859697482;70.0;0.42610648422462766;48.45235102337981;0.8690266097576695;DIFF;190305453.0;DIFF;2.796906259212253;0.9609747527473677;1.67973106542;33.1370034739;OIL SPILL
21 S1B_IW_GRDH_1SDV_20200802T001516_8b.tif;24;SP00385GXS1;SENTINEL-1;IW;IMG_21_WIN_004;IMG_21_WIN_004;800;600;800;600;1;1;800;600;0;0;0;0;0;4;1;1;18;10;10;19.594633140581994;-92.28060610895338;15Q;0.11763405815520135;5.030059096141473;215.0864716177169;0.5249404061871328;17.116037575077147;2.1669302898691822;4.471174545096145;7.822987762491741;8.040102488648728;15.97584850831617;10.382654353994923;16.8304509662086;0.05842473736188281;42.760227565260294;7.915283958956804;62.6517201509189;14;56;30.11783439490446;30.0;0.2628105279805897;22.6043178153861;510.9551838989815;20;255;65.3171275646744;61.0;0.34607029822314544;35.19929316976993;0.8783757677687688;DIFF;688868.5;DIFF;2.1687192614262196;0.9744016752369434;0.117634058155;5.03005909614;OIL SPILL
21 S1B_IW_GRDH_1SDV_20200802T001516_8b.tif;25;SP00386GXS1;SENTINEL-1;IW;IMG_21_WIN_004;IMG_21_WIN_004;800;600;800;600;1;1;800;600;0;0;0;0;0;4;1;1;18;10;10;19.603407053396413;-92.31265161432563;15Q;0.09927076214568965;4.826914537638494;234.70257959208675;0.2824665436395324;18.677037849249803;1.945878620097993;3.932215113080397;5.71984048200117;5.755909744449143;11.49378716633513;7.722397990964274;-13.980483102451316;0.05354168086349768;48.62372800719027;8.603364770161646;74.01788536845854;9;57;30.38490566037736;31.0;0.28314600895340736;18.67496305759515;348.7542452025436;19;138;65.96667548267654;64.0;0.2830969261517411;35.58176982229918;0.8552723897541331;DIFF;977203.5;DIFF;2.1710344017522702;0.9930854477007302;0.0992707621456;4.82691453764;OIL SPILL
21 S1B_IW_GRDH_1SDV_20200802T001516_8b.tif;26;SP00387GXS1;SENTINEL-1;IW;IMG_21_WIN_002;IMG_21_WIN_002;800;600;800;600;1;1;800;600;0;0;0;0;0;2;1;1;18;9;9;19.609900802307347;-92.3461915309669;15Q;0.26558188924397974;11.258883623163108;477.30084608095655;0.3861288239969268;37.98239449786407;2.192895466856402;4.514376027089813;7.969922613550625;8.34607288915345;16.51086427362815;10.61528568727023;-17.259784713979975;0.026327987300964785;42.39326580292533;8.188518064811234;67.05182809773993;13;65;30.885754583921017;31.0;0.26512281066541077;33.37140320281738;1113.6505517250105;15;255;71.40535165431206;65.0;0.4673515700108192;40.51959707039104;0.8708673436731396;DIFF;3825879.5;DIFF;2.3119186374512397;0.9823076631933967;0.265581889244;11.2588836232;OIL SPILL
21 S1B_IW_GRDH_1SDV_20200802T001516_8b.tif;27;SP00388GXS1;SENTINEL-1;IW;IMG_21_WIN_002;IMG_21_WIN_002;800;600;800;600;1;1;800;600;0;0;0;0;0;2;1;1;18;9;9;19.603631974352666;-92.37944032830937;15Q;1.4313315710108836;29.950436552366533;626.7091901311192;0.9198065612402895;49.87193274524304;2.1530000510262166;4.3549690230892235;7.239610032661723;7.451327624253718;14.798289963908344;9.635483188531976;15.87881569668414;0.02005135844861323;20.92487663862114;9.797734146012207;95.99559439593355;8;86;30.63151007589636;31.0;0.31985801946218606;17.69568023870067;313.1370991103414;13;152;62.388236165276204;61.0;0.28363809151170816;31.756726089379843;0.785137488119331;DIFF;147836974.5;DIFF;2.0367339387021897;0.9758069950613107;1.43133157101;29.9504365524;OIL SPILL
21 S1B_IW_GRDH_1SDV_20200802T001516_8b.tif;28;SP00389GXS1;SENTINEL-1;IW;IMG_21_WIN_002;IMG_21_WIN_002;800;600;800;600;1;1;800;600;0;0;0;0;0;2;1;1;18;9;9;19.668837519964598;-92.41759071538493;15Q;0.1422883332973179;3.526229293447615;87.38800112294554;0.9938926525090197;6.954116172818441;2.9588849878251575;6.410103170415026;10.457509704084325;10.185090266873543;20.506390575480733;13.820561385419099;23.420080104062908;0.14379972596786644;24.78227983793583;9.854274421626958;97.1067243767313;10;54;25.53421052631579;24.5;0.385924382172343;16.710535491576014;279.2419964152216;24;118;63.87306064880113;62.0;0.2616210233521926;38.33885012248534;0.8528691262712493;DIFF;264701.5;DIFF;2.5014699625419383;0.9760521737377501;0.142288333297;3.52622929345;OIL SPILL
21 S1B_IW_GRDH_1SDV_20200802T001516_8b.tif;29;SP00390GXS1;SENTINEL-1;IW;IMG_21_WIN_002;IMG_21_WIN_002;800;600;800;600;1;1;800;600;0;0;0;0;0;2;1;1;18;9;9;19.670757126242197;-92.38645573488986;15Q;0.2579910189748408;10.220895078147473;404.9237706553142;0.7103081653171008;32.222809837601105;2.1053130448316435;4.73198751560436;6.502832600079123;7.003019295269016;-14.370520604940856;11.367113860976065;-13.76915034546852;0.031033916813582484;39.61725147937887;8.785968588138568;77.1932440317576;9;59;30.20464441219158;30.0;0.2908813779841177;17.891450078132465;320.1039858983062;24;147;67.43933848447878;66.0;0.26529693914850894;37.2346940722872;0.8753702963728516;DIFF;4994654.0;DIFF;2.2327473074722928;0.9843766394158462;0.257991018975;10.2208950782;OIL SPILL
21 S1B_IW_GRDH_1SDV_20200802T001516_8b.tif;30;SP00391GXS1;SENTINEL-1;IW;IMG_21_WIN_002;IMG_21_WIN_002;800;600;800;600;1;1;800;600;0;0;0;0;0;2;1;1;18;9;9;19.666274404412768;-92.35329408858196;15Q;0.026960925829898716;0.8873248839974497;29.203205213670714;0.8146164089401808;2.3239172319413517;3.0457736942683025;6.552130579221681;9.689067503871973;10.818832434164099;-21.154346542130007;-14.14959836902934;-21.32491696441369;0.4303079241615765;32.91151385511538;7.88967132270077;62.24691358024691;15;47;29.444444444444443;28.5;0.2679511015256865;19.45401769000853;378.45880428316485;36;121;62.25609756097561;57.5;0.3124837317494024;32.81165311653117;0.8434959349593496;DIFF;5804.0;DIFF;2.114358030372757;0.9981424954109914;0.0269609258299;0.887324883997;OIL SPILL
21 S1B_IW_GRDH_1SDV_20200802T001516_8b.tif;31;SP00392GXS1;SENTINEL-1;IW;IMG_21_WIN_002;IMG_21_WIN_002;800;600;800;600;1;1;800;600;0;0;0;0;0;2;1;1;18;9;9;19.63890176397373;-92.37310220792014;15Q;0.11160596667500003;3.359153160845202;101.10489872710302;0.3832532959838316;8.04567220161196;2.5153093975502006;5.208261109993317;7.967819185002995;8.85980855259169;-17.939805249176178;-11.967631219956536;-17.28396649669071;0.12429042284368094;30.098329515187647;9.683561995006286;93.77137291113013;9;59;29.406040268456376;29.0;0.3293052007887565;26.328661208707643;693.1984010429067;27;255;67.92540132200189;63.0;0.3876114192376433;38.51936105354551;0.8516613748566141;DIFF;308484.5;DIFF;2.3099132253744794;0.9434315958098335;0.111605966675;3.35915316085;OIL SPILL
21 S1B_IW_GRDH_1SDV_20200802T001516_8b.tif;32;SP00393GXS1;SENTINEL-1;IW;IMG_21_WIN_002;IMG_21_WIN_002;800;600;800;600;1;1;800;600;0;0;0;0;0;2;1;1;18;9;9;19.649866503836982;-92.47446245942724;15Q;0.20746187382690748;5.223670703065006;131.5265070671535;0.5083422198348592;10.466546873674293;2.605625076711681;5.338528664843184;8.317421328992634;8.381986074771403;16.73191519415717;11.09389367542788;-18.223685815400376;0.09554249477592498;25.178943035207002;9.702018133369746;94.12915586023537;6;71;29.664259927797833;29.0;0.32706085225062914;18.709562767937197;350.0477389673818;24;146;66.94047619047619;65.0;0.27949551351711266;37.27621626267836;0.8478283148860767;DIFF;1180816.0;DIFF;2.25660361503735;0.9867092920925074;0.207461873827;5.22367070306;OIL SPILL
21 S1B_IW_GRDH_1SDV_20200802T001516_8b.tif;33;SP00394GXS1;SENTINEL-1;IW;IMG_21_WIN_005;IMG_21_WIN_005;800;600;800;600;1;1;800;600;0;0;0;0;0;5;1;1;18;7;7;19.541043625424386;-92.54887127852494;15Q;0.30801958275821795;7.617782522962085;188.39909478319797;1.0174539352766923;14.992323604392235;2.4296126911438423;4.896162673871129;7.988152947890232;8.03968343075743;16.053612610768806;10.489369343245004;-18.20147184249614;0.06670080144928531;24.731487702006646;9.40781591623455;88.50700031375615;8;56;29.70559610705596;29.0;0.3167018053544435;22.6749384299596;514.1528328024586;12;171;76.6256157635468;75.0;0.29591851502936667;46.920019656490844;0.879751208858553;DIFF;3779008.5;DIFF;2.579501030290584;0.9704384313632954;0.308019582758;7.61778252296;OIL SPILL
21 S1B_IW_GRDH_1SDV_20200802T001516_8b.tif;34;SP00395GXS1;SENTINEL-1;IW;IMG_21_WIN_005;IMG_21_WIN_005;800;600;800;600;1;1;800;600;0;0;0;0;0;5;1;1;18;7;7;19.552488544160543;-92.52596432059062;15Q;1.2979466318775743;21.836033748456437;367.35899470225877;0.9796134087604996;29.233499948066942;2.3318143539233507;4.687442077318478;7.309348757022814;7.321328072918376;14.636669311461546;9.667509858350293;-17.079645580045096;0.03420733069172324;16.82352202483782;10.37942115678109;107.73238354983492;7;66;26.99740184757506;26.0;0.3844600015728322;22.485915321518;505.6163878464779;16;207;80.97141022897496;79.0;0.27770191056239746;53.9740083813999;0.918985187868592;DIFF;160680065.0;DIFF;2.9992297290729075;0.9600854897154428;1.29794663188;21.8360337484;OIL SPILL
21 S1B_IW_GRDH_1SDV_20200802T001516_8b.tif;35;SP00396GXS1;SENTINEL-1;IW;IMG_21_WIN_005;IMG_21_WIN_005;800;600;800;600;1;1;800;600;0;0;0;0;0;5;1;1;18;7;7;19.52813613054357;-92.54180386859458;15Q;0.32041092338066185;7.813280043767308;190.52828910519264;0.598385658848238;15.16175950496656;2.5013163753381145;5.037036786510457;9.719433211930866;10.076873122815764;19.985064699602034;12.667262098524336;-20.647570865037874;0.06595540574775828;24.385186251858205;9.11195365786518;83.02769946308264;12;64;31.632748538011697;31.0;0.28805443974986056;22.89369935547909;524.1214701790636;19;194;77.07587660471354;75.0;0.29702807627982314;45.443128066701846;0.8787330144355587;DIFF;4386875.5;DIFF;2.436584873808699;0.9730872286210249;0.320410923381;7.81328004376;OIL SPILL
21 S1B_IW_GRDH_1SDV_20200802T001516_8b.tif;36;SP00397GXS1;SENTINEL-1;IW;IMG_21_WIN_005;IMG_21_WIN_005;800;600;800;600;1;1;800;600;0;0;0;0;0;5;1;1;18;7;7;19.528855655149005;-92.51567163341913;15Q;0.21735534076128118;6.220179179997131;178.00634157760697;0.7948874717402784;14.165294581890262;2.326420906124429;4.70157275473495;7.362238427932223;7.383963898304079;14.75706638878855;9.736245298783789;-17.36394748592999;0.07059507264172665;28.617558502179527;9.515075184513474;90.53665576694412;9;58;28.68448275862069;29.0;0.3317150692443238;20.586403284981728;423.80000021190654;22;177;73.56150283067421;72.0;0.27985294607653743;44.877020072053526;0.8896809058157488;DIFF;2228214.5;DIFF;2.5645051176168208;0.9740799390307578;0.217355340761;6.22017918001;OIL SPILL
21 S1B_IW_GRDH_1SDV_20200802T001516_8b.tif;37;SP00398GXS1;SENTINEL-1;IW;IMG_21_WIN_009;IMG_21_WIN_009;800;600;800;600;1;1;800;600;0;0;0;0;0;9;1;1;18;3;3;19.51923558435317;-92.47000468736204;15Q;0.42162407951511294;9.306606836405528;205.4269075595468;0.7347544187840567;16.347353891091856;2.618277834160766;5.408702300126604;8.78043690853284;9.711992060760867;19.25295437875117;-14.016696440785493;19.022811015374945;0.061171979677085764;22.073233689851286;9.821777526383794;96.46731377777778;9;59;26.925333333333334;26.0;0.3647783076551374;19.666574632214946;386.7741577644805;24;170;70.95716198125837;69.0;0.27716123479416216;44.03182864792503;0.8935903614457832;DIFF;4987894.0;DIFF;2.635330864907585;0.9860313528527145;0.421624079515;9.3066068364;OIL SPILL
21 S1B_IW_GRDH_1SDV_20200802T001516_8b.tif;38;SP00399GXS1;SENTINEL-1;IW;IMG_21_WIN_005;IMG_21_WIN_005;800;600;800;600;1;1;800;600;0;0;0;0;0;5;1;1;18;7;7;19.62111087206771;-92.58789813058;15Q;0.18427107466238682;4.663073413858978;118.00144815390733;0.7418672240309384;9.39025688284818;2.7040819101127735;6.173770724247496;7.923908705878196;8.134892733691634;16.169896723274196;11.228483081616798;-16.961245454642448;0.10649335928461713;25.30550940999531;10.344537903606744;107.0094644391566;8;68;29.306910569105693;29.0;0.35297265057039445;24.809966725203587;615.5344489057093;26;184;73.4779189352692;70.0;0.337652006000062;44.171008366163505;0.8387964233544333;DIFF;792262.0;DIFF;2.507187469044486;0.9770908766860502;0.184271074663;4.66307341386;OIL SPILL
21 S1B_IW_GRDH_1SDV_20200802T001516_8b.tif;39;SP00400GXS1;SENTINEL-1;IW;IMG_21_WIN_005;IMG_21_WIN_005;800;600;800;600;1;1;800;600;0;0;0;0;0;5;1;1;18;7;7;19.59244611353032;-92.52408585350955;15Q;0.06255923072985736;3.6735334974961367;215.7131441641205;0.30644884637194625;17.165906591807207;1.7199005018143425;3.4469036330920644;5.144469418302656;5.1465425650794145;10.292048560407881;6.870246613152234;-14.180028336771075;0.05825500649509949;58.72088666433818;6.741664042623995;45.45003406360931;20;57;33.64670658682635;34.0;0.2003662386756019;20.21740025799394;408.7432731919334;23;155;72.8755060728745;71.0;0.2774238059873892;39.22879948604815;0.9114402773400567;DIFF;486201.5;DIFF;2.1659030991582204;0.9817757878227212;0.0625592307298;3.67353349749;OIL SPILL
21 S1B_IW_GRDH_1SDV_20200802T001516_8b.tif;40;SP00401GXS1;SENTINEL-1;IW;IMG_21_WIN_001;IMG_21_WIN_001;800;600;800;600;1;1;800;600;0;0;0;0;0;1;1;1;18;1;1;19.74483913276614;-92.63084599207775;15Q;0.03929619580728512;1.9416224497841694;95.93543751649818;1.2014685408300638;7.634299549217174;2.3110964956788846;4.680294358132987;8.129716589106314;8.043362950067623;16.130313686956345;10.391387014689979;-17.491581694216674;0.1309877865746754;49.40993421618212;6.832229876062798;46.679365079365084;14;54;31.333333333333332;31.0;0.21804988966157868;24.886044526825074;619.3152121911203;26;182;80.98219584569733;81.0;0.30730266408486495;49.648862512364005;0.9120813904196694;DIFF;105053.5;DIFF;2.5845381652882127;0.9654795398348754;0.0392961958072;1.94162244978;OIL SPILL
21 S1B_IW_GRDH_1SDV_20200802T001516_8b.tif;41;SP00402GXS1;SENTINEL-1;IW;IMG_21_WIN_008;IMG_21_WIN_008;800;600;800;600;1;1;800;600;0;0;0;0;0;8;1;1;18;4;4;19.51517262356772;-92.23460112911793;15Q;0.1225652999466517;3.9659280504177836;128.3282079669914;0.09299689320341056;10.212034318035714;1.679123733999556;3.3658594347561652;4.272652542934373;4.273616710023487;8.546751345117448;5.9565802439088;-12.247500073469899;0.09792368188910965;32.35767425318594;9.000781897140238;81.01407475988741;11;61;32.58103975535168;33.0;0.2762582767378316;17.283869563418996;298.7321470852816;24;135;65.07221588749525;63.0;0.2656105886005396;32.491176132143565;0.8360061231819624;DIFF;832942.0;DIFF;1.9972418429895762;0.9686996450481631;0.122565299947;3.96592805042;OIL SPILL
21 S1B_IW_GRDH_1SDV_20200802T001516_8b.tif;42;SP00403GXS1;SENTINEL-1;IW;IMG_21_WIN_017;IMG_21_WIN_017;800;600;800;600;1;1;800;600;0;0;0;0;0;17;1;1;18;4;4;19.392825224484547;-92.34157642789086;15Q;0.061512810789521005;2.3727192888010054;91.52234715321138;0.5055234639324243;7.283116976403023;2.2924543302845564;4.80284785323793;6.668095071545474;6.730965211848585;13.43051870443669;9.13405286580607;15.41473245771055;0.13730384988185082;38.57276652370451;8.655693452827213;74.92102914931588;9;51;30.134146341463413;31.0;0.2872387143390658;19.699001047313942;388.0506422620758;30;148;66.79661016949153;64.0;0.29491019076161445;36.662463828028116;0.8615868422606745;DIFF;132663.5;DIFF;2.216641859125174;1.0189460949394114;0.0615128107895;2.3727192888;OIL SPILL
21 S1B_IW_GRDH_1SDV_20200802T001516_8b.tif;43;SP00404GXS1;SENTINEL-1;IW;IMG_21_WIN_017;IMG_21_WIN_017;800;600;800;600;1;1;800;600;0;0;0;0;0;17;1;1;18;4;4;19.428270200358547;-92.37470342527693;15Q;0.07349880753611415;2.586604959488863;91.02903082019319;0.8210666567394691;7.243860109949117;2.762019455009691;5.837886160774802;9.543084874631717;8.80907922526072;18.168437220035578;11.747340408846481;18.10721617360547;0.13804794471756085;35.19247517339539;9.138329099213435;83.50905872553102;8;54;29.336734693877553;30.0;0.3114978266862318;14.89439869590794;221.84311251266416;28;118;59.45468277945619;57.0;0.2505168306280916;30.11794808557864;0.8420987730439607;DIFF;126360.0;DIFF;2.0266291869171154;0.9523291587378916;0.0734988075362;2.58660495948;OIL SPILL
21 S1B_IW_GRDH_1SDV_20200802T001516_8b.tif;44;SP00405GXS1;SENTINEL-1;IW;IMG_21_WIN_004;IMG_21_WIN_004;800;600;800;600;1;1;800;600;0;0;0;0;0;4;1;1;18;10;10;19.62783339837925;-92.3040504393608;15Q;0.11236535475803615;3.3132897381141513;97.6981642814368;0.197677363947653;7.7745728881973575;2.5028430545029328;5.057087034541175;7.628392997012664;7.6742600247571096;15.325591456797897;10.203192504832568;17.647932592301043;0.12862442919766154;29.48675546167126;8.982375335436984;80.68306666666668;10;54;29.06;29.0;0.3090975683219885;17.484099718056118;305.69374295093;29;159;60.423853211009174;57.0;0.2893575763366003;31.363853211009175;0.8289296636085628;DIFF;159050.5;DIFF;2.079279188265973;0.9988647685138261;0.112365354758;3.31328973811;OIL SPILL
21 S1B_IW_GRDH_1SDV_20200802T001516_8b.tif;45;SP00406GXS1;SENTINEL-1;IW;IMG_21_WIN_002;IMG_21_WIN_002;800;600;800;600;1;1;800;600;0;0;0;0;0;2;1;1;18;9;9;19.607485798427152;-92.39271216733397;15Q;0.30154172982870764;12.129488780451105;487.9075879768418;0.5255588023688698;38.82645219927909;1.8381361548344426;3.6909543050906684;5.902787992797209;5.879036187876036;11.769948406346959;7.72529373668544;-14.884492799166631;0.0257556367722562;40.224909458937326;7.961413636700061;63.38410709463369;11;54;32.43850931677019;33.0;0.24543093392346912;16.94673625005099;287.19186952879227;13;154;61.55889899696758;60.0;0.275293036850542;29.12038968019739;0.7997332201305792;DIFF;9906253.0;DIFF;1.897710477254965;0.9852140964185817;0.301541729829;12.1294887805;OIL SPILL
21 S1B_IW_GRDH_1SDV_20200802T001516_8b.tif;46;SP00407GXS1;SENTINEL-1;IW;IMG_21_WIN_003;IMG_21_WIN_003;800;600;800;600;1;1;800;600;0;0;0;0;0;3;1;1;18;1;1;19.692744094654635;-92.1160212850035;15Q;0.4013931166611667;19.022428934182663;901.4922965445004;0.26681640914118443;71.738477577161;1.2077122545115346;2.4197093165295955;3.8696232190153754;3.8615507819816;7.727137789502279;5.0716902167994204;-11.472278627526794;0.013939520795160625;47.391019289053524;7.1405605604928795;50.987605118066384;10;59;33.89738805970149;34.0;0.21065223514911022;16.234440872571774;263.55707044502896;19;193;63.17404707433402;61.0;0.25697959248153673;29.27665901463253;0.8398879497390708;DIFF;53543783.0;DIFF;1.863684805539272;0.9917227275341949;0.401393116661;19.0224289342;OIL SPILL
21 S1B_IW_GRDH_1SDV_20200802T001516_8b.tif;47;SP00408GXS1;SENTINEL-1;IW;IMG_21_WIN_004;IMG_21_WIN_004;800;600;800;600;1;1;800;600;0;0;0;0;0;4;1;1;18;10;10;19.61307967339345;-92.2611784706261;15Q;0.12773555179801852;4.4562408858471265;155.46245781359383;0.6408214432913321;12.371309313124353;2.8160375128296296;6.025363028068616;8.903851389654053;9.302710290983633;18.408367810731317;12.452128281648116;19.387570241374394;0.08083218798346023;34.88645739671243;7.316865400824299;53.536519293779726;18;60;32.988269794721404;33.0;0.2218020358859531;17.51564614159919;306.7978597577187;20;144;57.78981723237598;55.0;0.3030922570868814;24.801547437654577;0.7573332924971096;DIFF;245840.0;DIFF;1.7518292893804082;1.000749434355534;0.127735551798;4.45624088584;OIL SPILL
22 S1B_IW_GRDH_1SDV_20200811T120034_8b.tif;0;OS03045GXS1;SENTINEL-1;IW;IMG_22_WIN_006;IMG_22_WIN_006;800;600;800;600;1;1;800;600;0;0;0;0;0;6;1;1;6;1;1;19.379613043091496;-92.08995402815064;15Q;5.600211968350463;130.59171155757105;3045.276718795187;0.09527792412626294;242.33542143946087;1.9878846653150002;3.987740579719706;6.529019669078503;6.557472204162815;13.10072285532085;8.556615667467405;-15.432378114339937;0.00412651189850847;23.31906583100938;7.897218714437045;62.3660634236547;4;61;29.548700428724544;30.0;0.2672611180815279;29.290110139649727;857.9105519928116;14;255;62.52274714067167;57.0;0.4684712601279194;32.974046711947125;0.8549839257576017;DIFF;802804093.5;DIFF;2.115922062003538;0.9919871405317373;5.60021196835;130.591711558;SEEPAGE SLICK
22 S1B_IW_GRDH_1SDV_20200811T120034_8b.tif;1;OS03046GXS1;SENTINEL-1;IW;IMG_22_WIN_005;IMG_22_WIN_005;800;600;800;600;1;1;800;600;0;0;0;0;0;5;1;1;6;1;1;19.292822162010957;-92.99157065172527;15Q;0.9914312038764453;20.8442500988541;438.23793369098513;0.8375539892985251;34.87386669864927;2.295390136139959;4.617249587331924;6.785374325425691;6.806730883789151;13.60278707134429;9.115546126039767;15.994042202234777;0.028674766943429644;21.02440392974737;2.2720348417569376;5.162142322157473;2;15;7.319454958364875;7.0;0.3104103863854499;3.9367927100746836;15.498336842097173;4;36;14.637217191143955;14.0;0.2689577300565428;7.3177622327790806;0.7976511515172248;DIFF;83745579.0;DIFF;1.999768736115541;1.4522610475560396;0.991431203876;20.8442500989;SEEPAGE SLICK
22 S1B_IW_GRDH_1SDV_20200811T120034_8b.tif;2;OS03047GXS1;SENTINEL-1;IW;IMG_22_WIN_002;IMG_22_WIN_002;800;600;800;600;1;1;800;600;0;0;0;0;0;2;1;1;6;1;1;19.557953014237786;-92.90102738515056;15Q;0.28661622769890943;9.855521081200878;338.8897291748304;0.278403379499553;26.96798778062398;2.3192305180992263;4.680565274426737;7.681422114288259;8.07537662488245;15.988380994475659;10.57835021213973;-16.369656494102;0.03708100167260096;34.38577487508527;2.5215052662494135;6.357988807723525;3;19;11.8640522875817;12.0;0.21253322264001775;4.882650552328406;23.840276416152893;8;49;20.08216644649934;19.0;0.24313365618874921;8.21811415891764;0.7847834157881557;DIFF;2761375.5;DIFF;1.6926903185954159;0.9271913741026798;0.286616227699;9.85552108121;SEEPAGE SLICK
22 S1B_IW_GRDH_1SDV_20200811T120034_8b.tif;3;SP00409GXS1;SENTINEL-1;IW;IMG_22_WIN_001;IMG_22_WIN_001;800;600;800;600;1;1;800;600;0;0;0;0;0;1;1;1;6;3;3;19.596134110072075;-92.25084574773868;15Q;0.18057221646686106;3.9564224242057966;86.68708124115645;0.28950526937853105;6.898338740869381;2.624049449237627;5.299792677878398;9.56037975959888;9.82599976941718;19.52418078439491;12.561430189284469;-20.34095285468537;0.14496243770626613;21.910471619712805;7.968500208643095;63.49699557514505;7;50;28.33609958506224;28.0;0.28121372825933316;29.780385060918526;886.8713343765793;24;255;57.69580419580419;52.0;0.5161620585069208;29.359704610741954;0.8348228534950526;DIFF;402769.5;DIFF;2.0361237093555147;0.9765358466915444;0.180572216467;3.9564224242;OIL SPILL
22 S1B_IW_GRDH_1SDV_20200811T120034_8b.tif;4;SP00410GXS1;SENTINEL-1;IW;IMG_22_WIN_001;IMG_22_WIN_001;800;600;800;600;1;1;800;600;0;0;0;0;0;1;1;1;6;3;3;19.564035042371607;-92.27778171555308;15Q;0.127023458978265;5.497337825119397;237.91450340412734;0.2500430343433075;18.932634625010213;2.221955776203179;4.497327186906902;7.067036794436991;7.084281068667048;14.159993878200824;9.337858278730232;-15.962638437022422;0.052818850614641304;43.2781304283333;5.680377412688195;32.266687550578226;16;48;32.7787610619469;33.0;0.17329445130501242;12.353784633696986;152.61599477576775;22;123;52.0311464546057;50.0;0.237430567563507;19.252385392658795;0.790595659083845;DIFF;488447.0;DIFF;1.5873432908667504;1.020864478634162;0.127023458978;5.49733782512;OIL SPILL
22 S1B_IW_GRDH_1SDV_20200811T120034_8b.tif;5;SP00411GXS1;SENTINEL-1;IW;IMG_22_WIN_001;IMG_22_WIN_001;800;600;800;600;1;1;800;600;0;0;0;0;0;1;1;1;6;3;3;19.590187104938977;-92.20695920769111;15Q;0.08167428284023871;4.220082218490797;218.0502027260917;0.47088644167389;17.351883803023686;2.3186524336274323;4.965381129296145;7.2661967402981595;7.119534472272884;14.320979353049951;9.625647247772756;-15.018327468935153;0.05763063027345441;51.669657470339935;4.825313063183655;23.283646157730832;21;49;32.972477064220186;32.0;0.1463436627398493;12.40368089261704;153.85129968587302;26;117;53.33441138421733;52.0;0.2325643158084524;20.361934319997147;0.8139383077963849;DIFF;324399.0;DIFF;1.6175433614022507;1.021297298960424;0.0816742828403;4.22008221848;OIL SPILL
22 S1B_IW_GRDH_1SDV_20200811T120034_8b.tif;6;SP00412GXS1;SENTINEL-1;IW;IMG_22_WIN_004;IMG_22_WIN_004;800;600;800;600;1;1;800;600;0;0;0;0;0;4;1;1;6;1;1;19.34053749549317;-92.33221563703364;15Q;0.34105384303508307;5.824475691341799;99.4696813181543;0.5056013995094167;7.915545734779906;2.8867896675552207;6.00947566877904;9.582560531718112;9.752503595701317;19.439839930491093;12.998355495205736;-19.949860268920013;0.12633367723543387;17.077877321390144;9.058615924295916;82.05852246390756;6;51;26.23872387238724;27.0;0.34523843340677485;14.327037292266716;205.2639975740012;25;121;58.16927169936814;56.0;0.2462990660483436;31.9305478269809;0.8786107077618303;DIFF;2694568.0;DIFF;2.216924572333472;1.0082185115672724;0.341053843035;5.82447569134;OIL SPILL
23 S1B_IW_GRDH_1SDV_20200823T120035_8b.tif;0;OS03048GXS1;SENTINEL-1;IW;IMG_23_WIN_006;IMG_23_WIN_006;800;600;800;600;1;1;800;600;0;0;0;0;0;6;1;1;11;1;1;19.35583238257203;-92.11507385998279;15Q;12.00856152559546;158.70038221209498;2097.3212537224485;0.5410241024044545;166.89952239080947;1.625800522978261;3.258724284172947;4.797022762669668;4.805581356555606;9.60688382772432;6.435658576928861;12.46804627100326;0.005991628889496848;13.215603040700215;4.734035394401038;22.41109111544179;2;38;13.021370992938824;13.0;0.36355890612195835;20.332811917206932;413.42324046051226;5;255;46.05487718646736;43.0;0.4414909594674041;33.03350619352854;0.9299139302661654;DIFF;29437374366.5;DIFF;3.5368685226341996;1.0552613753442759;12.0085615256;158.700382212;SEEPAGE SLICK
23 S1B_IW_GRDH_1SDV_20200823T120035_8b.tif;1;OS03049GXS1;SENTINEL-1;IW;IMG_23_WIN_005;IMG_23_WIN_005;800;600;800;600;1;1;800;600;0;0;0;0;0;5;1;1;11;1;1;19.258822741415546;-92.47075478889981;15Q;11.725577191327815;59.18060306193834;298.6926546665032;1.1243277900860198;23.769206227707233;3.066844244743309;6.601962827851123;10.57015875579916;11.099172368561167;22.21566261278209;14.604678232963437;22.003106032220952;0.042071240849192615;5.047137731156472;4.642846974858731;21.55602803195487;2;36;10.025801907932646;8.0;0.46308983735108544;16.994623842789213;288.8172395578996;9;153;39.940808162792045;36.0;0.4254952421974531;29.9150062548594;0.9122146619299781;DIFF;1070024466.0;DIFF;3.9838018474302745;1.2063137286276029;11.7255771913;59.1806030619;SEEPAGE SLICK
23 S1B_IW_GRDH_1SDV_20200823T120035_8b.tif;2;OS03050GXS1;SENTINEL-1;IW;IMG_23_WIN_010;IMG_23_WIN_010;800;600;800;600;1;1;800;600;0;0;0;0;0;10;1;1;11;2;2;19.31042651168656;-92.33982048189192;15Q;1.3952282886192842;26.21648040973933;492.6103137963185;0.6346091064624232;39.200683229366895;2.00961626721588;4.0501402763414935;6.81427825648174;6.830100891394742;13.652366478662683;8.861981229886684;15.380260750276;0.025509759463856935;18.79010096310699;4.379603779147292;19.180929262321243;5;37;14.949973103819257;15.0;0.29295061260200117;12.577547639628055;158.19470462711325;6;255;33.572085060371236;32.0;0.3746430290823579;18.62211195655198;0.8176158787218297;DIFF;159195316.5;DIFF;2.2456284588093745;1.0103416217493935;1.39522828862;26.2164804097;SEEPAGE SLICK
23 S1B_IW_GRDH_1SDV_20200823T120035_8b.tif;3;OS03051GXS1;SENTINEL-1;IW;IMG_23_WIN_002;IMG_23_WIN_002;800;600;800;600;1;1;800;600;0;0;0;0;0;2;1;1;11;2;2;19.55976015752976;-92.94396573609873;15Q;1.2337447827669772;26.487409951721176;568.6612788562843;0.08762238444598432;45.25262673746818;1.732050027555935;3.4678981805363205;7.099742645234594;8.04637397048078;-15.64186222192502;-9.790488857665515;16.123513789551115;0.02209816472757419;21.469116077894668;3.2130398575331793;10.323625126096832;2;21;8.80261160036441;9.0;0.3650098406477648;5.805020160777124;33.698259067028864;6;55;21.392980751715346;21.0;0.2713516282817046;12.590369151350936;0.8608107766983722;DIFF;53261096.5;DIFF;2.430299293317647;1.1885595222446994;1.23374478277;26.4874099517;SEEPAGE SLICK
23 S1B_IW_GRDH_1SDV_20200823T120035_8b.tif;4;OS03052GXS1;SENTINEL-1;IW;IMG_23_WIN_002;IMG_23_WIN_002;800;600;800;600;1;1;800;600;0;0;0;0;0;2;1;1;11;2;2;19.503604492352157;-92.94553209673794;15Q;9.385717251393498;123.5734296715936;1626.9819462687408;0.19571083772350836;129.47110953497128;2.2802622032406994;4.584216793095388;7.536541729029983;7.5365885266107755;15.073153795032026;9.828697369200125;18.167536878195214;0.007723730827609006;13.166114678475601;3.345646880216487;11.193353047102313;2;26;8.77147306632592;9.0;0.3814236052391903;6.401391391217;40.97781174354713;5;62;22.23970475718979;21.0;0.2878361678406508;13.468231690863872;0.8666841625949431;DIFF;1641953825.5;DIFF;2.5354583647493625;1.1866097670442066;9.38571725139;123.573429672;SEEPAGE SLICK
23 S1B_IW_GRDH_1SDV_20200823T120035_8b.tif;5;OS03053GXS1;SENTINEL-1;IW;IMG_23_WIN_008;IMG_23_WIN_008;800;600;800;600;1;1;800;600;0;0;0;0;0;8;1;1;11;1;1;19.300167620957215;-92.99017693926405;15Q;1.5756387968506382;26.015435258564423;429.5418931327026;1.333748423303926;34.18185777856014;2.1770692593412693;4.3864060043687045;6.762166434202893;6.78430221734137;13.557545088348368;8.98054901198183;15.760055971595031;0.029255285259165438;16.511040036944802;3.445081793566353;11.868588564362362;2;23;8.560847820909741;8.0;0.4024229685699812;6.8870714276241705;47.431752849197224;7;65;24.8742516255016;24.0;0.27687552298310764;16.313403804591857;0.9116190095934281;DIFF;194170880.5;DIFF;2.905582735012135;1.2075266339226527;1.57563879685;26.0154352585;SEEPAGE SLICK
23 S1B_IW_GRDH_1SDV_20200823T120035_8b.tif;6;SP00413GXS1;SENTINEL-1;IW;IMG_23_WIN_009;IMG_23_WIN_009;800;600;800;600;1;1;800;600;0;0;0;0;0;9;1;1;11;1;1;19.46111360554778;-92.38594050965371;15Q;7.23819090221839;158.00193181728773;3449.012439053464;0.4158093739013003;274.4636892303966;1.12038264984306;2.24751305782122;4.7760615179636785;4.8677028684650745;9.689775772619065;6.00134165730051;-11.217869765048196;0.003643469206451412;21.828925756691863;5.742231826243478;32.973226346323514;6;62;21.814979799026208;22.0;0.26322425595369126;13.502301292397265;182.31214019067284;7;255;40.32525404569558;39.0;0.334834872387829;18.510274246669372;0.7411264539548186;DIFF;24675493308.5;DIFF;1.848512096605088;1.007819900531853;7.23819090222;158.001931817;OIL SPILL
23 S1B_IW_GRDH_1SDV_20200823T120035_8b.tif;7;SP00414GXS1;SENTINEL-1;IW;IMG_23_WIN_011;IMG_23_WIN_011;800;600;800;600;1;1;800;600;0;0;0;0;0;11;1;1;11;1;1;19.49732562549785;-92.48929535304235;15Q;5.032393216393775;28.176360522568977;157.75939163726548;0.8787251835645404;12.554093499120508;2.8279474346802975;5.753572101324721;9.989112148674462;10.119176683954935;20.173609461720652;13.00301289451872;-21.611873821756145;0.07965529331688155;5.598998192506154;4.821707705887973;23.24886520101946;2;31;11.286980485624907;11.0;0.4271919945311235;8.668448458277846;75.14199867381954;10;88;32.654207765645104;32.0;0.265461912917629;21.367227280020195;0.9023436614096998;DIFF;403478982.5;DIFF;2.893086225074411;1.1205088819929319;5.03239321639;28.1763605226;OIL SPILL
23 S1B_IW_GRDH_1SDV_20200823T120035_8b.tif;8;SP00415GXS1;SENTINEL-1;IW;IMG_23_WIN_001;IMG_23_WIN_001;800;600;800;600;1;1;800;600;0;0;0;0;0;1;1;1;11;5;5;19.564714614301074;-92.24856910631377;15Q;0.2986382618195265;7.172394418055362;172.25937954072327;0.14993371352824236;13.707965873924508;2.257830287533195;4.551763815681065;6.636022957181912;6.652537531160588;13.296818615591057;8.928419443695674;16.002988710094787;0.07295028373992488;24.016997602235552;6.333620081473562;40.114743336445166;5;38;18.82810539523212;19.0;0.33639179027951677;38.90973666066387;1513.9676070022097;16;255;48.841736227045075;40.0;0.7966493344910704;30.013630831812954;0.8304304748818084;DIFF;2325879.5;DIFF;2.594086616883575;0.9712934871056026;0.29863826182;7.17239441805;OIL SPILL
23 S1B_IW_GRDH_1SDV_20200823T120035_8b.tif;9;SP00416GXS1;SENTINEL-1;IW;IMG_23_WIN_001;IMG_23_WIN_001;800;600;800;600;1;1;800;600;0;0;0;0;0;1;1;1;11;5;5;19.59112220779391;-92.27987008392829;15Q;0.10115232936477243;4.299523330900723;182.75309119473022;0.3969255048381603;14.543028914482623;2.4316881831656314;4.963350685811942;9.074213083609083;8.602997841666534;17.444637831938483;11.088232098401637;18.37045041063453;0.06876146680862015;42.505430748865045;5.49713605444666;30.218504801097392;9;37;21.403703703703705;22.0;0.25683106674175427;8.653636304560626;74.88542129160969;14;73;36.28588807785888;35.0;0.23848489765477035;14.882184374155173;0.7517977831846445;DIFF;208681.0;DIFF;1.695308839076293;1.0303066572140855;0.101152329365;4.2995233309;OIL SPILL
23 S1B_IW_GRDH_1SDV_20200823T120035_8b.tif;10;SP00417GXS1;SENTINEL-1;IW;IMG_23_WIN_001;IMG_23_WIN_001;800;600;800;600;1;1;800;600;0;0;0;0;0;1;1;1;11;5;5;19.592195747580956;-92.25753515597002;15Q;0.21129645835337899;5.647638273168392;150.95292326770976;0.3399672926669232;12.012451956113795;2.4688487615358956;5.001699963573185;7.507019537283848;7.447644157712574;14.924978702290064;9.94952916918276;17.377907655294297;0.08324695105157487;26.728504193492444;6.33184279355669;40.09223316231578;6;41;19.427304964539008;20.0;0.3259249188250409;9.330857706834701;87.06490554519652;16;80;39.960295475530934;39.0;0.233503221029692;20.532990510991926;0.8330484666313039;DIFF;1191510.5;DIFF;2.05691399545491;1.0297679978112049;0.211296458354;5.64763827317;OIL SPILL
23 S1B_IW_GRDH_1SDV_20200823T120035_8b.tif;11;SP00418GXS1;SENTINEL-1;IW;IMG_23_WIN_001;IMG_23_WIN_001;800;600;800;600;1;1;800;600;0;0;0;0;0;1;1;1;11;5;5;19.585873407452183;-92.2308350949385;15Q;0.22217203486250417;8.607883786989312;333.50580479748106;0.35050020662985476;26.539548691679926;2.1068265683930463;4.251577674530055;7.922784253049542;8.922504469190322;-17.424366431917864;-11.109547061772053;17.602521134471868;0.03767961586752593;38.744227158546224;5.29530079890291;28.040210550861797;5;38;22.526138279932546;23.0;0.23507361684005285;10.683161953933554;114.1299493339734;9;85;38.725515136097684;37.0;0.2758688145629167;16.199376856165138;0.7374593697435912;DIFF;2173901.5;DIFF;1.7191368824454205;1.0292922214140008;0.222172034863;8.60788378699;OIL SPILL
23 S1B_IW_GRDH_1SDV_20200823T120035_8b.tif;12;SP00419GXS1;SENTINEL-1;IW;IMG_23_WIN_001;IMG_23_WIN_001;800;600;800;600;1;1;800;600;0;0;0;0;0;1;1;1;11;5;5;19.590709815721834;-92.20800258920816;15Q;0.11576698537110401;3.3912435619924737;99.34207805350685;0.2988324173698421;7.905391389618254;2.5876195461143414;5.239671358111436;9.307867630048467;9.10407713625079;18.310679732751836;11.72983664961559;19.578997907832658;0.12649595076510048;29.293701923060908;5.15826135076102;26.6076601627549;10;36;21.262135922330096;21.0;0.24260315941935393;10.315698428509444;106.41363406795223;17;75;41.198484848484846;40.0;0.2503902380499516;19.93634892615475;0.8646807884671963;DIFF;198641.0;DIFF;1.9376456344264563;1.021864064898885;0.115766985371;3.39124356199;OIL SPILL
23 S1B_IW_GRDH_1SDV_20200823T120035_8b.tif;13;SP00420GXS1;SENTINEL-1;IW;IMG_23_WIN_010;IMG_23_WIN_010;800;600;800;600;1;1;800;600;0;0;0;0;0;10;1;1;11;2;2;19.34391951470924;-92.43503381920962;15Q;0.0750354358985976;4.137394045647534;228.1326054011716;0.18221599322062912;18.15421591501464;1.8885106160809022;3.7924389777769614;6.579665139689999;6.591548886356342;13.17716361844646;8.49203922564946;15.401754512912374;0.05508362380844767;55.13920184642869;4.743624668963597;22.501974999999998;12;40;23.055;23.0;0.2057525338956234;11.844874273776265;140.3010465615668;18;95;40.99207606973059;39.0;0.28895521792131845;17.937076069730587;0.7576148969889065;DIFF;239516.5;DIFF;1.7780124081427278;1.0151845298418183;0.0750354358986;4.13739404565;OIL SPILL
25 S1B_IW_GRDH_1SDV_20200904T120035_8b.tif;0;OS03056GXS1;SENTINEL-1;IW;IMG_25_WIN_003;IMG_25_WIN_003;800;600;800;600;1;1;800;600;0;0;0;0;0;3;1;1;3;1;1;19.39363937385851;-92.05325098237158;15Q;2.2072266927350763;49.71364873456827;1119.7068604863405;0.5191972116544388;89.10344083015416;2.090395035234457;4.194708846452475;6.368177958532277;6.376764728562765;12.74923655463301;8.474456535984404;15.575854585644127;0.011222911154532908;22.523127732279185;10.824485174654123;117.16947929630689;9;73;40.26614547926581;41.0;0.2688234755479131;33.26302929441356;1106.4291178410149;23;255;91.04160785639027;85.0;0.3653607408481067;50.77546237712446;0.8928263080592249;DIFF;583839482.5;DIFF;2.260996347496688;0.9466778213172152;2.20722669273;49.7136487346;SEEPAGE SLICK
25 S1B_IW_GRDH_1SDV_20200904T120035_8b.tif;1;SP00443GXS1;SENTINEL-1;IW;IMG_25_WIN_001;IMG_25_WIN_001;800;600;800;600;1;1;800;600;0;0;0;0;0;1;1;1;3;1;1;19.541799315622768;-92.17987813151511;15Q;0.21886328816395753;6.260040390264084;179.05289652040977;0.3671821521123522;14.248576778072422;2.2376265841452883;4.499463727747634;8.30590066525463;8.712909618322538;17.25406313998021;11.120942254054773;17.655511948907918;0.07018244808414348;28.60251457784225;8.445516380138685;71.32674692719084;24;70;44.15582191780822;45.0;0.19126620258273516;21.85660454847493;477.711162388415;36;255;79.47154929577465;76.0;0.2750242664469737;35.31572737796643;0.8299498360023152;DIFF;2009350.5;DIFF;1.799797758123566;0.9423671868551448;0.218863288164;6.26004039026;OIL SPILL
25 S1B_IW_GRDH_1SDV_20200904T120035_8b.tif;2;SP00444GXS1;SENTINEL-1;IW;IMG_25_WIN_002;IMG_25_WIN_002;800;600;800;600;1;1;800;600;0;0;0;0;0;2;1;1;3;2;2;19.49141013938524;-91.98246488497567;15Q;0.28718657491951094;11.161009933592512;433.75336320182487;0.38428629735797604;34.516995918152325;2.409375261228562;4.958846073675379;7.709890765095047;7.893168689791137;15.695377709612075;10.436656370521424;-16.947386761940898;0.028971234993080748;38.863271852873275;8.045085637434026;64.72340291364723;27;93;47.69582245430809;47.0;0.16867484872791744;26.35274873373096;694.4673658231587;37;255;80.11624384702765;75.0;0.32893140602108567;32.420421392719554;0.7810327799324372;DIFF;3855580.0;DIFF;1.6797329351805987;0.9328968048755911;0.28718657492;11.1610099336;OIL SPILL
25 S1B_IW_GRDH_1SDV_20200904T120035_8b.tif;3;SP00445GXS1;SENTINEL-1;IW;IMG_25_WIN_002;IMG_25_WIN_002;800;600;800;600;1;1;800;600;0;0;0;0;0;2;1;1;3;2;2;19.486204790115526;-91.95895962882196;15Q;0.04086783695782533;1.8513110470788567;83.86430132265532;0.2637906927511607;6.673709052224385;2.1807180018290055;4.410902540609665;6.236893697552389;6.250118236145544;12.493625952808639;8.457258476190674;-15.040506276114934;0.14984171353210166;45.29995186653424;6.960117002210104;48.44322868445417;27;63;44.75229357798165;44.0;0.15552536966808145;34.61533686902595;1198.2215465561474;42;255;80.13247172859451;73.0;0.43197640260326325;35.380178150612856;0.8183071245423961;DIFF;65579.0;DIFF;1.7905779865553098;0.9395415177763186;0.0408678369578;1.85131104708;OIL SPILL
26 S1B_IW_GRDH_1SDV_20200907T001518_8b.tif;0;OS03057GXS1;SENTINEL-1;IW;IMG_26_WIN_003;IMG_26_WIN_003;800;600;800;600;1;1;800;600;0;0;0;0;0;3;1;1;3;1;1;19.28717276749829;-92.9735540090332;15Q;0.1320953632227101;3.4861108697957555;92.00148059715359;0.42127680545321705;7.321245204405047;2.8974180875210025;6.08558921129605;9.224215576475647;9.626330503213318;19.053149949397717;12.736937728979042;-20.12609163441787;0.1365887867542423;26.390864786966393;19.433044012039485;377.6431995738636;31;178;70.84375;71.0;0.27430851715274085;33.66742654160336;1133.4956099342587;70;255;134.80810810810812;131.0;0.24974333527924064;63.964358108108115;0.8282862407862408;DIFF;251801.0;DIFF;1.902893453665399;0.9139514576916431;0.132095363223;3.48611086979;SEEPAGE SLICK
26 S1B_IW_GRDH_1SDV_20200907T001518_8b.tif;1;OS03058GXS1;SENTINEL-1;IW;IMG_26_WIN_001;IMG_26_WIN_001;800;600;800;600;1;1;800;600;0;0;0;0;0;1;1;1;3;1;1;19.559309662759876;-92.88809345192854;15Q;0.1547341167411782;4.0966768609857915;108.46193235722352;0.9914212348369662;8.631126335975456;2.5887301871646833;5.246873519811615;8.116668647292922;8.209773184721493;16.373024954988686;10.85385265002104;18.296729118156936;0.11585973383704203;26.475588882820528;19.29328117317087;372.23069842702955;26;122;71.59806295399515;74.0;0.2694665243327552;32.70373448019232;1069.5342489509196;59;255;127.73800928313564;123.0;0.256021951991622;56.139946329140486;0.76798279735317;DIFF;759790.5;DIFF;1.78409867547971;0.9204522818202304;0.154734116741;4.09667686098;SEEPAGE SLICK
26 S1B_IW_GRDH_1SDV_20200907T001518_8b.tif;2;SP00446GXS1;SENTINEL-1;IW;IMG_26_WIN_002;IMG_26_WIN_002;800;600;800;600;1;1;800;600;0;0;0;0;0;2;1;1;3;3;3;19.51807815960139;-92.19303712666536;15Q;0.08489615045476474;2.3135622852666593;63.04844706310094;0.8406529378535595;5.017236002180103;2.7888239332922224;5.878750435710404;9.002139898597033;9.78422054168254;-19.443680329406046;-13.406935172794386;19.252809949935724;0.199312928386362;27.251674815330947;5.358311990439552;28.71150738688827;17;47;27.644736842105264;27.0;0.19382756367130222;14.644270790562588;214.4546669873246;23;255;47.85372340425532;46.0;0.30602155378489043;20.208986562150056;0.7978023516237401;DIFF;165025.0;DIFF;1.731024739992101;0.9917321727945841;0.0848961504548;2.31356228527;OIL SPILL
26 S1B_IW_GRDH_1SDV_20200907T001518_8b.tif;3;SP00447GXS1;SENTINEL-1;IW;IMG_26_WIN_002;IMG_26_WIN_002;800;600;800;600;1;1;800;600;0;0;0;0;0;2;1;1;3;3;3;19.50967726417526;-92.17526424975807;15Q;0.061286338587303674;2.843325901820129;131.91361028110214;1.1580418271619195;10.497351568667636;2.3057945821710657;4.749567434024563;8.004542084775506;8.236479028483972;16.36841140853504;10.659974834637419;-17.002184901760653;0.09526212335164497;46.39412252976659;4.8100123264709485;23.136218580802467;14;43;29.49700598802395;30.0;0.16306781537162982;12.710565334800673;161.55847113023654;19;102;49.34056761268781;48.0;0.2576088186616682;19.843561624663863;0.7813771455419711;DIFF;190126.5;DIFF;1.6727313827281496;0.9951065682531738;0.0612863385873;2.84332590182;OIL SPILL
26 S1B_IW_GRDH_1SDV_20200907T001518_8b.tif;4;SP00448GXS1;SENTINEL-1;IW;IMG_26_WIN_002;IMG_26_WIN_002;800;600;800;600;1;1;800;600;0;0;0;0;0;2;1;1;3;3;3;19.498513076213467;-92.178245847326;15Q;0.06728816587604566;2.205137860205968;72.26579769571093;1.0599381014156557;5.750729459875647;2.5657189157949563;5.250461512677074;8.392247399140933;8.134135931413645;16.40049694301066;10.760080142443156;17.316802651333262;0.17389098321826182;32.7715554659068;4.9614411050042015;24.61589783842531;15;42;28.873626373626372;29.0;0.17183297452155372;13.551267602247838;183.63685362773188;20;102;48.89305402425579;47.0;0.27716140610740064;20.019427650629417;0.7907181021844749;DIFF;155700.0;DIFF;1.6933464952263662;1.056914177741331;0.067288165876;2.2051378602;OIL SPILL
